data,familia,periodo,parametros,n,media,erro_padrao,PF,taxa_acerto,dd_max,n_activos_positivos,por_activo,nota
2026-10-10 09:53:15,cascata,IS,"{""W"": 8, ""alvo_R"": 2.0, ""atr_n"": 14, ""fonte"": ""subst"", ""lados"": ""ambos"", ""n_max"": 96, ""p"": 0.95, ""reconquista"": ""minima"", ""stop"": ""0.25 x atr15""}",2321,-0.16655,0.02795,0.7703,0.3537,398.864,1,"{""BNB"": -0.1726, ""BTC"": -0.3446, ""DOGE"": 0.035, ""ETH"": -0.2034, ""SOL"": -0.1331, ""XRP"": -0.1357}","regra literal da tarefa (stop 0,25 ATR15 abaixo da minima)"
2026-10-10 09:53:16,cascata,IS,"{""W"": 8, ""alvo_R"": 2.0, ""atr_n"": 14, ""fonte"": ""liq"", ""lados"": ""ambos"", ""n_max"": 96, ""p"": 0.95, ""reconquista"": ""minima"", ""stop"": ""0.25 x atr15""}",3351,-0.24228,0.02356,0.6909,0.3462,811.888,0,"{""BNB"": -0.1576, ""BTC"": -0.3177, ""ETH"": -0.2352}","regra literal da tarefa (stop 0,25 ATR15 abaixo da minima)"
2026-10-10 09:53:17,cascata,IS,"{""W"": 8, ""alvo_R"": 2.0, ""atr_n"": 14, ""fonte"": ""subst"", ""lados"": ""compra"", ""n_max"": 96, ""p"": 0.95, ""reconquista"": ""minima"", ""stop"": ""0.25 x atr15""}",1407,-0.13578,0.03536,0.8041,0.3639,202.262,1,"{""BNB"": -0.146, ""BTC"": -0.3162, ""DOGE"": 0.0266, ""ETH"": -0.2079, ""SOL"": -0.1046, ""XRP"": -0.0554}","regra literal da tarefa (stop 0,25 ATR15 abaixo da minima)"
2026-10-10 09:53:19,cascata,IS,"{""W"": 8, ""alvo_R"": 2.0, ""atr_n"": 14, ""fonte"": ""subst"", ""lados"": ""compra"", ""n_max"": 96, ""p"": 0.9, ""reconquista"": ""minima"", ""stop"": ""1 x atr1h""}",2363,-0.02489,0.02485,0.9551,0.4207,111.705,2,"{""BNB"": -0.0802, ""BTC"": -0.0888, ""DOGE"": 0.0865, ""ETH"": -0.0926, ""SOL"": -0.024, ""XRP"": 0.0813}",grelha declarada
2026-10-10 09:53:21,cascata,IS,"{""W"": 8, ""alvo_R"": 3.0, ""atr_n"": 14, ""fonte"": ""subst"", ""lados"": ""compra"", ""n_max"": 96, ""p"": 0.9, ""reconquista"": ""minima"", ""stop"": ""1 x atr1h""}",2275,-0.00204,0.0282,0.9964,0.4079,92.621,3,"{""BNB"": -0.0779, ""BTC"": -0.0556, ""DOGE"": 0.0636, ""ETH"": -0.063, ""SOL"": 0.0244, ""XRP"": 0.1212}",grelha declarada
2026-10-10 09:53:22,cascata,IS,"{""W"": 8, ""alvo_R"": 6.0, ""atr_n"": 14, ""fonte"": ""subst"", ""lados"": ""compra"", ""n_max"": 96, ""p"": 0.9, ""reconquista"": ""minima"", ""stop"": ""1 x atr1h""}",2190,0.01017,0.03153,1.0178,0.4018,99.723,3,"{""BNB"": -0.0854, ""BTC"": -0.0036, ""DOGE"": 0.1076, ""ETH"": -0.0763, ""SOL"": 0.0333, ""XRP"": 0.1169}",grelha declarada
2026-10-10 09:53:24,cascata,IS,"{""W"": 8, ""alvo_R"": 2.0, ""atr_n"": 14, ""fonte"": ""subst"", ""lados"": ""compra"", ""n_max"": 96, ""p"": 0.9, ""reconquista"": ""minima"", ""stop"": ""2 x atr1h""}",1960,0.03805,0.02228,1.0972,0.498,48.509,5,"{""BNB"": 0.0034, ""BTC"": 0.0138, ""DOGE"": 0.067, ""ETH"": -0.044, ""SOL"": 0.0822, ""XRP"": 0.1275}",grelha declarada
2026-10-10 09:53:25,cascata,IS,"{""W"": 8, ""alvo_R"": 3.0, ""atr_n"": 14, ""fonte"": ""subst"", ""lados"": ""compra"", ""n_max"": 96, ""p"": 0.9, ""reconquista"": ""minima"", ""stop"": ""2 x atr1h""}",1913,0.0434,0.02372,1.1097,0.4935,48.39,4,"{""BNB"": -0.0031, ""BTC"": 0.0355, ""DOGE"": 0.0635, ""ETH"": -0.0472, ""SOL"": 0.0861, ""XRP"": 0.1449}",grelha declarada
2026-10-10 09:53:27,cascata,IS,"{""W"": 8, ""alvo_R"": 6.0, ""atr_n"": 14, ""fonte"": ""subst"", ""lados"": ""compra"", ""n_max"": 96, ""p"": 0.9, ""reconquista"": ""minima"", ""stop"": ""2 x atr1h""}",1891,0.04756,0.02516,1.1201,0.4913,56.814,5,"{""BNB"": 0.008, ""BTC"": 0.0548, ""DOGE"": 0.0708, ""ETH"": -0.0433, ""SOL"": 0.087, ""XRP"": 0.1289}",grelha declarada
2026-10-10 09:53:29,cascata,IS,"{""W"": 8, ""alvo_R"": 2.0, ""atr_n"": 14, ""fonte"": ""subst"", ""lados"": ""compra"", ""n_max"": 96, ""p"": 0.9, ""reconquista"": ""fecho"", ""stop"": ""1 x atr1h""}",2128,0.00648,0.02543,1.0125,0.4403,61.656,3,"{""BNB"": -0.0315, ""BTC"": -0.0626, ""DOGE"": 0.12, ""ETH"": -0.0527, ""SOL"": 0.0138, ""XRP"": 0.0842}",grelha declarada
2026-10-10 09:53:30,cascata,IS,"{""W"": 8, ""alvo_R"": 3.0, ""atr_n"": 14, ""fonte"": ""subst"", ""lados"": ""compra"", ""n_max"": 96, ""p"": 0.9, ""reconquista"": ""fecho"", ""stop"": ""1 x atr1h""}",2047,0.02172,0.02845,1.0412,0.4289,58.001,3,"{""BNB"": -0.0529, ""BTC"": -0.0353, ""DOGE"": 0.1226, ""ETH"": -0.0492, ""SOL"": 0.0627, ""XRP"": 0.1143}",grelha declarada
2026-10-10 09:53:32,cascata,IS,"{""W"": 8, ""alvo_R"": 6.0, ""atr_n"": 14, ""fonte"": ""subst"", ""lados"": ""compra"", ""n_max"": 96, ""p"": 0.9, ""reconquista"": ""fecho"", ""stop"": ""1 x atr1h""}",1987,0.0332,0.0312,1.0627,0.4263,71.059,4,"{""BNB"": -0.0495, ""BTC"": 0.007, ""DOGE"": 0.1536, ""ETH"": -0.0412, ""SOL"": 0.0432, ""XRP"": 0.1209}",grelha declarada
2026-10-10 09:53:33,cascata,IS,"{""W"": 8, ""alvo_R"": 2.0, ""atr_n"": 14, ""fonte"": ""subst"", ""lados"": ""compra"", ""n_max"": 96, ""p"": 0.9, ""reconquista"": ""fecho"", ""stop"": ""2 x atr1h""}",1805,0.04503,0.02215,1.123,0.5114,41.167,5,"{""BNB"": 0.0103, ""BTC"": 0.0137, ""DOGE"": 0.0879, ""ETH"": -0.0205, ""SOL"": 0.1012, ""XRP"": 0.0984}",grelha declarada
2026-10-10 09:53:35,cascata,IS,"{""W"": 8, ""alvo_R"": 3.0, ""atr_n"": 14, ""fonte"": ""subst"", ""lados"": ""compra"", ""n_max"": 96, ""p"": 0.9, ""reconquista"": ""fecho"", ""stop"": ""2 x atr1h""}",1772,0.0532,0.02347,1.1445,0.5096,39.68,5,"{""BNB"": 0.0079, ""BTC"": 0.0355, ""DOGE"": 0.0997, ""ETH"": -0.0132, ""SOL"": 0.0884, ""XRP"": 0.1199}",grelha declarada
2026-10-10 09:53:36,cascata,IS,"{""W"": 8, ""alvo_R"": 6.0, ""atr_n"": 14, ""fonte"": ""subst"", ""lados"": ""compra"", ""n_max"": 96, ""p"": 0.9, ""reconquista"": ""fecho"", ""stop"": ""2 x atr1h""}",1753,0.05654,0.02467,1.1537,0.5077,48.256,5,"{""BNB"": 0.0127, ""BTC"": 0.049, ""DOGE"": 0.1077, ""ETH"": -0.0054, ""SOL"": 0.0922, ""XRP"": 0.1019}",grelha declarada
2026-10-10 09:53:38,cascata,IS,"{""W"": 8, ""alvo_R"": 2.0, ""atr_n"": 14, ""fonte"": ""subst"", ""lados"": ""compra"", ""n_max"": 96, ""p"": 0.95, ""reconquista"": ""minima"", ""stop"": ""1 x atr1h""}",1240,0.01069,0.03371,1.0206,0.4395,56.705,2,"{""BNB"": -0.0112, ""BTC"": -0.084, ""DOGE"": 0.25, ""ETH"": -0.0786, ""SOL"": -0.0484, ""XRP"": 0.0748}",grelha declarada
2026-10-10 09:53:40,cascata,IS,"{""W"": 8, ""alvo_R"": 3.0, ""atr_n"": 14, ""fonte"": ""subst"", ""lados"": ""compra"", ""n_max"": 96, ""p"": 0.95, ""reconquista"": ""minima"", ""stop"": ""1 x atr1h""}",1205,0.03108,0.03783,1.0587,0.4282,52.93,3,"{""BNB"": 0.0065, ""BTC"": -0.019, ""DOGE"": 0.2257, ""ETH"": -0.0456, ""SOL"": -0.0406, ""XRP"": 0.0915}",grelha declarada
2026-10-10 09:53:41,cascata,IS,"{""W"": 8, ""alvo_R"": 6.0, ""atr_n"": 14, ""fonte"": ""subst"", ""lados"": ""compra"", ""n_max"": 96, ""p"": 0.95, ""reconquista"": ""minima"", ""stop"": ""1 x atr1h""}",1188,0.05169,0.04229,1.0963,0.4209,51.479,4,"{""BNB"": -0.0244, ""BTC"": 0.0372, ""DOGE"": 0.2843, ""ETH"": -0.0645, ""SOL"": 0.0009, ""XRP"": 0.1213}",grelha declarada
2026-10-10 09:53:43,cascata,IS,"{""W"": 8, ""alvo_R"": 2.0, ""atr_n"": 14, ""fonte"": ""subst"", ""lados"": ""compra"", ""n_max"": 96, ""p"": 0.95, ""reconquista"": ""minima"", ""stop"": ""2 x atr1h""}",1097,0.03499,0.0286,1.0938,0.4995,34.129,4,"{""BNB"": 0.0173, ""BTC"": -0.0076, ""DOGE"": 0.1557, ""ETH"": -0.0473, ""SOL"": 0.0261, ""XRP"": 0.095}",grelha declarada
2026-10-10 09:53:45,cascata,IS,"{""W"": 8, ""alvo_R"": 3.0, ""atr_n"": 14, ""fonte"": ""subst"", ""lados"": ""compra"", ""n_max"": 96, ""p"": 0.95, ""reconquista"": ""minima"", ""stop"": ""2 x atr1h""}",1089,0.04493,0.0301,1.1194,0.4968,36.121,4,"{""BNB"": 0.0038, ""BTC"": -0.0056, ""DOGE"": 0.1776, ""ETH"": -0.0453, ""SOL"": 0.0446, ""XRP"": 0.1265}",grelha declarada
2026-10-10 09:53:47,cascata,IS,"{""W"": 8, ""alvo_R"": 6.0, ""atr_n"": 14, ""fonte"": ""subst"", ""lados"": ""compra"", ""n_max"": 96, ""p"": 0.95, ""reconquista"": ""minima"", ""stop"": ""2 x atr1h""}",1083,0.05158,0.03153,1.1375,0.4977,36.862,5,"{""BNB"": 0.0343, ""BTC"": 0.0128, ""DOGE"": 0.1862, ""ETH"": -0.0392, ""SOL"": 0.0269, ""XRP"": 0.1236}",grelha declarada
2026-10-10 09:53:48,cascata,IS,"{""W"": 8, ""alvo_R"": 2.0, ""atr_n"": 14, ""fonte"": ""subst"", ""lados"": ""compra"", ""n_max"": 96, ""p"": 0.95, ""reconquista"": ""fecho"", ""stop"": ""1 x atr1h""}",1112,0.0196,0.03449,1.0397,0.4469,38.921,3,"{""BNB"": 0.0455, ""BTC"": -0.0468, ""DOGE"": 0.2803, ""ETH"": -0.0882, ""SOL"": -0.0702, ""XRP"": 0.0469}",grelha declarada
2026-10-10 09:53:50,cascata,IS,"{""W"": 8, ""alvo_R"": 3.0, ""atr_n"": 14, ""fonte"": ""subst"", ""lados"": ""compra"", ""n_max"": 96, ""p"": 0.95, ""reconquista"": ""fecho"", ""stop"": ""1 x atr1h""}",1086,0.02034,0.03742,1.0405,0.4365,38.625,4,"{""BNB"": 0.0308, ""BTC"": 0.0055, ""DOGE"": 0.277, ""ETH"": -0.0807, ""SOL"": -0.0723, ""XRP"": 0.0142}",grelha declarada
2026-10-10 09:53:51,cascata,IS,"{""W"": 8, ""alvo_R"": 6.0, ""atr_n"": 14, ""fonte"": ""subst"", ""lados"": ""compra"", ""n_max"": 96, ""p"": 0.95, ""reconquista"": ""fecho"", ""stop"": ""1 x atr1h""}",1072,0.0341,0.04063,1.0677,0.4347,45.864,3,"{""BNB"": -0.0013, ""BTC"": 0.0533, ""DOGE"": 0.2985, ""ETH"": -0.0937, ""SOL"": -0.0785, ""XRP"": 0.0817}",grelha declarada
2026-10-10 09:53:53,cascata,IS,"{""W"": 8, ""alvo_R"": 2.0, ""atr_n"": 14, ""fonte"": ""subst"", ""lados"": ""compra"", ""n_max"": 96, ""p"": 0.95, ""reconquista"": ""fecho"", ""stop"": ""2 x atr1h""}",1003,0.02753,0.02815,1.0781,0.5035,37.851,4,"{""BNB"": 0.0671, ""BTC"": -0.0017, ""DOGE"": 0.181, ""ETH"": -0.0742, ""SOL"": 0.001, ""XRP"": 0.0345}",grelha declarada
2026-10-10 09:53:55,cascata,IS,"{""W"": 8, ""alvo_R"": 3.0, ""atr_n"": 14, ""fonte"": ""subst"", ""lados"": ""compra"", ""n_max"": 96, ""p"": 0.95, ""reconquista"": ""fecho"", ""stop"": ""2 x atr1h""}",999,0.04074,0.02959,1.1153,0.5035,39.234,5,"{""BNB"": 0.0429, ""BTC"": 0.0042, ""DOGE"": 0.2119, ""ETH"": -0.0672, ""SOL"": 0.0124, ""XRP"": 0.0838}",grelha declarada
2026-10-10 09:53:56,cascata,IS,"{""W"": 8, ""alvo_R"": 6.0, ""atr_n"": 14, ""fonte"": ""subst"", ""lados"": ""compra"", ""n_max"": 96, ""p"": 0.95, ""reconquista"": ""fecho"", ""stop"": ""2 x atr1h""}",991,0.04745,0.03111,1.1348,0.5045,39.16,5,"{""BNB"": 0.0608, ""BTC"": 0.0253, ""DOGE"": 0.2184, ""ETH"": -0.0694, ""SOL"": 0.0001, ""XRP"": 0.097}",grelha declarada
2026-10-10 09:53:57,cascata,IS,"{""W"": 8, ""alvo_R"": 2.0, ""atr_n"": 14, ""fonte"": ""subst"", ""lados"": ""compra"", ""n_max"": 96, ""p"": 0.98, ""reconquista"": ""minima"", ""stop"": ""1 x atr1h""}",504,0.02325,0.05044,1.0485,0.4643,37.144,3,"{""BNB"": 0.0764, ""BTC"": -0.0693, ""DOGE"": 0.1733, ""ETH"": -0.0993, ""SOL"": -0.0147, ""XRP"": 0.1076}",grelha declarada
2026-10-10 09:53:59,cascata,IS,"{""W"": 8, ""alvo_R"": 3.0, ""atr_n"": 14, ""fonte"": ""subst"", ""lados"": ""compra"", ""n_max"": 96, ""p"": 0.98, ""reconquista"": ""minima"", ""stop"": ""1 x atr1h""}",492,0.04782,0.05601,1.099,0.4593,34.868,4,"{""BNB"": 0.0727, ""BTC"": -0.0601, ""DOGE"": 0.208, ""ETH"": -0.0787, ""SOL"": 0.0526, ""XRP"": 0.143}",grelha declarada
2026-10-10 09:54:00,cascata,IS,"{""W"": 8, ""alvo_R"": 6.0, ""atr_n"": 14, ""fonte"": ""subst"", ""lados"": ""compra"", ""n_max"": 96, ""p"": 0.98, ""reconquista"": ""minima"", ""stop"": ""1 x atr1h""}",485,0.07619,0.06272,1.1571,0.4577,29.229,5,"{""BNB"": 0.0862, ""BTC"": 0.0104, ""DOGE"": 0.2396, ""ETH"": -0.0648, ""SOL"": 0.0442, ""XRP"": 0.188}",grelha declarada
2026-10-10 09:54:02,cascata,IS,"{""W"": 8, ""alvo_R"": 2.0, ""atr_n"": 14, ""fonte"": ""subst"", ""lados"": ""compra"", ""n_max"": 96, ""p"": 0.98, ""reconquista"": ""minima"", ""stop"": ""2 x atr1h""}",464,0.05014,0.04239,1.1443,0.5259,28.082,4,"{""BNB"": 0.1202, ""BTC"": -0.0206, ""DOGE"": 0.1095, ""ETH"": -0.067, ""SOL"": 0.0916, ""XRP"": 0.1102}",grelha declarada
2026-10-10 09:54:04,cascata,IS,"{""W"": 8, ""alvo_R"": 3.0, ""atr_n"": 14, ""fonte"": ""subst"", ""lados"": ""compra"", ""n_max"": 96, ""p"": 0.98, ""reconquista"": ""minima"", ""stop"": ""2 x atr1h""}",461,0.06023,0.04409,1.1744,0.5271,26.381,5,"{""BNB"": 0.1181, ""BTC"": 0.0108, ""DOGE"": 0.1194, ""ETH"": -0.0672, ""SOL"": 0.0771, ""XRP"": 0.1407}",grelha declarada
2026-10-10 09:54:05,cascata,IS,"{""W"": 8, ""alvo_R"": 6.0, ""atr_n"": 14, ""fonte"": ""subst"", ""lados"": ""compra"", ""n_max"": 96, ""p"": 0.98, ""reconquista"": ""minima"", ""stop"": ""2 x atr1h""}",460,0.06217,0.04648,1.1782,0.5239,26.341,5,"{""BNB"": 0.1571, ""BTC"": 0.0086, ""DOGE"": 0.1026, ""ETH"": -0.0718, ""SOL"": 0.0771, ""XRP"": 0.1365}",grelha declarada
2026-10-10 09:54:07,cascata,IS,"{""W"": 8, ""alvo_R"": 2.0, ""atr_n"": 14, ""fonte"": ""subst"", ""lados"": ""compra"", ""n_max"": 96, ""p"": 0.98, ""reconquista"": ""fecho"", ""stop"": ""1 x atr1h""}",455,0.04084,0.05124,1.0908,0.4725,24.706,4,"{""BNB"": 0.0867, ""BTC"": 0.0196, ""DOGE"": 0.2068, ""ETH"": -0.1573, ""SOL"": -0.02, ""XRP"": 0.1421}",grelha declarada
2026-10-10 09:54:08,cascata,IS,"{""W"": 8, ""alvo_R"": 3.0, ""atr_n"": 14, ""fonte"": ""subst"", ""lados"": ""compra"", ""n_max"": 96, ""p"": 0.98, ""reconquista"": ""fecho"", ""stop"": ""1 x atr1h""}",443,0.03832,0.05508,1.0842,0.465,25.801,5,"{""BNB"": 0.0677, ""BTC"": 0.0052, ""DOGE"": 0.2508, ""ETH"": -0.18, ""SOL"": 0.0078, ""XRP"": 0.1407}",grelha declarada
2026-10-10 09:54:10,cascata,IS,"{""W"": 8, ""alvo_R"": 6.0, ""atr_n"": 14, ""fonte"": ""subst"", ""lados"": ""compra"", ""n_max"": 96, ""p"": 0.98, ""reconquista"": ""fecho"", ""stop"": ""1 x atr1h""}",438,0.04127,0.05861,1.0903,0.4635,24.412,3,"{""BNB"": 0.0936, ""BTC"": -0.0064, ""DOGE"": 0.2338, ""ETH"": -0.1636, ""SOL"": -0.0195, ""XRP"": 0.1594}",grelha declarada
2026-10-10 09:54:11,cascata,IS,"{""W"": 8, ""alvo_R"": 2.0, ""atr_n"": 14, ""fonte"": ""subst"", ""lados"": ""compra"", ""n_max"": 96, ""p"": 0.98, ""reconquista"": ""fecho"", ""stop"": ""2 x atr1h""}",420,0.04395,0.0416,1.1361,0.531,22.992,4,"{""BNB"": 0.1131, ""BTC"": -0.0413, ""DOGE"": 0.1865, ""ETH"": -0.1271, ""SOL"": 0.0631, ""XRP"": 0.1263}",grelha declarada
2026-10-10 09:54:13,cascata,IS,"{""W"": 8, ""alvo_R"": 3.0, ""atr_n"": 14, ""fonte"": ""subst"", ""lados"": ""compra"", ""n_max"": 96, ""p"": 0.98, ""reconquista"": ""fecho"", ""stop"": ""2 x atr1h""}",418,0.0489,0.04293,1.1518,0.5311,22.366,4,"{""BNB"": 0.1109, ""BTC"": -0.0414, ""DOGE"": 0.1719, ""ETH"": -0.1144, ""SOL"": 0.0631, ""XRP"": 0.1548}",grelha declarada
2026-10-10 09:54:15,cascata,IS,"{""W"": 8, ""alvo_R"": 6.0, ""atr_n"": 14, ""fonte"": ""subst"", ""lados"": ""compra"", ""n_max"": 96, ""p"": 0.98, ""reconquista"": ""fecho"", ""stop"": ""2 x atr1h""}",417,0.05218,0.0458,1.1602,0.5276,22.366,4,"{""BNB"": 0.1525, ""BTC"": -0.0414, ""DOGE"": 0.1653, ""ETH"": -0.1195, ""SOL"": 0.0631, ""XRP"": 0.1456}",grelha declarada
2026-10-10 09:54:19,cascata,OOS,"{""W"": 8, ""alvo_R"": 3.0, ""atr_n"": 14, ""fonte"": ""subst"", ""lados"": ""compra"", ""n_max"": 96, ""p"": 0.95, ""reconquista"": ""minima"", ""stop"": ""2 x atr1h""}",533,-0.11158,0.04291,0.7613,0.4109,92.246,1,"{""BNB"": -0.1649, ""BTC"": 0.0853, ""DOGE"": -0.1572, ""ETH"": -0.2078, ""SOL"": -0.1445, ""XRP"": -0.0613}","ESCOLHIDA: avaliação OOS única, 6 activos"
2026-10-10 09:54:25,cascata,2020-2022,"{""W"": 8, ""alvo_R"": 3.0, ""atr_n"": 14, ""fonte"": ""subst"", ""lados"": ""compra"", ""n_max"": 96, ""p"": 0.95, ""reconquista"": ""minima"", ""stop"": ""2 x atr1h""}",877,0.02959,0.03656,1.0707,0.4755,44.036,3,"{""BNB"": 0.1747, ""BTC"": -0.0658, ""DOGE"": 0.1968, ""ETH"": -0.1003, ""SOL"": 0.1215, ""XRP"": -0.0184}","robustez: regra escolhida, 6 activos, 2020-09 a 2022-12"
2026-10-10 09:54:29,cascata,IS,"{""W"": 8, ""activos"": 18, ""alvo_R"": 3.0, ""atr_n"": 14, ""fonte"": ""subst"", ""lados"": ""compra"", ""n_max"": 96, ""p"": 0.95, ""reconquista"": ""minima"", ""stop"": ""2 x atr1h""}",2878,0.05152,0.01827,1.1406,0.5087,87.87,16,"{""ADA"": 0.0094, ""APT"": 0.0664, ""ARB"": 0.016, ""AVAX"": 0.1047, ""BCH"": 0.0811, ""BNB"": 0.0038, ""BTC"": -0.0056, ""DOGE"": 0.1776, ""DOT"": 0.0429, ""ETH"": -0.0453, ""LINK"": 0.0557, ""LTC"": 0.0165, ""NEAR"": 0.0871, ""OP"": 0.0754, ""SOL"": 0.0446, ""SUI"": 0.0959, ""TRX"": 0.0455, ""XRP"": 0.1265}",robustez: regra escolhida nos 18 activos
2026-10-10 09:54:33,cascata,OOS,"{""W"": 8, ""activos"": 18, ""alvo_R"": 3.0, ""atr_n"": 14, ""fonte"": ""subst"", ""lados"": ""compra"", ""n_max"": 96, ""p"": 0.95, ""reconquista"": ""minima"", ""stop"": ""2 x atr1h""}",1503,-0.10916,0.02451,0.7558,0.4085,239.641,2,"{""ADA"": -0.174, ""APT"": -0.0057, ""ARB"": -0.0517, ""AVAX"": -0.2016, ""BCH"": -0.1643, ""BNB"": -0.1649, ""BTC"": 0.0853, ""DOGE"": -0.1572, ""DOT"": -0.0676, ""ETH"": -0.2078, ""LINK"": -0.1477, ""LTC"": -0.0309, ""NEAR"": -0.1002, ""OP"": -0.1737, ""SOL"": -0.1445, ""SUI"": 0.0153, ""TRX"": -0.2041, ""XRP"": -0.0613}","robustez: regra escolhida nos 18 activos (avaliação única, declarada antes)"
