data,familia,periodo,parametros,n,media,erro_padrao,PF,taxa_acerto,dd_max,n_activos_positivos,por_activo,nota
2026-10-10 10:19:27,transversal,IS,"{""filtro"": 0, ""h"": 24, ""n_max"": 192, ""stop_sigma"": 1.5, ""z"": 2.0}",564,-0.12221,0.04128,0.7434,0.4344,90.671,1,"{""BNB"": -0.1379, ""DOGE"": -0.1555, ""ETH"": 0.0436, ""SOL"": -0.2472, ""XRP"": -0.1016}",natural IS 5 alts (regra fixada a priori)
2026-10-10 10:19:28,transversal,IS,"{""filtro"": 0, ""h"": 24, ""n_max"": 192, ""perna_btc"": 1, ""stop_sigma"": 1.5, ""z"": 2.0}",564,-0.13984,0.03243,0.6354,0.4007,82.323,0,"{""BNB"": -0.1666, ""DOGE"": -0.11, ""ETH"": -0.1158, ""SOL"": -0.2252, ""XRP"": -0.0668}",naturalBTC IS 5 alts com perna no BTC (variante)
2026-10-10 10:19:28,transversal,IS,"{""filtro"": 0, ""h"": 4, ""n_max"": 96, ""stop_sigma"": 1.0, ""z"": 2.0}",1530,-0.08672,0.02675,0.8158,0.4359,166.447,0,"{""BNB"": -0.0961, ""DOGE"": -0.0181, ""ETH"": -0.083, ""SOL"": -0.1769, ""XRP"": -0.053}",grelha IS 5 alts
2026-10-10 10:19:29,transversal,IS,"{""filtro"": 0, ""h"": 4, ""n_max"": 192, ""stop_sigma"": 1.0, ""z"": 2.0}",1307,-0.11719,0.03537,0.797,0.3902,184.216,0,"{""BNB"": -0.1881, ""DOGE"": -0.0195, ""ETH"": -0.0874, ""SOL"": -0.2065, ""XRP"": -0.0759}",grelha IS 5 alts
2026-10-10 10:19:30,transversal,IS,"{""filtro"": 0, ""h"": 4, ""n_max"": 288, ""stop_sigma"": 1.0, ""z"": 2.0}",1169,-0.0874,0.04297,0.86,0.361,132.492,1,"{""BNB"": -0.1264, ""DOGE"": -0.0183, ""ETH"": 0.0232, ""SOL"": -0.1718, ""XRP"": -0.1378}",grelha IS 5 alts
2026-10-10 10:19:31,transversal,IS,"{""filtro"": 0, ""h"": 4, ""n_max"": 96, ""stop_sigma"": 1.5, ""z"": 2.0}",1354,-0.05727,0.02126,0.8272,0.4742,100.356,1,"{""BNB"": -0.0883, ""DOGE"": 0.0098, ""ETH"": -0.0559, ""SOL"": -0.0888, ""XRP"": -0.0562}",grelha IS 5 alts
2026-10-10 10:19:32,transversal,IS,"{""filtro"": 0, ""h"": 4, ""n_max"": 192, ""stop_sigma"": 1.5, ""z"": 2.0}",1112,-0.0882,0.02908,0.796,0.464,118.831,0,"{""BNB"": -0.1676, ""DOGE"": -0.0576, ""ETH"": -0.0389, ""SOL"": -0.0778, ""XRP"": -0.0985}",grelha IS 5 alts
2026-10-10 10:19:32,transversal,IS,"{""filtro"": 0, ""h"": 4, ""n_max"": 288, ""stop_sigma"": 1.5, ""z"": 2.0}",985,-0.0753,0.03593,0.8461,0.4335,106.514,1,"{""BNB"": -0.1075, ""DOGE"": -0.0095, ""ETH"": 0.0009, ""SOL"": -0.104, ""XRP"": -0.1495}",grelha IS 5 alts
2026-10-10 10:19:33,transversal,IS,"{""filtro"": 1, ""h"": 4, ""n_max"": 96, ""stop_sigma"": 1.0, ""z"": 2.0}",1048,-0.08187,0.03105,0.8239,0.4523,113.46,0,"{""DOGE"": -0.0378, ""ETH"": -0.0667, ""SOL"": -0.1839, ""XRP"": -0.0325}",grelha IS 5 alts (sem BNB: filtro de funding)
2026-10-10 10:19:34,transversal,IS,"{""filtro"": 1, ""h"": 4, ""n_max"": 192, ""stop_sigma"": 1.0, ""z"": 2.0}",911,-0.096,0.03983,0.8296,0.4061,127.88,0,"{""DOGE"": -0.0561, ""ETH"": -0.0368, ""SOL"": -0.244, ""XRP"": -0.0429}",grelha IS 5 alts (sem BNB: filtro de funding)
2026-10-10 10:19:35,transversal,IS,"{""filtro"": 1, ""h"": 4, ""n_max"": 288, ""stop_sigma"": 1.0, ""z"": 2.0}",824,-0.07058,0.04913,0.8854,0.3738,96.627,1,"{""DOGE"": -0.0421, ""ETH"": 0.0622, ""SOL"": -0.2132, ""XRP"": -0.0879}",grelha IS 5 alts (sem BNB: filtro de funding)
2026-10-10 10:19:35,transversal,IS,"{""filtro"": 1, ""h"": 4, ""n_max"": 96, ""stop_sigma"": 1.5, ""z"": 2.0}",931,-0.05767,0.02468,0.8242,0.4876,69.85,0,"{""DOGE"": -0.0355, ""ETH"": -0.043, ""SOL"": -0.0954, ""XRP"": -0.0551}",grelha IS 5 alts (sem BNB: filtro de funding)
2026-10-10 10:19:36,transversal,IS,"{""filtro"": 1, ""h"": 4, ""n_max"": 192, ""stop_sigma"": 1.5, ""z"": 2.0}",785,-0.07869,0.03246,0.8138,0.4739,82.71,0,"{""DOGE"": -0.1046, ""ETH"": -0.0247, ""SOL"": -0.0958, ""XRP"": -0.0938}",grelha IS 5 alts (sem BNB: filtro de funding)
2026-10-10 10:19:37,transversal,IS,"{""filtro"": 1, ""h"": 4, ""n_max"": 288, ""stop_sigma"": 1.5, ""z"": 2.0}",695,-0.04651,0.04172,0.9025,0.4489,63.999,1,"{""DOGE"": -0.0306, ""ETH"": 0.0708, ""SOL"": -0.1189, ""XRP"": -0.1088}",grelha IS 5 alts (sem BNB: filtro de funding)
2026-10-10 10:19:38,transversal,IS,"{""filtro"": 0, ""h"": 4, ""n_max"": 96, ""stop_sigma"": 1.0, ""z"": 3.0}",664,-0.08538,0.04335,0.8331,0.4292,88.657,0,"{""BNB"": -0.0819, ""DOGE"": -0.0021, ""ETH"": -0.1079, ""SOL"": -0.1842, ""XRP"": -0.0618}",grelha IS 5 alts
2026-10-10 10:19:39,transversal,IS,"{""filtro"": 0, ""h"": 4, ""n_max"": 192, ""stop_sigma"": 1.0, ""z"": 3.0}",626,-0.10637,0.05257,0.8198,0.3898,88.078,0,"{""BNB"": -0.2035, ""DOGE"": -0.0056, ""ETH"": -0.0599, ""SOL"": -0.2375, ""XRP"": -0.0438}",grelha IS 5 alts
2026-10-10 10:19:39,transversal,IS,"{""filtro"": 0, ""h"": 4, ""n_max"": 288, ""stop_sigma"": 1.0, ""z"": 3.0}",590,-0.11311,0.06351,0.8245,0.3441,85.27,1,"{""BNB"": -0.216, ""DOGE"": 0.0151, ""ETH"": -0.0318, ""SOL"": -0.2584, ""XRP"": -0.093}",grelha IS 5 alts
2026-10-10 10:19:40,transversal,IS,"{""filtro"": 0, ""h"": 4, ""n_max"": 96, ""stop_sigma"": 1.5, ""z"": 3.0}",599,-0.05493,0.0346,0.8519,0.4808,59.787,1,"{""BNB"": -0.0159, ""DOGE"": 0.0491, ""ETH"": -0.1097, ""SOL"": -0.1433, ""XRP"": -0.0637}",grelha IS 5 alts
2026-10-10 10:19:41,transversal,IS,"{""filtro"": 0, ""h"": 4, ""n_max"": 192, ""stop_sigma"": 1.5, ""z"": 3.0}",554,-0.07502,0.04321,0.8349,0.4621,59.827,1,"{""BNB"": -0.1017, ""DOGE"": 0.0177, ""ETH"": -0.0959, ""SOL"": -0.1796, ""XRP"": -0.0289}",grelha IS 5 alts
2026-10-10 10:19:42,transversal,IS,"{""filtro"": 0, ""h"": 4, ""n_max"": 288, ""stop_sigma"": 1.5, ""z"": 3.0}",516,-0.07742,0.05286,0.8492,0.4225,55.268,1,"{""BNB"": -0.087, ""DOGE"": 0.0358, ""ETH"": -0.118, ""SOL"": -0.1694, ""XRP"": -0.0606}",grelha IS 5 alts
2026-10-10 10:19:43,transversal,IS,"{""filtro"": 1, ""h"": 4, ""n_max"": 96, ""stop_sigma"": 1.0, ""z"": 3.0}",447,-0.0488,0.05409,0.9023,0.4385,46.65,1,"{""DOGE"": 0.0703, ""ETH"": -0.0312, ""SOL"": -0.2035, ""XRP"": -0.0484}",grelha IS 5 alts (sem BNB: filtro de funding)
2026-10-10 10:19:44,transversal,IS,"{""filtro"": 1, ""h"": 4, ""n_max"": 192, ""stop_sigma"": 1.0, ""z"": 3.0}",428,-0.04405,0.06523,0.9231,0.4136,43.0,1,"{""DOGE"": -0.0024, ""ETH"": 0.0429, ""SOL"": -0.1616, ""XRP"": -0.0637}",grelha IS 5 alts (sem BNB: filtro de funding)
2026-10-10 10:19:45,transversal,IS,"{""filtro"": 1, ""h"": 4, ""n_max"": 288, ""stop_sigma"": 1.0, ""z"": 3.0}",401,-0.03423,0.07657,0.9446,0.3691,42.073,2,"{""DOGE"": 0.0187, ""ETH"": 0.1265, ""SOL"": -0.1783, ""XRP"": -0.1186}",grelha IS 5 alts (sem BNB: filtro de funding)
2026-10-10 10:19:45,transversal,IS,"{""filtro"": 1, ""h"": 4, ""n_max"": 96, ""stop_sigma"": 1.5, ""z"": 3.0}",406,-0.02568,0.04362,0.9294,0.4877,32.105,1,"{""DOGE"": 0.1013, ""ETH"": -0.0397, ""SOL"": -0.1302, ""XRP"": -0.0504}",grelha IS 5 alts (sem BNB: filtro de funding)
2026-10-10 10:19:46,transversal,IS,"{""filtro"": 1, ""h"": 4, ""n_max"": 192, ""stop_sigma"": 1.5, ""z"": 3.0}",384,-0.02543,0.05383,0.9429,0.4818,26.55,2,"{""DOGE"": 0.0341, ""ETH"": 0.0061, ""SOL"": -0.0851, ""XRP"": -0.0657}",grelha IS 5 alts (sem BNB: filtro de funding)
2026-10-10 10:19:47,transversal,IS,"{""filtro"": 1, ""h"": 4, ""n_max"": 288, ""stop_sigma"": 1.5, ""z"": 3.0}",358,-0.03056,0.06297,0.9381,0.4358,29.4,2,"{""DOGE"": 0.0379, ""ETH"": 0.0348, ""SOL"": -0.0875, ""XRP"": -0.118}",grelha IS 5 alts (sem BNB: filtro de funding)
2026-10-10 10:19:48,transversal,IS,"{""filtro"": 0, ""h"": 24, ""n_max"": 96, ""stop_sigma"": 1.0, ""z"": 2.0}",748,-0.10492,0.03999,0.7988,0.4158,110.315,0,"{""BNB"": -0.0706, ""DOGE"": -0.0469, ""ETH"": -0.079, ""SOL"": -0.27, ""XRP"": -0.0389}",grelha IS 5 alts
2026-10-10 10:19:49,transversal,IS,"{""filtro"": 0, ""h"": 24, ""n_max"": 192, ""stop_sigma"": 1.0, ""z"": 2.0}",677,-0.15268,0.04978,0.7552,0.3604,128.742,0,"{""BNB"": -0.1505, ""DOGE"": -0.1516, ""ETH"": -0.0227, ""SOL"": -0.3049, ""XRP"": -0.1104}",grelha IS 5 alts
2026-10-10 10:19:49,transversal,IS,"{""filtro"": 0, ""h"": 24, ""n_max"": 288, ""stop_sigma"": 1.0, ""z"": 2.0}",644,-0.15941,0.05396,0.7601,0.3385,139.324,1,"{""BNB"": -0.1405, ""DOGE"": -0.2245, ""ETH"": 0.0916, ""SOL"": -0.3123, ""XRP"": -0.192}",grelha IS 5 alts
2026-10-10 10:19:50,transversal,IS,"{""filtro"": 0, ""h"": 24, ""n_max"": 96, ""stop_sigma"": 1.5, ""z"": 2.0}",633,-0.07476,0.0319,0.7976,0.4676,73.105,0,"{""BNB"": -0.0534, ""DOGE"": -0.0231, ""ETH"": -0.0372, ""SOL"": -0.211, ""XRP"": -0.037}",grelha IS 5 alts
2026-10-10 10:19:51,transversal,IS,"{""filtro"": 0, ""h"": 24, ""n_max"": 192, ""stop_sigma"": 1.5, ""z"": 2.0}",564,-0.12221,0.04128,0.7434,0.4344,90.671,1,"{""BNB"": -0.1379, ""DOGE"": -0.1555, ""ETH"": 0.0436, ""SOL"": -0.2472, ""XRP"": -0.1016}",grelha IS 5 alts
2026-10-10 10:19:52,transversal,IS,"{""filtro"": 0, ""h"": 24, ""n_max"": 288, ""stop_sigma"": 1.5, ""z"": 2.0}",534,-0.1454,0.04617,0.7293,0.4157,98.01,1,"{""BNB"": -0.0963, ""DOGE"": -0.2244, ""ETH"": 0.0636, ""SOL"": -0.2958, ""XRP"": -0.1627}",grelha IS 5 alts
2026-10-10 10:19:52,transversal,IS,"{""filtro"": 1, ""h"": 24, ""n_max"": 96, ""stop_sigma"": 1.0, ""z"": 2.0}",519,-0.06119,0.05023,0.8815,0.4297,56.055,1,"{""DOGE"": 0.0068, ""ETH"": -0.01, ""SOL"": -0.2219, ""XRP"": -0.007}",grelha IS 5 alts (sem BNB: filtro de funding)
2026-10-10 10:19:53,transversal,IS,"{""filtro"": 1, ""h"": 24, ""n_max"": 192, ""stop_sigma"": 1.0, ""z"": 2.0}",479,-0.103,0.06066,0.8313,0.3758,65.705,1,"{""DOGE"": -0.1258, ""ETH"": 0.1079, ""SOL"": -0.2869, ""XRP"": -0.0892}",grelha IS 5 alts (sem BNB: filtro de funding)
2026-10-10 10:19:54,transversal,IS,"{""filtro"": 1, ""h"": 24, ""n_max"": 288, ""stop_sigma"": 1.0, ""z"": 2.0}",460,-0.10412,0.06499,0.8381,0.3609,81.561,1,"{""DOGE"": -0.1725, ""ETH"": 0.2145, ""SOL"": -0.2899, ""XRP"": -0.1516}",grelha IS 5 alts (sem BNB: filtro de funding)
2026-10-10 10:19:54,transversal,IS,"{""filtro"": 1, ""h"": 24, ""n_max"": 96, ""stop_sigma"": 1.5, ""z"": 2.0}",443,-0.04636,0.03958,0.8735,0.4763,41.223,2,"{""DOGE"": 0.0248, ""ETH"": 0.0055, ""SOL"": -0.1951, ""XRP"": -0.0068}",grelha IS 5 alts (sem BNB: filtro de funding)
2026-10-10 10:19:55,transversal,IS,"{""filtro"": 1, ""h"": 24, ""n_max"": 192, ""stop_sigma"": 1.5, ""z"": 2.0}",407,-0.08994,0.04899,0.8056,0.4447,48.066,1,"{""DOGE"": -0.1421, ""ETH"": 0.1058, ""SOL"": -0.2511, ""XRP"": -0.065}",grelha IS 5 alts (sem BNB: filtro de funding)
2026-10-10 10:19:56,transversal,IS,"{""filtro"": 1, ""h"": 24, ""n_max"": 288, ""stop_sigma"": 1.5, ""z"": 2.0}",390,-0.11654,0.05402,0.7753,0.4282,63.057,1,"{""DOGE"": -0.1934, ""ETH"": 0.1419, ""SOL"": -0.2967, ""XRP"": -0.1068}",grelha IS 5 alts (sem BNB: filtro de funding)
2026-10-10 10:19:57,transversal,IS,"{""filtro"": 0, ""h"": 24, ""n_max"": 96, ""stop_sigma"": 1.0, ""z"": 3.0}",206,0.06353,0.08684,1.1276,0.4612,19.725,4,"{""BNB"": 0.0783, ""DOGE"": 0.3436, ""ETH"": 0.0321, ""SOL"": -0.1785, ""XRP"": 0.1246}",grelha IS 5 alts
2026-10-10 10:19:58,transversal,IS,"{""filtro"": 0, ""h"": 24, ""n_max"": 192, ""stop_sigma"": 1.0, ""z"": 3.0}",203,-0.04602,0.0961,0.9242,0.3892,32.789,2,"{""BNB"": 0.0231, ""DOGE"": 0.0905, ""ETH"": -0.0461, ""SOL"": -0.1869, ""XRP"": -0.0569}",grelha IS 5 alts
2026-10-10 10:19:59,transversal,IS,"{""filtro"": 0, ""h"": 24, ""n_max"": 288, ""stop_sigma"": 1.0, ""z"": 3.0}",201,-0.05767,0.09952,0.9083,0.3781,37.136,2,"{""BNB"": 0.0844, ""DOGE"": 0.1648, ""ETH"": -0.0989, ""SOL"": -0.2624, ""XRP"": -0.0936}",grelha IS 5 alts
2026-10-10 10:19:59,transversal,IS,"{""filtro"": 0, ""h"": 24, ""n_max"": 96, ""stop_sigma"": 1.5, ""z"": 3.0}",176,0.06817,0.06937,1.195,0.5,12.516,4,"{""BNB"": 0.0295, ""DOGE"": 0.2469, ""ETH"": 0.0735, ""SOL"": -0.0587, ""XRP"": 0.0956}",grelha IS 5 alts
2026-10-10 10:20:00,transversal,IS,"{""filtro"": 0, ""h"": 24, ""n_max"": 192, ""stop_sigma"": 1.5, ""z"": 3.0}",172,-0.04117,0.07832,0.9092,0.4709,22.157,2,"{""BNB"": -0.0615, ""DOGE"": 0.0376, ""ETH"": 0.0339, ""SOL"": -0.148, ""XRP"": -0.0374}",grelha IS 5 alts
2026-10-10 10:20:01,transversal,IS,"{""filtro"": 0, ""h"": 24, ""n_max"": 288, ""stop_sigma"": 1.5, ""z"": 3.0}",170,-0.06323,0.08338,0.8733,0.4529,27.504,1,"{""BNB"": -0.0253, ""DOGE"": 0.0808, ""ETH"": -0.0751, ""SOL"": -0.1781, ""XRP"": -0.0813}",grelha IS 5 alts
2026-10-10 10:20:02,transversal,IS,"{""filtro"": 1, ""h"": 24, ""n_max"": 96, ""stop_sigma"": 1.0, ""z"": 3.0}",141,0.05419,0.10436,1.1096,0.4752,13.885,3,"{""DOGE"": 0.3393, ""ETH"": 0.0394, ""SOL"": -0.2617, ""XRP"": 0.1665}",grelha IS 5 alts (sem BNB: filtro de funding)
2026-10-10 10:20:02,transversal,IS,"{""filtro"": 1, ""h"": 24, ""n_max"": 192, ""stop_sigma"": 1.0, ""z"": 3.0}",141,-0.08268,0.11018,0.8649,0.3901,27.423,2,"{""DOGE"": 0.0947, ""ETH"": -0.0293, ""SOL"": -0.3793, ""XRP"": 0.0221}",grelha IS 5 alts (sem BNB: filtro de funding)
2026-10-10 10:20:03,transversal,IS,"{""filtro"": 1, ""h"": 24, ""n_max"": 288, ""stop_sigma"": 1.0, ""z"": 3.0}",141,-0.10595,0.10658,0.828,0.383,32.025,1,"{""DOGE"": 0.1319, ""ETH"": -0.0472, ""SOL"": -0.4298, ""XRP"": -0.0247}",grelha IS 5 alts (sem BNB: filtro de funding)
2026-10-10 10:20:04,transversal,IS,"{""filtro"": 1, ""h"": 24, ""n_max"": 96, ""stop_sigma"": 1.5, ""z"": 3.0}",121,0.07738,0.0825,1.233,0.5289,7.304,3,"{""DOGE"": 0.2599, ""ETH"": 0.0849, ""SOL"": -0.1333, ""XRP"": 0.1429}",grelha IS 5 alts (sem BNB: filtro de funding)
2026-10-10 10:20:05,transversal,IS,"{""filtro"": 1, ""h"": 24, ""n_max"": 192, ""stop_sigma"": 1.5, ""z"": 3.0}",120,-0.04934,0.08965,0.8887,0.4917,15.811,3,"{""DOGE"": 0.0504, ""ETH"": 0.0399, ""SOL"": -0.2961, ""XRP"": 0.0332}",grelha IS 5 alts (sem BNB: filtro de funding)
2026-10-10 10:20:06,transversal,IS,"{""filtro"": 1, ""h"": 24, ""n_max"": 288, ""stop_sigma"": 1.5, ""z"": 3.0}",120,-0.07528,0.08945,0.8397,0.4667,20.092,1,"{""DOGE"": 0.065, ""ETH"": -0.0098, ""SOL"": -0.292, ""XRP"": -0.031}",grelha IS 5 alts (sem BNB: filtro de funding)
2026-10-10 10:20:06,transversal,OOS,"{""filtro"": 0, ""h"": 24, ""n_max"": 192, ""stop_sigma"": 1.5, ""z"": 2.0}",351,0.00705,0.05776,1.0169,0.4815,36.842,2,"{""BNB"": -0.0622, ""DOGE"": 0.0719, ""ETH"": -0.0032, ""SOL"": -0.0998, ""XRP"": 0.1098}",natural OOS 5 alts (avaliacao unica)
2026-10-10 10:20:08,transversal,OOS,"{""filtro"": 0, ""h"": 24, ""n_max"": 192, ""perna_btc"": 1, ""stop_sigma"": 1.5, ""z"": 2.0}",351,-0.03787,0.03814,0.875,0.4701,23.482,1,"{""BNB"": -0.1093, ""DOGE"": -0.0005, ""ETH"": -0.0675, ""SOL"": -0.0626, ""XRP"": 0.0418}",naturalBTC OOS 5 alts com perna no BTC (variante)
2026-10-10 10:20:18,transversal,IS,"{""filtro"": 0, ""h"": 24, ""n_max"": 192, ""stop_sigma"": 1.5, ""z"": 2.0}",1980,-0.09482,0.02231,0.794,0.4308,240.858,3,"{""ADA"": -0.1116, ""APT"": -0.0032, ""ARB"": -0.2497, ""AVAX"": -0.1717, ""BCH"": -0.2122, ""BNB"": -0.1379, ""DOGE"": -0.1555, ""DOT"": -0.0382, ""ETH"": 0.0436, ""LINK"": -0.0327, ""LTC"": 0.0324, ""NEAR"": 0.0403, ""OP"": -0.0197, ""SOL"": -0.2472, ""SUI"": -0.0849, ""TRX"": -0.1545, ""XRP"": -0.1016}",natural18 IS 17 alts so preco (sem filtro)
2026-10-10 10:20:20,transversal,OOS,"{""filtro"": 0, ""h"": 24, ""n_max"": 192, ""stop_sigma"": 1.5, ""z"": 2.0}",1247,0.02336,0.03007,1.0561,0.4812,57.081,10,"{""ADA"": -0.0127, ""APT"": 0.0437, ""ARB"": -0.0924, ""AVAX"": 0.2204, ""BCH"": 0.0404, ""BNB"": -0.0622, ""DOGE"": 0.0719, ""DOT"": 0.1941, ""ETH"": -0.0032, ""LINK"": 0.0007, ""LTC"": 0.0532, ""NEAR"": -0.165, ""OP"": 0.1805, ""SOL"": -0.0998, ""SUI"": 0.0697, ""TRX"": -0.1261, ""XRP"": 0.1098}",natural18 OOS 17 alts so preco (avaliacao unica)
2026-10-10 10:20:22,transversal,PRE,"{""filtro"": 0, ""h"": 24, ""n_max"": 192, ""stop_sigma"": 1.5, ""z"": 2.0}",1514,-0.06241,0.02544,0.8583,0.4531,144.952,6,"{""ADA"": 0.0174, ""APT"": 0.0595, ""AVAX"": -0.1563, ""BCH"": -0.0127, ""BNB"": -0.1266, ""DOGE"": -0.211, ""DOT"": 0.0052, ""ETH"": -0.1807, ""LINK"": 0.088, ""LTC"": 0.1056, ""NEAR"": -0.0342, ""OP"": -0.1515, ""SOL"": -0.145, ""TRX"": 0.1504, ""XRP"": -0.2201}","natural18 PRE 2020-09 a 2022-12, 17 alts so preco"
2026-10-10 10:20:23,transversal,PRE,"{""filtro"": 0, ""h"": 24, ""n_max"": 192, ""stop_sigma"": 1.5, ""z"": 2.0}",628,-0.17478,0.03758,0.6443,0.4076,124.785,0,"{""BNB"": -0.1266, ""DOGE"": -0.211, ""ETH"": -0.1807, ""SOL"": -0.145, ""XRP"": -0.2201}","natural PRE 2020-09 a 2022-12, 5 alts so preco"
