regra,limiar,stop_sigma,n_max,n,media,ep,PF,acerto,dd,R_pct,frac_stop,n_pos,n_compras,media_compras,media_vendas
F,2.0,1.0,96,1262,-0.02834967521344221,0.03397924699784423,0.9276264583455345,0.47385103011093505,108.8503059178109,4.085230873125887,0.31695721077654515,1,752,0.06113348259368236,-0.1602934686859082
F,2.0,1.0,192,921,-0.05068353423969437,0.044916571869002546,0.9013310030015594,0.41042345276872966,98.1137419042219,4.037082047260031,0.4538545059717698,0,557,0.07905570785271232,-0.24921308876021778
F,2.0,1.0,288,792,-0.037319705502539,0.05630036445989627,0.9362180799252454,0.3661616161616162,84.40715444402389,4.0380130794731075,0.5404040404040404,1,468,0.16941128230087238,-0.33593113232968874
F,2.0,1.5,96,1147,-0.014636428636629568,0.025435916490572075,0.9454940702268206,0.4934612031386225,72.79635922149788,6.133532509998465,0.17349607672188316,1,696,0.04496860843246443,-0.10662114216232672
F,2.0,1.5,192,795,-0.042803766063533984,0.03562419249188063,0.8865606892636605,0.4528301886792453,65.48329281158281,6.04144398752243,0.29559748427672955,1,492,0.04583942652875101,-0.186739247104472
F,2.0,1.5,288,650,-0.023570278849929256,0.04600145828626648,0.9455426930072149,0.4369230769230769,58.70544072370487,6.0416562969197845,0.36923076923076925,1,401,0.1325418116817676,-0.2749797097865173
F,3.0,1.0,96,930,-0.11187860956271188,0.03028119131635447,0.7384509183597333,0.4311827956989247,134.5294288635639,4.123577587215801,0.3473118279569892,0,493,-0.040720600167189376,-0.19215526547116177
F,3.0,1.0,192,709,-0.13044488004151167,0.043099615598281134,0.7581270520229747,0.3991537376586742,120.24907178248186,4.101025196294947,0.4795486600846262,0,391,-0.017847492312726254,-0.2688900957709302
F,3.0,1.0,288,611,-0.17289858374591502,0.05363595905044831,0.7241183030186694,0.32569558101472995,122.77390994973429,4.092023763957946,0.5793780687397708,0,327,0.011435963448598398,-0.3851429391424147
F,3.0,1.5,96,843,-0.0648676276142059,0.02332450097343799,0.7769214892097472,0.46026097271648875,84.16395161425972,6.18911271735719,0.18861209964412812,0,461,-0.010311189084913238,-0.13070668039432085
F,3.0,1.5,192,606,-0.09773143668871445,0.03540962790643297,0.7572589521740226,0.44554455445544555,77.6887776605181,6.111845036176484,0.3234323432343234,0,347,-0.009741080286773809,-0.21561813040096697
F,3.0,1.5,288,498,-0.12654851376818263,0.044780577115559175,0.7307942488684681,0.39759036144578314,77.70012342032055,6.081694283514343,0.40562248995983935,0,281,0.022288941607887587,-0.3192827301768265
P,0.95,1.0,96,998,-0.01819835272909798,0.029969694700732998,0.9512449722788178,0.4819639278557114,67.43875238136918,4.350472221465729,0.2985971943887776,2,622,0.06321309330214644,-0.15287367036589064
P,0.95,1.0,192,780,-0.005774218037295133,0.045970799066337865,0.9882645611308892,0.43333333333333335,54.56361221556121,4.320782450339925,0.43333333333333335,2,494,0.10971962797881638,-0.20526358842876044
P,0.95,1.0,288,693,-0.003398427857585217,0.05568834485138455,0.9940206152100778,0.3939393939393939,49.70050157129441,4.307490646568103,0.5252525252525253,3,437,0.17895891460043786,-0.31468811010038245
P,0.95,1.5,96,912,-0.00388021976921806,0.0226392366339149,0.9846613226409614,0.5076754385964912,39.50783443052831,6.5365584007586754,0.15789473684210525,3,577,0.055357457958413965,-0.10591048857173653
P,0.95,1.5,192,682,-0.0033470384551318607,0.03552815488834052,0.9904169656436059,0.4809384164222874,36.10541109083387,6.447182072558359,0.2653958944281525,2,445,0.08655151639105464,-0.17214390303974367
P,0.95,1.5,288,588,0.007002706621733212,0.04413154187517768,1.0170371984126765,0.46598639455782315,32.01713434428524,6.427254234463047,0.35374149659863946,3,384,0.14819588675811887,-0.2587726912820516
P,0.98,1.0,96,534,-0.013775214285396678,0.040696582203120904,0.9639981583926888,0.4887640449438202,40.02705097446164,4.343441642517909,0.3146067415730337,2,313,0.0797239978582986,-0.1461971753757886
P,0.98,1.0,192,448,-0.040477843895746636,0.0584825255939142,0.9202135865090504,0.4174107142857143,44.52915764343571,4.328561082272526,0.44419642857142855,2,263,0.1060538470506903,-0.24879046399797866
P,0.98,1.0,288,415,-0.04303416099451582,0.06532670874572126,0.9247491843106469,0.39759036144578314,40.73683758767518,4.301664234568797,0.5325301204819277,3,243,0.12826061180532877,-0.28503782256638927
P,0.98,1.5,96,496,-0.006810312301939124,0.030591139846118033,0.9740703591697552,0.5201612903225806,27.896274061980645,6.55399220514648,0.17338709677419356,3,295,0.07689326111922785,-0.12965884045738316
P,0.98,1.5,192,403,-0.026556642084650136,0.04641455397352736,0.9281053677885103,0.46153846153846156,33.62055710704877,6.530370451304801,0.2803970223325062,2,243,0.08759978994409232,-0.19993172322830277
P,0.98,1.5,288,363,-0.04157229286902868,0.050875930103630784,0.9020025351610105,0.465564738292011,35.7963602240708,6.504255246682636,0.3608815426997245,2,218,0.10598432027704255,-0.2634160284955358
O,1.5,1.0,96,1324,-0.13389719973611977,0.02540261172957016,0.7083316411683473,0.4433534743202417,200.14749171622663,3.656398017722515,0.3935045317220544,0,379,-0.16336706246612107,-0.12207806960419333
O,1.5,1.0,192,1214,-0.15878940330741478,0.03165228014708934,0.7162894652760927,0.3978583196046129,221.48930700815666,3.6492643702850445,0.5098846787479407,0,345,-0.1793975389833965,-0.1506078074406556
O,1.5,1.0,288,1119,-0.1504410329063145,0.03920091701746346,0.760250796689593,0.35924932975871315,209.42959552339352,3.6449298403243042,0.5871313672922251,1,304,-0.13679329023437545,-0.15553172465143042
O,1.5,1.5,96,1180,-0.10777776409480497,0.020248163220352014,0.6811348751269576,0.47627118644067795,141.17813622077495,5.468057120823351,0.2483050847457627,0,341,-0.13200204770437837,-0.09793213750259455
O,1.5,1.5,192,1053,-0.13618180275164607,0.02620731322184158,0.6844941838504831,0.46153846153846156,157.95961551092307,5.471167685063049,0.3684710351377018,0,305,-0.13999681031387567,-0.13462621811731446
O,1.5,1.5,288,939,-0.11087632200811888,0.033495748282828725,0.7715893251199779,0.43450479233226835,138.2377883480945,5.459664533655279,0.4334398296059638,1,266,-0.06725957083265229,-0.12811563227955144
O,2.5,1.0,96,586,-0.12650485372777684,0.04102002311204243,0.7439447496696475,0.431740614334471,87.6742110018222,3.773508000920138,0.4402730375426621,1,107,-0.09831183986733116,-0.13280266684482836
O,2.5,1.0,192,570,-0.15772732447758897,0.04713795934473409,0.7283989395151851,0.38421052631578945,102.74515833861302,3.7493453057371298,0.5298245614035088,0,105,-0.10404797049398015,-0.16984846892550068
O,2.5,1.0,288,552,-0.1787299845380358,0.05327640417053692,0.7186928432499816,0.3496376811594203,113.35372840303373,3.7395899367794527,0.5942028985507246,0,100,-0.06892984307612617,-0.2030220512331485
O,2.5,1.5,96,511,-0.09121780321647938,0.03375076169919087,0.7485233727505665,0.487279843444227,55.266632022683126,5.624088303711756,0.2974559686888454,0,97,-0.049062713307404436,-0.10109472041739793
O,2.5,1.5,192,485,-0.12364740172282929,0.0403822285347069,0.7283602322204935,0.4515463917525773,66.35179586298837,5.592033097393214,0.4041237113402062,0,94,-0.06229284050809847,-0.13839760314018146
O,2.5,1.5,288,465,-0.14906501936112432,0.04699105962115158,0.7117399442427187,0.42795698924731185,77.39002403370436,5.580781856268777,0.47956989247311826,0,89,0.035347714498350176,-0.1927159058331808
L,2.0,1.0,96,831,-0.07451493356273046,0.031721842625115224,0.8178480037287842,0.4548736462093863,90.22097681790513,3.6690838299217035,0.3249097472924188,2,170,0.13776751423399403,-0.12911102452406656
L,2.0,1.0,192,567,-0.11425994547930336,0.04839691084562068,0.7860994686612987,0.3932980599647266,92.9069598501793,3.6565422402449412,0.4708994708994709,2,115,0.23050880339008314,-0.20197765813412513
L,2.0,1.0,288,472,-0.11106211740598293,0.06027531553472294,0.8183159609086962,0.3707627118644068,77.64365037792632,3.630838146767258,0.565677966101695,2,99,0.26046612028260024,-0.20967148880322084
L,2.0,1.5,96,754,-0.04081377983954069,0.023855374185910053,0.850768614206308,0.48408488063660476,48.81131396344382,5.555517985060372,0.16180371352785147,2,159,0.12767527887888167,-0.08583858712732079
L,2.0,1.5,192,483,-0.06936279681303789,0.03873019162385475,0.813765211090924,0.4451345755693582,53.83164095501772,5.52890939513829,0.2857142857142857,2,101,0.1979384675457363,-0.140036691316274
L,2.0,1.5,288,392,-0.06074901214952784,0.050123990302804594,0.8620936307749242,0.4489795918367347,41.4223227582211,5.481596550405741,0.375,2,83,0.23127891685411686,-0.13919017107283693
L,3.0,1.0,96,367,-0.13955334936131783,0.044467385417091373,0.6770977996397939,0.4223433242506812,52.762009676300536,3.787778918766136,0.34332425068119893,2,47,0.1640870704895434,-0.1841505360269131
L,3.0,1.0,192,254,-0.1848795098564342,0.06808481881363823,0.670252641472919,0.38976377952755903,47.9203243566965,3.7724826743740976,0.5078740157480315,2,30,0.32428292663964486,-0.2530709076014448
L,3.0,1.0,288,212,-0.2914190437380244,0.07980738267798229,0.5643474086851427,0.3113207547169811,62.365424357358734,3.7390661310098903,0.6273584905660378,1,26,0.2885462360689985,-0.37248945919492005
L,3.0,1.5,96,333,-0.08147769090776716,0.0353942486003841,0.725165004553589,0.44744744744744747,29.475244961757497,5.728801368701209,0.1891891891891892,2,44,0.1638826643272692,-0.1188335927428592
L,3.0,1.5,192,214,-0.14280812969761042,0.05685607453729676,0.6605896565195749,0.4158878504672897,30.56093975528863,5.649467196584626,0.3411214953271028,2,28,0.3125496642129627,-0.21135661480242787
L,3.0,1.5,288,175,-0.2083270147451969,0.07325056261797361,0.6004197319475431,0.37714285714285717,36.45722758040945,5.611033228206981,0.46285714285714286,1,23,0.3467273722531653,-0.29231550751468593
