caracteristica,h,n,n_compras,n_vendas,favor_bps,ep_bps,ep_agrupado_bps,t_agrupado,excesso_deriva_bps,t_excesso,frac_pos
funding_z30d,4,19366,9683,9683,0.3983924432001439,1.364772089109112,3.1067310509099717,0.12823525328446228,0.39839244320014483,0.12823525328446259,0.4996385417742435
funding_z30d,24,19366,9683,9683,-13.599377007259163,3.22581839109337,16.166684773707644,-0.8411976356077797,-13.599377007259163,-0.8411976356077797,0.5106888361045131
funding_z30d,48,19366,9683,9683,-40.39352382588346,4.3337901885678285,30.124015036893407,-1.34090770358509,-40.39352382588346,-1.34090770358509,0.4879169678818548
funding_z30d,72,19366,9683,9683,-47.94392672306245,5.30684196769294,45.70648725467928,-1.0489523392142568,-47.94392672306245,-1.0489523392142568,0.4915831870288134
funding_pct90d,4,19006,9503,9503,-0.3850769073850421,1.361089362950955,3.2438061961427938,-0.11871144085085496,-0.38507690738504247,-0.11871144085085508,0.4962117226139114
funding_pct90d,24,19006,9503,9503,-16.790166319030828,3.100807048543088,15.087511513973668,-1.1128519307826346,-16.790166319030828,-1.1128519307826346,0.5023676733663054
funding_pct90d,48,19006,9503,9503,-41.57211204698416,4.465890183228753,29.369539789707066,-1.4154839450890424,-41.57211204698417,-1.4154839450890426,0.4906871514258655
funding_pct90d,72,19006,9503,9503,-57.34515784286906,5.4646949582225215,42.794523556454564,-1.3400115967460016,-57.34515784286906,-1.3400115967460016,0.491423760917605
basis_z30d,4,23242,11621,11621,0.04368228533306269,1.122736978214778,2.552335820359502,0.01711463083525974,0.04368228533306261,0.017114630835259707,0.5029257378883056
basis_z30d,24,23242,11621,11621,-6.950621038465736,2.4569023825050955,11.614015133590643,-0.5984683986128793,-6.950621038465734,-0.5984683986128789,0.5044746579468204
basis_z30d,48,23242,11621,11621,-31.39038516035781,3.409134291525632,23.121582160793942,-1.3576227155244092,-31.390385160357802,-1.357622715524409,0.5006453833577145
basis_z30d,72,23242,11621,11621,-48.36477999569523,4.3453526663753,36.24328488465945,-1.3344480267064973,-48.36477999569524,-1.3344480267064975,0.5009035367008002
ls_top_z30d,4,23242,11621,11621,-1.203825193766206,1.0682158545420577,2.2469287194839516,-0.5357647455957956,-1.2038251937662054,-0.5357647455957953,0.4967300576542466
ls_top_z30d,24,23242,11621,11621,-2.0397055415892127,2.4114293385093593,10.640678310953488,-0.19168942824721472,-2.0397055415892105,-0.19168942824721452,0.5064108080199639
ls_top_z30d,48,23242,11621,11621,-3.5712608884920773,3.4023580218915948,22.140543231810664,-0.16129960548398062,-3.5712608884920747,-0.1612996054839805,0.5155752516995095
ls_top_z30d,72,23242,11621,11621,-3.488906552055047,4.151563257038392,33.101860137889894,-0.10539910861569637,-3.4889065520550573,-0.10539910861569668,0.505077015747354
oi24_z30d,4,11446,2881,8565,-6.60973521293272,1.7865284039608982,2.8801997623303564,-2.2948877711123807,-5.559163913710935,-1.9301313701981009,0.5188712213873843
oi24_z30d,24,11446,2881,8565,-23.661984083938965,4.109548194153554,14.007517179148433,-1.6892347002909378,-17.155078550051286,-1.2247051587120883,0.530054167394723
oi24_z30d,48,11446,2881,8565,-41.312225997348364,5.548507379672739,22.587132127011373,-1.8290159974733637,-29.289712416144567,-1.2967433072708576,0.5235890267342302
oi24_z30d,72,11446,2881,8565,-42.213577571482716,7.048169999410797,32.67555841258736,-1.2919007240354032,-24.278300206833332,-0.7430110267826605,0.528219465315394
