caracteristica,h,decil,n,media_bps,excesso_bps,ep_bps,ep_agrupado_bps,t_excesso,frac_pos,limite_inf,limite_sup
funding_z30d,4,1,9683,7.874912115000436,5.3607850861852615,1.8230385715641055,3.9976369083041203,1.3409884912382943,0.5177114530620676,-21.1885,-1.9056070844455961
funding_z30d,4,2,9683,4.343689187882356,1.8295621590671818,1.524829756137609,3.048813341457339,0.6000899216062363,0.5118248476711763,-1.9056070844455961,-0.7977866768454099
funding_z30d,4,3,9683,3.4726398908626437,0.9585128620474692,1.7871144327024786,3.921972147700341,0.24439563208257248,0.505938242280285,-0.7977866768454099,-0.42174242476353113
funding_z30d,4,4,9683,-5.071158291208749,-7.585285320023924,1.7543361099220156,4.004484498888158,-1.8941976981381679,0.49592068573789116,-0.42174242476353113,-0.00627123349020858
funding_z30d,4,5,9683,-0.3867825877499392,-2.9009096165651136,1.3106416275213704,2.6098291490073176,-1.111532384282133,0.5000516368893938,-0.005940033108556642,0.0
funding_z30d,4,6,9683,5.812225780568587,3.298098751753413,1.7388279488928553,3.1984711153109533,1.0311485184172982,0.512134669007539,0.0,0.0
funding_z30d,4,7,9683,4.163727064094413,1.6496000352792386,1.5571681220172453,2.732669345077077,0.6036588503658536,0.5143034183620778,0.0,0.24291551563819394
funding_z30d,4,8,9683,-1.1867625070142416,-3.700889535829416,1.7244710831196264,3.324323124770357,-1.1132761157461408,0.48177217804399464,0.24291551563819394,0.6145717978153226
funding_z30d,4,9,9683,-0.9593475928839171,-3.4734746216990917,1.6064494168348658,3.2751449519439038,-1.0605559975711831,0.5026334813590829,0.6145717978153226,1.2744033448167287
funding_z30d,4,10,9683,7.078127228600149,4.564000199784974,2.0287384463824734,4.742638076307706,0.9623336477191599,0.5172983579469173,1.2744033448167287,50.0
funding_z30d,24,1,9683,27.672395829093592,13.258311683230565,4.47398025225913,21.079946719534906,0.628953756839623,0.535681090571104,-21.1885,-1.9056070844455961
funding_z30d,24,2,9683,1.5281994587133332,-12.885884687149694,3.7891353258083416,14.897897095811649,-0.8649465494544458,0.4894144376742745,-1.9056070844455961,-0.7977866768454099
funding_z30d,24,3,9683,17.31888102400632,2.9047968781432925,4.14241072684712,18.58692627431611,0.15628172379191146,0.5245275224620469,-0.7977866768454099,-0.42174242476353113
funding_z30d,24,4,9683,-16.96287739448559,-31.376961540348617,3.99708423121485,17.87472950434574,-1.7553810552892668,0.5001549106681813,-0.42174242476353113,-0.00627123349020858
funding_z30d,24,5,9683,1.3798529797370025,-13.034231166126025,3.073651977182218,14.32978313085209,-0.9095902601668314,0.5100691934317877,-0.005940033108556642,0.0
funding_z30d,24,6,9683,26.687010948280445,12.272926802417418,4.397947140942839,18.26065178622396,0.6720968641259701,0.49860580398636783,0.0,0.0
funding_z30d,24,7,9683,21.650838676979017,7.23675453111599,3.9475077876046893,14.710029941032106,0.4919605575329124,0.5316534131983889,0.0,0.24291551563819394
funding_z30d,24,8,9683,4.698892358212855,-9.715191787650173,4.034438177930008,15.348579125771492,-0.6329701080497796,0.4719611690591759,0.24291551563819394,0.6145717978153226
funding_z30d,24,9,9683,5.296497734481377,-9.117586411381652,4.094292503641228,15.995642472277597,-0.5700043888317423,0.4873489620985232,0.6145717978153226,1.2744033448167287
funding_z30d,24,10,9683,54.87114984361192,40.45706569774889,4.610575493416011,23.90820060001135,1.6921836308220402,0.5136837756893525,1.2744033448167287,50.0
funding_z30d,48,1,9683,32.061508247948524,3.8674837139888716,5.47274852176186,32.07410860593537,0.12057961645965078,0.5261799029226479,-21.1885,-1.9056070844455961
funding_z30d,48,2,9683,12.879130707725988,-15.314893826233664,5.2241997750901845,25.408731999427484,-0.6027413657076136,0.5022203862439326,-1.9056070844455961,-0.7977866768454099
funding_z30d,48,3,9683,32.19439589758952,4.000371363629871,5.444527648061186,30.658450350501564,0.13048185142744587,0.5410513270680575,-0.7977866768454099,-0.42174242476353113
funding_z30d,48,4,9683,-27.715686907001757,-55.90971144096141,5.9079713167708325,34.552684052227654,-1.618100387120486,0.48270164205308275,-0.42174242476353113,-0.00627123349020858
funding_z30d,48,5,9683,16.776476125646123,-11.417548408313529,4.298703283236921,29.269781800522257,-0.39007972406920394,0.518331095734793,-0.005940033108556642,0.0
funding_z30d,48,6,9683,39.20179560913669,11.007771075177036,6.137620860833742,33.0877060812961,0.33268462455907566,0.4808427140349065,0.0,0.0
funding_z30d,48,7,9683,52.71124859740653,24.51722406344688,6.051705047672365,30.609109921437096,0.8009780136166663,0.5370236496953423,0.0,0.24291551563819394
funding_z30d,48,8,9683,2.593086829448645,-25.600937704511008,5.3234408879463775,28.012990907384992,-0.913895192025422,0.4704120623773624,0.24291551563819394,0.6145717978153226
funding_z30d,48,9,9683,8.389734331980867,-19.804290201978787,5.918163984329962,29.727150529239303,-0.666202103107713,0.48414747495610866,0.6145717978153226,1.2744033448167287
funding_z30d,48,10,9683,112.84855589971546,84.65453136575582,6.640438365504356,49.14772664369876,1.7224506024351258,0.5493132293710626,1.2744033448167287,50.0
funding_z30d,72,1,9683,63.931859472662104,22.58906406670188,6.343326401923023,44.46889218016099,0.5079745178985949,0.527109366931736,-21.1885,-1.9056070844455961
funding_z30d,72,2,9683,12.744149165701675,-28.59864624025855,6.386218461916,37.97197881360272,-0.7531513272100965,0.512134669007539,-1.9056070844455961,-0.7977866768454099
funding_z30d,72,3,9683,51.296627493786886,9.953832087826662,6.593070161804178,43.383150964513746,0.22944004449950234,0.5453888257771352,-0.7977866768454099,-0.42174242476353113
funding_z30d,72,4,9683,-42.55538134765502,-83.89817675361525,7.352260248732197,50.76728243793195,-1.652603265817687,0.4718578952803883,-0.42174242476353113,-0.00627123349020858
funding_z30d,72,5,9683,9.568656779766997,-31.774138626193228,5.358945268420074,43.55941748744621,-0.7294436073519694,0.5027367551378705,-0.005940033108556642,0.0
funding_z30d,72,6,9683,61.92003833514628,20.577242929186056,7.531966904902612,47.534138355729,0.43289399242273224,0.47960342868945577,0.0,0.0
funding_z30d,72,7,9683,71.12086476484149,29.77806935888126,7.862034708325928,50.929619420333104,0.5846905925826079,0.5234947846741712,0.0,0.24291551563819394
funding_z30d,72,8,9683,23.95168197012846,-17.391113435831766,6.394420516903812,36.20406442074249,-0.4803635645358047,0.4969534235257668,0.24291551563819394,0.6145717978153226
funding_z30d,72,9,9683,1.629744506436458,-39.713050899523765,7.438656218898364,46.88453220402614,-0.8470395039179567,0.4742331921925023,0.6145717978153226,1.2744033448167287
funding_z30d,72,10,9683,159.819712918787,118.47691751282676,8.356605683424483,75.5221829818563,1.5687697684968938,0.5436331715377466,1.2744033448167287,50.0
funding_pct90d,4,1,9503,6.052474298340242,3.8474926311205793,1.7623681094212782,4.220617802436773,0.911594655384155,0.5113122171945701,0.000462962962962963,0.0761938202247191
funding_pct90d,4,2,9502,4.3710184408019765,2.1660367735823134,1.7090032659697887,3.5000543519977363,0.618858039260447,0.5117869922121658,0.0762279888785913,0.17122335495829472
funding_pct90d,4,3,9503,-1.9252495997022983,-4.130231266921961,1.7190475041576645,3.5522689005595875,-1.1627023129559046,0.49489634852151954,0.17122335495829472,0.2878647522000926
funding_pct90d,4,4,9502,-0.12855982661749127,-2.3335414938371546,1.4944588526351787,3.1226956154373466,-0.7472843277779196,0.5008419280151547,0.2878647522000926,0.3763888888888889
funding_pct90d,4,5,9503,0.8026474109694879,-1.4023342562501753,1.6639911365831725,3.3083661691054487,-0.4238751651330522,0.4974218667789119,0.3763888888888889,0.47337962962962965
funding_pct90d,4,6,9502,0.05695100064479315,-2.14803066657487,1.7567229126111845,3.651272788497581,-0.588296408129708,0.5070511471269207,0.47337962962962965,0.5974477958236659
funding_pct90d,4,7,9502,-5.825171159593472,-8.030152826813135,1.5896981137361306,3.295612850580073,-2.436618981322311,0.49536939591664914,0.5974477958236659,0.6914351851851852
funding_pct90d,4,8,9503,3.218993950965313,1.0140122837456498,1.6458674784548322,3.2367094984624054,0.31328492230376404,0.50584026097022,0.6914351851851852,0.7777262180974478
funding_pct90d,4,9,9502,8.603668700630147,6.398687033410484,1.5801488679584692,3.1525569164303584,2.0296816847499524,0.5114712692064829,0.7777519739897817,0.8891203703703704
funding_pct90d,4,10,9503,6.8226281131103255,4.617646445890662,2.072675272465759,4.91481050145349,0.9395370268141678,0.5183626223297906,0.8891203703703704,1.0
funding_pct90d,24,1,9503,25.75886713974344,12.261524033447657,3.873757922358448,18.425239563754,0.6654743343239042,0.5369883194780596,0.000462962962962963,0.0761938202247191
funding_pct90d,24,2,9502,0.7372715952682348,-12.760071511027549,4.498558554688304,19.72278230470069,-0.6469711683623024,0.5070511471269207,0.0762279888785913,0.17122335495829472
funding_pct90d,24,3,9503,-4.675259804830154,-18.17260291112594,4.101412053583685,15.48323766546399,-1.1736952763865849,0.48468904556455855,0.17122335495829472,0.2878647522000926
funding_pct90d,24,4,9502,-1.4940608081620903,-14.991403914457873,3.5460135711890595,14.535913259018345,-1.031335537528537,0.4949484319090718,0.2878647522000926,0.3763888888888889
funding_pct90d,24,5,9503,2.925476411973003,-10.57186669432278,3.780394192054507,14.75928097894282,-0.7162860243263709,0.5128906661054404,0.3763888888888889,0.47337962962962965
funding_pct90d,24,6,9502,4.631184097161899,-8.866159009133884,4.30976044578423,18.196619346856338,-0.48724209921254463,0.49936855398863395,0.47337962962962965,0.5974477958236659
funding_pct90d,24,7,9502,-15.708021953364783,-29.205365059660565,4.036773056062847,18.075336966457932,-1.6157577097376619,0.4770574615870343,0.5974477958236659,0.6914351851851852
funding_pct90d,24,8,9503,27.22706432498687,13.729721218691086,4.298904741569073,17.294460086156366,0.7938797250849864,0.5046827317689151,0.6914351851851852,0.7777262180974478
funding_pct90d,24,9,9502,36.227175591540906,22.729832485245122,3.6774206463598715,18.00427220505852,1.2624688310843744,0.5056830141022942,0.7777519739897817,0.8891203703703704
funding_pct90d,24,10,9503,59.33919977780511,45.84185667150933,4.803642354710533,23.395677584763014,1.9594156444250592,0.531411133326318,0.8891203703703704,1.0
funding_pct90d,48,1,9503,40.896562432391015,14.291655361184684,5.42732015760827,31.7713453430617,0.44982846042135666,0.5336209618015364,0.000462962962962963,0.0761938202247191
funding_pct90d,48,2,9502,6.086959928002039,-20.517947143204292,5.6037911279575345,30.750334888112395,-0.6672430468760916,0.5176804883182488,0.0762279888785913,0.17122335495829472
funding_pct90d,48,3,9503,-9.456871580383632,-36.06177865158996,5.326030332404529,25.297621530298105,-1.425500757389385,0.48553088498368935,0.17122335495829472,0.2878647522000926
funding_pct90d,48,4,9502,0.6592423753908215,-25.94566469581551,4.798030349937424,26.21765992593865,-0.989625495528911,0.515259945274679,0.2878647522000926,0.3763888888888889
funding_pct90d,48,5,9503,11.033873743331837,-15.571033327874494,5.454302523318901,29.16158905122459,-0.5339569562043676,0.5017362938019573,0.3763888888888889,0.47337962962962965
funding_pct90d,48,6,9502,-14.198055651966836,-40.80296272317317,5.8960664325554895,33.16462470413568,-1.2303158286029081,0.46853294043359295,0.47337962962962965,0.5974477958236659
funding_pct90d,48,7,9502,-14.316429162942116,-40.92133623414845,5.884842365559964,35.08435228173072,-1.1663700075049463,0.4748474005472532,0.5974477958236659,0.6914351851851852
funding_pct90d,48,8,9503,45.25917233931712,18.654265268110787,5.998765198782807,31.861593370977296,0.5854781037128841,0.5077343996632643,0.6914351851851852,0.7777262180974478
funding_pct90d,48,9,9502,76.03554214015738,49.43063506895105,5.685937941537793,38.05902844586831,1.2987886734748544,0.5249421174489581,0.7777519739897817,0.8891203703703704
funding_pct90d,48,10,9503,124.04078652635934,97.43587945515301,6.992395075165408,47.389937009782564,2.0560457684305344,0.5517205093128486,0.8891203703703704,1.0
funding_pct90d,72,1,9503,65.42758825247121,25.909197745057796,6.374989842528666,42.65558240036564,0.6074046182718561,0.5438282647584973,0.000462962962962963,0.0761938202247191
funding_pct90d,72,2,9502,13.0196972207533,-26.498693286660114,6.801164685297634,44.82410447103855,-0.5911706123159978,0.5097874131761735,0.0762279888785913,0.17122335495829472
funding_pct90d,72,3,9503,2.0222687127486094,-37.4961217946648,6.515731426755092,38.445075857629824,-0.975316629196436,0.49331789961064926,0.17122335495829472,0.2878647522000926
funding_pct90d,72,4,9502,13.35896829768538,-26.159422209728035,5.932879716239342,35.071281933385045,-0.7458929576459641,0.5147337402652074,0.2878647522000926,0.3763888888888889
funding_pct90d,72,5,9503,9.256733033702254,-30.26165747371116,6.159154014004892,37.433533068178825,-0.8084104008722524,0.49079238135325687,0.3763888888888889,0.47337962962962965
funding_pct90d,72,6,9502,-43.328412032157885,-82.8468025395713,7.377470166498457,51.132340568323116,-1.620242719553807,0.4517996211323932,0.47337962962962965,0.5974477958236659
funding_pct90d,72,7,9502,-11.210160465838683,-50.7285509732521,7.034087666344418,52.11179132769942,-0.9734562885058208,0.4836876447063776,0.5974477958236659,0.6914351851851852
funding_pct90d,72,8,9503,61.18612757205458,21.667737064641166,8.34877724052721,57.743389418490544,0.37524186375008217,0.5020519835841313,0.6914351851851852,0.7777262180974478
funding_pct90d,72,9,9502,105.32051756313659,65.80212705572318,7.2002812560929526,59.74177604039989,1.1014424313603435,0.5138918122500526,0.7777519739897817,0.8891203703703704
funding_pct90d,72,10,9503,180.1179039382093,140.5995134307959,8.697397762080033,69.745714588718,2.0158874887137386,0.560875512995896,0.8891203703703704,1.0
basis_z30d,4,1,11621,1.7466265726032897,-0.5976593524854756,1.6032886698079127,3.9967027918880684,-0.14953810268267095,0.5101110059375269,-95.01892765672649,-1.2313082531282247
basis_z30d,4,2,11621,1.463981580623246,-0.8803043444655194,1.427405658352206,2.4379724461077563,-0.361080514207998,0.5134669993976422,-1.231290977063012,-0.7484190192229675
basis_z30d,4,3,11621,-0.23550968777242626,-2.5797956128611914,1.3797788278002372,2.263936213533928,-1.1395177997679615,0.4979777988124946,-0.748389709286665,-0.4724054355351007
basis_z30d,4,4,11621,2.4993213890455013,0.15503546395673595,1.3971886507823985,2.3245178904374066,0.06669574994217953,0.5120901815678514,-0.4723968913718047,-0.22627533908614061
basis_z30d,4,5,11621,0.9227227620409988,-1.4215631630477665,1.3857893792825136,2.3520312446549934,-0.6043980777373933,0.5079597280784787,-0.22627227265391933,-0.01773524787810178
basis_z30d,4,6,11621,4.445356945376537,2.101071020287772,1.4313703701597413,2.306244416023463,0.9110357105646847,0.5043455812752775,-0.017734762396565164,0.2021891226349478
basis_z30d,4,7,11621,2.435140793937538,0.0908548688487727,1.4607059051426132,2.2877976689053274,0.03971280768558752,0.5144135616556235,0.20224662275407468,0.5009227634554767
basis_z30d,4,8,11621,1.3328772778478044,-1.011408647240961,1.4990272385776888,2.501001944689458,-0.4044013837688337,0.5003872300146287,0.5009398371569018,0.8571052687937283
basis_z30d,4,9,11621,7.173079615247995,4.82879369015923,1.6462546952991843,2.836138686470199,1.7025943453312045,0.512434386025299,0.8572364987432808,1.4821521274595295
basis_z30d,4,10,11621,1.6592620019371647,-0.6850239231516007,1.5720485195012277,3.2985004641721174,-0.20767737661165772,0.5019361500731434,1.4822377907254085,20.996578375646777
basis_z30d,24,1,11621,3.534655036561622,-9.915253518035247,3.5309044992632326,17.952734118759885,-0.5522976863827224,0.5118320282247655,-95.01892765672649,-1.2313082531282247
basis_z30d,24,2,11621,12.575832829585975,-0.8740757250108935,3.473971030382211,11.637396582066375,-0.07510921526536907,0.5166508906290337,-1.231290977063012,-0.7484190192229675
basis_z30d,24,3,11621,3.5640031606039186,-9.88590539399295,3.324681042457491,11.202855673759025,-0.8824451266608004,0.5064968591343257,-0.748389709286665,-0.4724054355351007
basis_z30d,24,4,11621,12.479148668930177,-0.9707598856666912,3.5878372228793576,12.000402499002188,-0.08089394382791812,0.5132088460545564,-0.4723968913718047,-0.22627533908614061
basis_z30d,24,5,11621,19.171771268382518,5.721862713785649,3.6372940040295783,12.221655077302376,0.4681741284297975,0.52362103089235,-0.22627227265391933,-0.01773524787810178
basis_z30d,24,6,11621,9.338658553032019,-4.11125000156485,3.529710893767247,11.271049048791562,-0.3647619652587389,0.5089062903364598,-0.017734762396565164,0.2021891226349478
basis_z30d,24,7,11621,17.790704929071694,4.3407963744748255,3.6761373082973545,11.426650790263976,0.37988352441586654,0.5078736769641167,0.20224662275407468,0.5009227634554767
basis_z30d,24,8,11621,14.45101063355966,1.0011020789627914,3.702697305753206,11.62264014490764,0.08613379288021884,0.4954823164959986,0.5009398371569018,0.8571052687937283
basis_z30d,24,9,11621,24.15740335274801,10.70749479815114,3.714369900794857,12.25664917598538,0.873607022964358,0.4951381120385509,0.8572364987432808,1.4821521274595295
basis_z30d,24,10,11621,17.435897113493095,3.985988558896226,3.4147191576780918,15.520098525747988,0.25682752930230657,0.5019361500731434,1.4822377907254085,20.996578375646777
basis_z30d,48,1,11621,-1.389543170251443,-27.74239902774853,4.497049545449805,31.648780206772244,-0.876570877186988,0.5081318303072024,-95.01892765672649,-1.2313082531282247
basis_z30d,48,2,11621,19.23161718081481,-7.121238676682278,4.619475840653319,20.944743755453953,-0.34000123180442005,0.5254281042939506,-1.231290977063012,-0.7484190192229675
basis_z30d,48,3,11621,1.4833708386783038,-24.869485018818782,4.50586246854335,19.342085062970106,-1.2857706363018087,0.49901041218483777,-0.748389709286665,-0.4724054355351007
basis_z30d,48,4,11621,20.07726296175578,-6.275592895741308,4.914321185509867,21.717861937812902,-0.28895997744671603,0.5106273126236984,-0.4723968913718047,-0.22627533908614061
basis_z30d,48,5,11621,27.63812332478372,1.2852674672866335,5.0252814054053285,23.622005045114193,0.054409753313996057,0.5195766285173393,-0.22627227265391933,-0.01773524787810178
basis_z30d,48,6,11621,11.441055262933283,-14.911800594563804,4.978784451148117,22.91040359702168,-0.6508746356830797,0.5070131658204974,-0.017734762396565164,0.2021891226349478
basis_z30d,48,7,11621,35.35398869461435,9.001132837117265,5.083724438466281,21.219157650738367,0.4241984052936263,0.5179416573444626,0.20224662275407468,0.5009227634554767
basis_z30d,48,8,11621,32.269912517164855,5.917056659667768,5.300618458519866,22.777485578325738,0.2597765516883142,0.5030548145598486,0.5009398371569018,0.8571052687937283
basis_z30d,48,9,11621,56.03154381401308,29.67868795651599,5.37060516778143,26.64836229124405,1.1137152682087192,0.5144135616556235,0.8572364987432808,1.4821521274595295
basis_z30d,48,10,11621,61.391227150464175,35.038371292967085,5.110031135273838,34.82981191725683,1.0059879558409823,0.5061526546768781,1.4822377907254085,20.996578375646777
basis_z30d,72,1,11621,0.1845970489825978,-38.52459018116186,5.519086349650044,45.93058081392629,-0.8387568695730729,0.5167369417433956,-95.01892765672649,-1.2313082531282247
basis_z30d,72,2,11621,9.195625115671824,-29.513562114472634,5.536771638063602,31.4165760618505,-0.939426437062035,0.5134669993976422,-1.231290977063012,-0.7484190192229675
basis_z30d,72,3,11621,10.30527717255868,-28.403910057585776,5.579463005261545,28.681373818396064,-0.9903259947530015,0.4873935117459771,-0.748389709286665,-0.4724054355351007
basis_z30d,72,4,11621,41.185160089254765,2.475972859110307,5.9291794791380985,31.11147874517848,0.07958390147218644,0.5142414594268996,-0.4723968913718047,-0.22627533908614061
basis_z30d,72,5,11621,39.83977570148965,1.1305884713451917,6.156141827451564,34.47746112956129,0.0327921034294435,0.5158764305997763,-0.22627227265391933,-0.01773524787810178
basis_z30d,72,6,11621,24.49681868795051,-14.21236854219395,6.027498882391228,33.5773737200229,-0.4232721909908878,0.506324756905602,-0.017734762396565164,0.2021891226349478
basis_z30d,72,7,11621,47.56321137164954,8.854024141505079,6.133256027018471,29.82657000219659,0.2968502292034592,0.5238791842354359,0.20224662275407468,0.5009227634554767
basis_z30d,72,8,11621,42.993148138384974,4.283960908240516,6.607950651282354,34.850658648402444,0.12292338436010859,0.4978056965837708,0.5009398371569018,0.8571052687937283
basis_z30d,72,9,11621,74.41410193512898,35.704914704984525,6.791441062957641,43.61034576832855,0.8187257880196575,0.5093365459082695,0.8572364987432808,1.4821521274595295
basis_z30d,72,10,11621,96.91415704037306,58.2049698102286,6.683233340383555,57.44168789647609,1.0132879436817408,0.5143275105412615,1.4822377907254085,20.996578375646777
ls_top_z30d,4,1,11621,2.4195543668682413,0.075268441779476,1.4889645157781446,3.357430111533727,0.022418468673676185,0.512434386025299,-7.112581246075045,-1.0414812562306466
ls_top_z30d,4,2,11621,4.440678427914718,2.0963925028259527,1.4477540108675455,2.7199908603059804,0.7707351276136726,0.5084760347646502,-1.0414199537016093,-0.6815380955953565
ls_top_z30d,4,3,11621,1.8948415309892663,-0.449444394099499,1.5439666010617357,2.8134178457859274,-0.15975031749112506,0.5077876258497548,-0.6815274515060619,-0.41991298635953894
ls_top_z30d,4,4,11621,5.810374089497194,3.4660881644084287,1.3924256280048097,2.4290937271286084,1.4269058973305384,0.5141554083125377,-0.4199124900314015,-0.1721762204504412
ls_top_z30d,4,5,11621,-2.7754769372379466,-5.119762862326712,1.4530313430726363,2.6617327586485633,-1.9234699072217,0.5009035367008002,-0.1721716780847615,0.05711209235560873
ls_top_z30d,4,6,11621,-1.1993342230261586,-3.5436201481149237,1.3792674373209761,2.3696476394632677,-1.4954207069020458,0.49505206092418896,0.05717014785207849,0.32873264215446213
ls_top_z30d,4,7,11621,0.4045967084828755,-1.9396892166058899,1.4749212860039582,2.566737358811793,-0.7557022575554129,0.5048618879614492,0.32873409992044417,0.6427164841064275
ls_top_z30d,4,8,11621,5.2456239643522276,2.9013380392634622,1.6011357756102063,2.6837594606555664,1.0810723098689135,0.5169090439721195,0.642764816169264,1.0554034812091548
ls_top_z30d,4,9,11621,2.374796568646583,0.03051064355781774,1.5029219896453687,2.6812605573771835,0.011379216195110608,0.49720333878323725,1.0555330372350697,1.843303717816501
ls_top_z30d,4,10,11621,4.827204754400651,2.482918829311886,1.531424766243065,3.1559964048721043,0.786730563279113,0.5173392995439291,1.8434975017009008,13.011748220281925
ls_top_z30d,24,1,11621,22.998375000218587,9.548466445621719,3.2673924720426,14.751599232499515,0.6472834772100722,0.526202564323208,-7.112581246075045,-1.0414812562306466
ls_top_z30d,24,2,11621,7.615536859290489,-5.83437169530638,3.4884983995372854,14.479393239422253,-0.4029431067195174,0.5131227949401945,-1.0414199537016093,-0.6815380955953565
ls_top_z30d,24,3,11621,14.868793796569243,1.418885241972374,3.4120162998110466,12.336022004478531,0.11501967501819102,0.5104552103949747,-0.6815274515060619,-0.41991298635953894
ls_top_z30d,24,4,11621,24.54146947802751,11.09156092343064,3.6109450462596757,13.58352579694213,0.816545062691126,0.5273212288099131,-0.4199124900314015,-0.1721762204504412
ls_top_z30d,24,5,11621,-7.254604532149129,-20.704513086745997,3.3758998926237176,12.042887469338185,-1.7192316327343222,0.5027106101024008,-0.1721716780847615,0.05711209235560873
ls_top_z30d,24,6,11621,-3.7238115523220316,-17.1737201069189,3.546259449234283,13.099842403202594,-1.3109867720790551,0.49161001634971174,0.05717014785207849,0.32873264215446213
ls_top_z30d,24,7,11621,14.552455511151686,1.1025469565548178,3.8520792946236937,13.76149668351726,0.0801182445420625,0.4989243610704759,0.32873409992044417,0.6427164841064275
ls_top_z30d,24,8,11621,15.07834840873881,1.6284398541419414,3.711372152200265,13.537563923630566,0.12029046461597198,0.5083899836502883,0.642764816169264,1.0554034812091548
ls_top_z30d,24,9,11621,18.74473649304653,5.294827938449663,3.7648619795585403,14.961895954433862,0.35388749892225885,0.4904053007486447,1.0555330372350697,1.843303717816501
ls_top_z30d,24,10,11621,27.077786083397008,13.62787752880014,3.532309725435879,15.894607019685997,0.8573900261844513,0.5120041304534894,1.8434975017009008,13.011748220281925
ls_top_z30d,48,1,11621,49.816952823294564,23.464096965797477,4.394675767357732,26.94745443130391,0.8707351941391562,0.5516736941743395,-7.112581246075045,-1.0414812562306466
ls_top_z30d,48,2,11621,19.458437523240324,-6.894418334256763,4.4957625393097045,24.869533226092877,-0.2772234714491225,0.5107994148524223,-1.0414199537016093,-0.6815380955953565
ls_top_z30d,48,3,11621,15.462743762442065,-10.890112095055022,4.6273449996763,24.530689046501784,-0.4439382878487881,0.5092504947939076,-0.6815274515060619,-0.41991298635953894
ls_top_z30d,48,4,11621,38.16933610002382,11.816480242526733,4.959911390318754,24.493004554992563,0.4824430672029621,0.5138972549694518,-0.4199124900314015,-0.1721762204504412
ls_top_z30d,48,5,11621,-2.497525640269356,-28.850381497766442,4.9952912812810135,23.98808614083853,-1.202696260484495,0.5030548145598486,-0.1721716780847615,0.05711209235560873
ls_top_z30d,48,6,11621,-0.7907283566556405,-27.143584214152728,4.865430459498723,22.953956400284905,-1.1825231232823907,0.5021943034162293,0.05717014785207849,0.32873264215446213
ls_top_z30d,48,7,11621,15.879979108522537,-10.47287674897455,5.153705096654071,23.959708513804294,-0.43710367940998285,0.4879098184321487,0.32873409992044417,0.6427164841064275
ls_top_z30d,48,8,11621,39.622224231650875,13.269368374153789,5.512488503695621,28.308556275960186,0.4687405547919879,0.5019361500731434,0.642764816169264,1.0554034812091548
ls_top_z30d,48,9,11621,31.44766442244299,5.094808564945904,5.23091321508426,28.901290536422103,0.17628308184111374,0.5106273126236984,1.0555330372350697,1.843303717816501
ls_top_z30d,48,10,11621,56.9594746002787,30.606618742781617,5.148047429607166,34.86256998762712,0.8779220451516926,0.520006884089149,1.8434975017009008,13.011748220281925
ls_top_z30d,72,1,11621,75.28945783279228,36.58027060264782,5.2400467186875055,38.10707277451517,0.9599338899394964,0.5588159366663799,-7.112581246075045,-1.0414812562306466
ls_top_z30d,72,2,11621,43.271023738321595,4.561836508177137,5.522713753125132,36.778902669602985,0.12403405694720203,0.5245675931503313,-1.0414199537016093,-0.6815380955953565
ls_top_z30d,72,3,11621,15.011973685355652,-23.697213544788806,5.674820340262322,37.73698846183545,-0.6279571982474041,0.5194905774029773,-0.6815274515060619,-0.41991298635953894
ls_top_z30d,72,4,11621,33.3661045768296,-5.343082653314859,5.977477716643395,35.384387716796304,-0.15100113349647132,0.4926426297220549,-0.4199124900314015,-0.1721762204504412
ls_top_z30d,72,5,11621,-1.9743791878562271,-40.68356641800069,5.907599814028276,33.97204083484508,-1.1975602706879946,0.4749161001634971,-0.1721716780847615,0.05711209235560873
ls_top_z30d,72,6,11621,9.541871009829698,-29.16731622031476,6.224521105465051,36.17991135546528,-0.806174341715428,0.48868427846140605,0.05717014785207849,0.32873264215446213
ls_top_z30d,72,7,11621,24.251687930719825,-14.457499299424633,6.816173178460565,36.867579523266244,-0.39214669057134205,0.48636089837363394,0.32873409992044417,0.6427164841064275
ls_top_z30d,72,8,11621,68.63375416635245,29.924566936207988,6.868881276451155,41.20363124071144,0.7262604298487382,0.5191463729455297,0.642764816169264,1.0554034812091548
ls_top_z30d,72,9,11621,37.4331076121973,-1.2760796179471612,6.337388591488422,40.10942649891173,-0.03181495546892909,0.48636089837363394,1.0555330372350697,1.843303717816501
ls_top_z30d,72,10,11621,82.26727093690239,43.558083706757934,6.35756424924368,52.697484694462084,0.8265685536853603,0.5484037518285861,1.8434975017009008,13.011748220281925
oi24_z30d_preco_cai,4,1,7754,15.330182063923015,12.2904215513635,2.2742957252424336,5.424765851722872,2.2656132794118915,0.5527469693061645,-16.930202061059884,-1.4395659956224398
oi24_z30d_preco_cai,4,2,6661,4.336542596165401,1.2967820836058852,2.030409729232116,3.438706019046269,0.37711338986912,0.5512685782915479,-1.4395019479246933,-0.8487000683085025
oi24_z30d_preco_cai,4,3,6316,5.112265648250017,2.072505135690501,1.9073006982888694,3.022139376451071,0.685774174361298,0.5501899936668778,-0.8486239079579472,-0.4934635951040386
oi24_z30d_preco_cai,4,4,5904,5.971194378234584,2.931433865675068,1.841453267842108,2.7700079979002292,1.058276318298433,0.5443766937669376,-0.49333783478829146,-0.22454298979677434
oi24_z30d_preco_cai,4,5,5674,3.641445698962817,0.601685186403301,1.9441717471093776,2.8755506107064646,0.20924173066648935,0.5393020796616144,-0.22441787370634847,0.008799906948691646
oi24_z30d_preco_cai,4,6,5717,1.2132205560048126,-1.8265399565547034,1.8954238169150601,2.775922181849553,-0.6579939338709087,0.525450411054749,0.008806589556457101,0.2457912096648242
oi24_z30d_preco_cai,4,7,5496,-0.553448678446549,-3.593209191006065,1.9560757360782364,2.9735344796279417,-1.2083966793133198,0.5405749636098981,0.2458322940053772,0.516697670557954
oi24_z30d_preco_cai,4,8,5330,0.4670610100091235,-2.5726995025503925,2.0701908483110016,3.298013626410672,-0.7800754617713145,0.5446529080675422,0.5167591642571773,0.8645482515900437
oi24_z30d_preco_cai,4,9,4757,-7.116831611220103,-10.15659212377962,2.171583373249509,3.429783711703188,-2.9612923080610183,0.5293252049611099,0.8648191092332665,1.4823105042633011
oi24_z30d_preco_cai,4,10,2881,-12.764085432940199,-15.803845945499715,3.3282077095967963,5.939582505866798,-2.6607671380757036,0.5091981950711558,1.482355952133296,10.052000234709014
oi24_z30d_preco_cai,24,1,7754,58.16444372038925,44.019478725749664,5.011479077575128,23.701896457466493,1.8572133586332833,0.5807325251483105,-16.930202061059884,-1.4395659956224398
oi24_z30d_preco_cai,24,2,6661,25.754752053755066,11.609787059115478,4.97334410789842,17.2360588462723,0.6735755060169317,0.5532202372016214,-1.4395019479246933,-0.8487000683085025
oi24_z30d_preco_cai,24,3,6316,28.292868585068916,14.147903590429328,4.705702546725833,13.714633392168938,1.0315918177227972,0.545598480050665,-0.8486239079579472,-0.4934635951040386
oi24_z30d_preco_cai,24,4,5904,24.892725334077777,10.747760339438189,4.4602405641129,11.22932372292359,0.9571155489531097,0.5481029810298103,-0.49333783478829146,-0.22454298979677434
oi24_z30d_preco_cai,24,5,5674,8.16597744648577,-5.9789875481538175,5.043179054288324,13.334168553891402,-0.44839597789611924,0.5333098343320409,-0.22441787370634847,0.008799906948691646
oi24_z30d_preco_cai,24,6,5717,11.167564971053507,-2.977400023586082,5.05958654244723,12.798929353051246,-0.23262883491706077,0.5266748294560084,0.008806589556457101,0.2457912096648242
oi24_z30d_preco_cai,24,7,5496,3.606579939302329,-10.53838505533726,4.842202270494236,12.487155641860253,-0.8439379917721056,0.5340247452692868,0.2458322940053772,0.516697670557954
oi24_z30d_preco_cai,24,8,5330,-10.597238065062998,-24.742203059702586,5.069903370902045,15.01257013650776,-1.6480990819509433,0.5191369606003753,0.5167591642571773,0.8645482515900437
oi24_z30d_preco_cai,24,9,4757,-32.0146690701627,-46.15963406480228,5.582402776032603,19.638175705668246,-2.3505051974598152,0.5215471936094177,0.8648191092332665,1.4823105042633011
oi24_z30d_preco_cai,24,10,2881,-24.435357344737863,-38.58032233937745,7.568982003926865,26.227083753632456,-1.471010757497355,0.5220409580006942,1.482355952133296,10.052000234709014
oi24_z30d_preco_cai,48,1,7754,72.92892184469014,59.821210149805864,6.375074895081189,30.51565698877105,1.9603448214081867,0.5540366262574156,-16.930202061059884,-1.4395659956224398
oi24_z30d_preco_cai,48,2,6661,30.439803291182496,17.332091596298227,6.624091426931821,25.180478878690753,0.6883146138640633,0.5240954811589852,-1.4395019479246933,-0.8487000683085025
oi24_z30d_preco_cai,48,3,6316,39.37432735338944,26.266615658505167,6.631302537249293,24.057108997018137,1.0918442304002902,0.5349905003166561,-0.8486239079579472,-0.4934635951040386
oi24_z30d_preco_cai,48,4,5904,26.769058389354516,13.661346694470245,6.326859753984005,20.609012787819566,0.6628821494324287,0.5350609756097561,-0.49333783478829146,-0.22454298979677434
oi24_z30d_preco_cai,48,5,5674,-8.503360890014712,-21.611072584898984,6.8149765254553705,23.04955234895174,-0.9375918567842306,0.5149806133239337,-0.22441787370634847,0.008799906948691646
oi24_z30d_preco_cai,48,6,5717,-0.715531825138314,-13.823243520022585,6.706688923839418,21.15965971478709,-0.6532828838623729,0.5086583872660486,0.008806589556457101,0.2457912096648242
oi24_z30d_preco_cai,48,7,5496,3.7152911973498046,-9.392420497534467,6.476406345089287,21.134462247361775,-0.444412561228376,0.5238355167394468,0.2458322940053772,0.516697670557954
oi24_z30d_preco_cai,48,8,5330,-24.508329812617106,-37.61604150750138,7.0005882832154995,26.086040121158863,-1.4419989133187878,0.5183864915572233,0.5167591642571773,0.8645482515900437
oi24_z30d_preco_cai,48,9,4757,-44.85213480493636,-57.959846499820635,8.008423870875347,31.84543089564854,-1.820036497221347,0.5135589657347067,0.8648191092332665,1.4823105042633011
oi24_z30d_preco_cai,48,10,2881,-20.3464076622985,-33.45411935718277,9.899701865928108,41.957848712897814,-0.7973268502419428,0.5411315515446026,1.482355952133296,10.052000234709014
oi24_z30d_preco_cai,72,1,7754,87.63486510514791,61.960668187611624,7.702413302430032,42.34896043982251,1.4630977370898435,0.5478462728914109,-16.930202061059884,-1.4395659956224398
oi24_z30d_preco_cai,72,2,6661,66.78681692230525,41.112620004768964,8.293242844085283,36.45326642022196,1.127817176404315,0.5299504578892058,-1.4395019479246933,-0.8487000683085025
oi24_z30d_preco_cai,72,3,6316,58.14089493800244,32.466698020466154,8.303631376991811,32.61985308232245,0.9953048512674235,0.5194743508549715,-0.8486239079579472,-0.4934635951040386
oi24_z30d_preco_cai,72,4,5904,37.104629390840934,11.430432473304649,7.762046865013286,28.379848326686513,0.4027658055718442,0.5279471544715447,-0.49333783478829146,-0.22454298979677434
oi24_z30d_preco_cai,72,5,5674,-10.057221070868428,-35.731417988404715,8.306372422287703,33.05951447455129,-1.0808210149580453,0.5172717659499472,-0.22441787370634847,0.008799906948691646
oi24_z30d_preco_cai,72,6,5717,-2.3986591855865034,-28.07285610312279,7.8716582035831815,27.7725324892859,-1.010813692051769,0.5023613783452859,0.008806589556457101,0.2457912096648242
oi24_z30d_preco_cai,72,7,5496,3.0721952424989456,-22.60200167503734,7.6729390281784955,28.083450259024193,-0.8048156998720101,0.5112809315866085,0.2458322940053772,0.516697670557954
oi24_z30d_preco_cai,72,8,5330,-24.714032125829853,-50.38822904336614,8.577967847416497,37.03640782052557,-1.3605052975856096,0.4936210131332083,0.5167591642571773,0.8645482515900437
oi24_z30d_preco_cai,72,9,4757,-26.73845804657433,-52.412654964110615,9.226235557870307,39.928078895528195,-1.3126766028801011,0.5091444187513139,0.8648191092332665,1.4823105042633011
oi24_z30d_preco_cai,72,10,2881,18.215094064714673,-7.459102852821612,11.911612531837648,57.90768456919804,-0.12881024182391881,0.5664699757028809,1.482355952133296,10.052000234709014
oi24_z30d_preco_sobe,4,1,3692,-0.86218183290956,-2.0770108975898003,2.5928082360396347,4.730458456842998,-0.4390717974883033,0.4956663055254605,-11.185078899395569,-1.4395406872909178
oi24_z30d_preco_sobe,4,2,4784,2.6130955244206056,1.3982664597403653,2.250368495542818,3.5113936939874377,0.3982083986009937,0.4905936454849498,-1.439069022262473,-0.8486802109723168
oi24_z30d_preco_sobe,4,3,5129,2.5120655526585365,1.2972364879782963,2.037405734980613,2.997678580587935,0.43274702510763147,0.4831351140573211,-0.8486660944147683,-0.49338329089510863
oi24_z30d_preco_sobe,4,4,5541,-0.5512725505522447,-1.7661016152324849,1.9560077883893483,2.8195917541130386,-0.6263678465707703,0.4663418155567587,-0.49334081512262085,-0.22446587187398806
oi24_z30d_preco_sobe,4,5,5771,-1.6147112700853812,-2.829540334765621,2.0891203133063234,2.9338602761818473,-0.9644427710947472,0.46265811817709235,-0.2244539378452026,0.008735004483237776
oi24_z30d_preco_sobe,4,6,5728,3.697759158564095,2.482930093883855,2.0493244445663334,2.774194351966154,0.8950094257542297,0.4759078212290503,0.00887000854854327,0.24576995139070323
oi24_z30d_preco_sobe,4,7,5949,-0.336465773532886,-1.5512948382131262,1.8949176420236848,2.7379917022811258,-0.5665812781392592,0.4725163893091276,0.2457960475677528,0.5167023199406945
oi24_z30d_preco_sobe,4,8,6115,-0.837458429856946,-2.052287494537186,1.9583034892044215,2.8164653579180703,-0.7286748579269713,0.4660670482420278,0.5167046461660225,0.8646680422413928
oi24_z30d_preco_sobe,4,9,6688,1.1430911958877277,-0.07173786879251254,1.92381849668885,2.9940925763107527,-0.023959803167110542,0.4645633971291866,0.8648014966293214,1.4819749121219334
oi24_z30d_preco_sobe,4,10,8565,4.539602932274047,3.3247738675938066,2.1083513801996516,3.574355211003888,0.9301744430319268,0.47647402218330415,1.4827111299027753,16.918713627034414
oi24_z30d_preco_sobe,24,1,3692,50.21936783549052,38.131666613430006,6.192407366735279,18.971500891848468,2.009944644380463,0.5419826652221018,-11.185078899395569,-1.4395406872909178
oi24_z30d_preco_sobe,24,2,4784,14.54009427251221,2.452393050451695,5.225895797753848,14.415513329825554,0.17012179825589133,0.483695652173913,-1.439069022262473,-0.8486802109723168
oi24_z30d_preco_sobe,24,3,5129,17.96108261850762,5.873381396447106,4.925868897991628,12.789237586206413,0.45924406023872205,0.4915188145837395,-0.8486660944147683,-0.49338329089510863
oi24_z30d_preco_sobe,24,4,5541,1.8919897762190199,-10.195711445841495,4.6386337016273655,11.91079962217945,-0.8560056225659074,0.4813210611802924,-0.49334081512262085,-0.22446587187398806
oi24_z30d_preco_sobe,24,5,5771,-5.474044206953374,-17.56174542901389,4.812339204357543,11.656790603655566,-1.5065678046499809,0.45642003119043495,-0.2244539378452026,0.008735004483237776
oi24_z30d_preco_sobe,24,6,5728,2.805828357108731,-9.281872864951783,4.894201673780915,10.948620132974842,-0.8477664538745681,0.46770251396648044,0.00887000854854327,0.24576995139070323
oi24_z30d_preco_sobe,24,7,5949,-0.5420119759301765,-12.629713197990691,4.698709679434668,10.948159421765679,-1.1535923721463144,0.45537065052950076,0.2457960475677528,0.5167023199406945
oi24_z30d_preco_sobe,24,8,6115,5.736479136291377,-6.3512220857691375,4.544272687679859,11.1364058437191,-0.5703116584379159,0.4704824202780049,0.5167046461660225,0.8646680422413928
oi24_z30d_preco_sobe,24,9,6688,18.881532802782186,6.793831580721671,4.827958911772473,13.107019156852944,0.518335366677903,0.4611244019138756,0.8648014966293214,1.4819749121219334
oi24_z30d_preco_sobe,24,10,8565,23.401845337370176,11.314144115309661,4.8663176084409265,17.727076062021492,0.6382408512111648,0.46654991243432575,1.4827111299027753,16.918713627034414
oi24_z30d_preco_sobe,48,1,3692,107.65542556601144,72.62507288292021,9.37954995822219,35.046226758134395,2.072265108142165,0.5501083423618635,-11.185078899395569,-1.4395406872909178
oi24_z30d_preco_sobe,48,2,4784,51.197312220222855,16.166959537131618,7.6644811785752225,25.2024957031878,0.641482483621124,0.5104515050167224,-1.439069022262473,-0.8486802109723168
oi24_z30d_preco_sobe,48,3,5129,49.713613165083544,14.683260481992306,7.300880053542134,22.878902359053182,0.6417816839094179,0.5055566387209982,-0.8486660944147683,-0.49338329089510863
oi24_z30d_preco_sobe,48,4,5541,18.8947042794599,-16.135648403631336,6.76915963523291,20.04782594848913,-0.8048577658789666,0.504421584551525,-0.49334081512262085,-0.22446587187398806
oi24_z30d_preco_sobe,48,5,5771,5.59928763627616,-29.43106504681508,6.89234607765581,21.65486408496228,-1.3590971955004234,0.4922890313637151,-0.2244539378452026,0.008735004483237776
oi24_z30d_preco_sobe,48,6,5728,20.09361551968697,-14.936737163404267,6.907707238952727,20.398617111166427,-0.7322426359592648,0.4788756983240223,0.00887000854854327,0.24576995139070323
oi24_z30d_preco_sobe,48,7,5949,13.266496311019994,-21.763856372071245,6.776783592310922,19.588041485577072,-1.1110787358754703,0.4629349470499244,0.2457960475677528,0.5167023199406945
oi24_z30d_preco_sobe,48,8,6115,20.82195392630523,-14.208398756786007,6.702170360337029,20.304903401827772,-0.6997520980822307,0.4783319705641864,0.5167046461660225,0.8646680422413928
oi24_z30d_preco_sobe,48,9,6688,38.944491519135,3.9141388360437617,6.775451572625437,22.89322388070105,0.17097368445967867,0.4889354066985646,0.8648014966293214,1.4819749121219334
oi24_z30d_preco_sobe,48,10,8565,48.36447615768445,13.334123474593213,6.623636492216041,28.935773598548852,0.46081793628845397,0.48184471687098657,1.4827111299027753,16.918713627034414
oi24_z30d_preco_sobe,72,1,3692,149.88854864903587,103.59459081305134,11.660415650512846,46.99812354011425,2.2042282331682963,0.55931744312026,-11.185078899395569,-1.4395406872909178
oi24_z30d_preco_sobe,72,2,4784,79.70302796178015,33.40907012579562,9.379277280718782,32.899636868503684,1.0154844644434249,0.5342809364548495,-1.439069022262473,-0.8486802109723168
oi24_z30d_preco_sobe,72,3,5129,57.55972310483621,11.26576526885168,9.376598190636564,32.71726026171108,0.3443370618057519,0.5131604601286801,-0.8486660944147683,-0.49338329089510863
oi24_z30d_preco_sobe,72,4,5541,27.03441089178395,-19.25954694420058,8.22367355084951,29.819213597643248,-0.6458770913302272,0.4975636166756903,-0.49334081512262085,-0.22446587187398806
oi24_z30d_preco_sobe,72,5,5771,18.577949576711596,-27.716008259272932,8.459023266032503,31.19883727014225,-0.8883667048001678,0.4919424709755675,-0.2244539378452026,0.008735004483237776
oi24_z30d_preco_sobe,72,6,5728,18.297650042030355,-27.996307793954173,8.440095638732913,28.40712239969778,-0.985538323806146,0.48044692737430167,0.00887000854854327,0.24576995139070323
oi24_z30d_preco_sobe,72,7,5949,7.061828791319246,-39.232129044665285,8.410963069243905,29.891069792733084,-1.312503343530486,0.4673054294839469,0.2457960475677528,0.5167023199406945
oi24_z30d_preco_sobe,72,8,6115,28.20834028412972,-18.08561755185481,8.700181623583967,32.06984847514843,-0.5639445900678239,0.47865903515944397,0.5167046461660225,0.8646680422413928
oi24_z30d_preco_sobe,72,9,6688,51.046603544147914,4.752645708163385,8.431804380711718,33.48330057023961,0.14194077725980211,0.4826555023923445,0.8648014966293214,1.4819749121219334
oi24_z30d_preco_sobe,72,10,8565,62.53990599925677,16.24594816327224,8.513386076285574,43.46219693685094,0.3737949139312271,0.4844133099824869,1.4827111299027753,16.918713627034414
