n,n_blocos,media_bps,ep_bps,ep_agrupado_bps,t_agrupado,mediana_bps,frac_pos,ancora,bucket,h
22.0,18.0,-140.36481697433058,104.73002644627053,115.85008437307668,-1.2116073780516907,-123.20174128139794,0.36363636363636365,ewma24,<-3,16
891.0,340.0,12.17904150443505,11.449686979044127,27.133900340594334,0.4488496438609785,17.306542929000912,0.5420875420875421,ewma24,-3..-2,16
8936.0,2040.0,1.5122872764659094,2.3644771962255184,6.3186505284552155,0.23933706566861415,15.67821315710427,0.553379588182632,ewma24,-2..-1,16
66603.0,4885.0,1.0822129670251688,0.6671212691913706,1.8390838127352487,0.5884522279686675,0.644350655853998,0.501478912361305,ewma24,-1..1,16
9510.0,2771.0,-0.34011620413604565,2.0760313915210156,3.5077904196655316,-0.09696024090529211,-7.099165923181161,0.47423764458464773,ewma24,1..2,16
1403.0,769.0,30.638552107480685,7.330812210774078,9.72011406315071,3.1520774250615533,3.8153377036642677,0.5124732715609408,ewma24,2..3,16
67.0,57.0,-16.47623526471917,42.30135385506909,43.34155305106677,-0.3801487049923246,-37.31650310697887,0.3880597014925373,ewma24,>3,16
26.0,18.0,65.88333478907472,120.72825117295584,167.41981455525922,0.393521728381374,93.21429212894166,0.6153846153846154,ewma48,<-3,16
852.0,305.0,17.815978008455623,13.539184791747752,34.58574478961593,0.515124890813533,32.867178658997354,0.5762910798122066,ewma48,-3..-2,16
8633.0,1919.0,-4.734766217871281,2.382116078777857,6.331989546030537,-0.7477533219933156,13.408380686410482,0.544654233754199,ewma48,-2..-1,16
66568.0,4887.0,2.0336509476949796,0.6572620881245894,1.8139354769835816,1.1211263980992123,0.9251375870888978,0.5022383127028002,ewma48,-1..1,16
9802.0,2785.0,-0.08869383485041572,2.1155683698945866,3.616843561741444,-0.024522441553350257,-5.4066153120102545,0.4803101407875944,ewma48,1..2,16
1469.0,826.0,16.64709074848268,7.334271534040909,9.600087603969339,1.7340561289877836,-6.62822321608747,0.48264125255275697,ewma48,2..3,16
70.0,64.0,-25.28512450906535,37.84351674922984,37.83387391418229,-0.6683197329044078,-38.906410874786076,0.37142857142857144,ewma48,>3,16
33.0,18.0,120.97111428476772,108.88743189517628,158.2454205880785,0.7644525436199646,108.14280519135494,0.6363636363636364,ewma96,<-3,16
712.0,265.0,1.623534664488813,17.09023100183445,45.51522097389052,0.035670147914258,37.69155915216315,0.5856741573033708,ewma96,-3..-2,16
8329.0,1743.0,0.9713927636945652,2.4147064788629624,6.211394006398376,0.15638884970007222,14.106216910305669,0.5444831312282387,ewma96,-2..-1,16
66406.0,4887.0,1.2036313737392461,0.6502171108295202,1.8002471105284226,0.6685923097446033,0.9259691845464602,0.50216847875192,ewma96,-1..1,16
10337.0,2817.0,2.2366779529458634,2.0690214275565437,3.5021801390656386,0.6386530287224449,-4.222438098460124,0.48398955209441813,ewma96,1..2,16
1492.0,854.0,7.5905204844172705,7.422305915062951,9.859076484812823,0.7699017748883382,-13.29936133963372,0.47520107238605896,ewma96,2..3,16
87.0,81.0,69.42601304609623,55.22799905776867,55.45868881398206,1.2518509638582147,-9.294013180176641,0.4827586206896552,ewma96,>3,16
9.0,7.0,-368.6612454829005,187.10660069263554,214.18893638940503,-1.7211964898721843,-152.79469563338034,0.4444444444444444,vwap96,<-3,16
474.0,189.0,45.189166946990674,19.446106358282464,43.78893185753712,1.031976918140161,50.91854120359507,0.6139240506329114,vwap96,-3..-2,16
8047.0,1849.0,-7.646372518883862,2.580953732549,6.861506969995812,-1.1143867596899824,9.654507335661311,0.529886914378029,vwap96,-2..-1,16
69008.0,4903.0,1.9884048052551309,0.6541436805850837,1.8119402438525865,1.0973898350131799,1.2625848163727582,0.5035648040806863,vwap96,-1..1,16
9156.0,2443.0,3.38414287717798,2.246525515010313,3.988256523422788,0.848526883188961,-4.30623722608825,0.4846002621231979,vwap96,1..2,16
693.0,424.0,14.56455923823359,10.207102066665776,13.278858292114911,1.0968231543582432,-10.710461573668617,0.4704184704184704,vwap96,2..3,16
9.0,9.0,-134.76736860404841,76.0136019650544,71.6663112158734,-1.8804842375394748,-57.98201973143735,0.2222222222222222,vwap96,>3,16
1344.0,409.0,12.072944449011526,8.12302973154602,19.368343301304435,0.6233338732796226,17.886101489881234,0.5528273809523809,media96,<-3,16
5234.0,1392.0,-3.10109893287463,3.362420912733488,8.562571300400533,-0.36216912234407544,13.35543408934825,0.5443255636224684,media96,-3..-2,16
15962.0,3215.0,-0.06387830435317252,1.4081874520495554,3.339221436307949,-0.019129700012886938,7.091447046358168,0.5259365994236311,media96,-2..-1,16
41238.0,4689.0,1.1477872896373984,0.8268532562793387,2.0026281707054916,0.573140489296649,0.46503022684607487,0.5008729812309035,media96,-1..1,16
16785.0,3676.0,2.1295766079611202,1.430667856527619,2.702538636470858,0.7879911795607307,-3.235722403251984,0.48424188263330353,media96,1..2,16
5513.0,2049.0,1.0712051299555625,2.8310136598858255,4.335560691904519,0.2470741862651691,-7.452120473048218,0.47596589878469076,media96,2..3,16
1320.0,711.0,34.61706739117904,8.103450865633802,10.934370506892778,3.1658948605552766,4.840718854869364,0.5151515151515151,media96,>3,16
