n,n_blocos,media_bps,ep_bps,ep_agrupado_bps,t_agrupado,mediana_bps,frac_pos,ancora,modo,z,h
5555.0,1905.0,-7.780588433886374,3.0528799300369522,6.7347805330477,-1.1552846296485644,9.656747304731539,0.5382538253825383,ewma24,toque,2.0,8
4530.0,1791.0,-6.090390780948909,4.293201038169145,9.391014239088728,-0.6485338671512759,15.497729057818432,0.541280353200883,ewma24,toque,2.0,16
3704.0,1598.0,-13.805165304907545,6.196988024822279,12.732462630779478,-1.0842494264648312,17.410417474872375,0.5356371490280778,ewma24,toque,2.0,32
2711.0,1243.0,-22.84156805832182,10.692354319594095,19.71482836424971,-1.1585983725702653,24.23175544104872,0.5271117668756916,ewma24,toque,2.0,96
1758.0,924.0,-41.05393029925159,22.766598264845264,37.97957022147333,-1.0809477321583814,10.315629317063646,0.5079635949943118,ewma24,toque,2.0,384
1735.0,791.0,-0.4615588609879914,6.159114084349489,10.816268000029565,-0.04267265391230412,16.169690116517728,0.5406340057636888,ewma24,toque,2.5,8
1453.0,734.0,-9.995650976924605,9.056715357464308,17.16945946721725,-0.5821762179531593,21.963098411426074,0.5464556090846524,ewma24,toque,2.5,16
1231.0,643.0,-17.767012139709543,12.643705901567046,26.257442972687173,-0.6766467000686501,5.035951201746158,0.511779041429732,ewma24,toque,2.5,32
1003.0,543.0,-52.44384827763502,20.264655910169054,36.46196157494173,-1.438316700812848,2.3596713151086135,0.5044865403788634,ewma24,toque,2.5,96
827.0,466.0,-56.86390520508768,35.02360995860194,57.91289996034377,-0.9818866823112917,-23.896338077040724,0.4873035066505441,ewma24,toque,2.5,384
367.0,216.0,25.976848584937773,14.25489035382411,23.210673564935632,1.1191768525055215,25.365576119082966,0.5803814713896458,ewma24,toque,3.0,8
327.0,197.0,22.17424455647104,17.81747892142183,31.987241922206255,0.693221522830863,23.2643670496957,0.5382262996941896,ewma24,toque,3.0,16
301.0,187.0,-41.022942094739975,33.238230859783236,79.97858134214025,-0.5129241030076289,18.712969386243117,0.5249169435215947,ewma24,toque,3.0,32
275.0,170.0,-5.631994084742164,36.33820465215262,60.72490498572916,-0.09274603370833973,13.44839382336982,0.5236363636363637,ewma24,toque,3.0,96
259.0,157.0,51.77684052872406,68.45859813734947,122.98258918692359,0.4210095174531368,96.32935266642662,0.5752895752895753,ewma24,toque,3.0,384
5491.0,1893.0,-9.122630189264463,2.794379344558428,6.00351812492837,-1.5195473719625539,1.6461718311333584,0.5055545437989437,ewma24,reentrada,2.0,8
4476.0,1772.0,-6.438563906365082,3.8947917022795875,8.303732745706673,-0.7753818798773419,6.880684979116425,0.5221179624664879,ewma24,reentrada,2.0,16
3648.0,1600.0,-12.485561495627344,5.8087307991492025,11.140784164614637,-1.1207076011115977,14.164656440436296,0.5320723684210527,ewma24,reentrada,2.0,32
2709.0,1303.0,-15.975629932334806,10.273252792495152,17.894271053705737,-0.8927790287957219,25.899008400342982,0.528608342561831,ewma24,reentrada,2.0,96
1759.0,991.0,-37.011512868673336,22.89039837139066,36.965967413693555,-1.0012320915200208,19.194833392593736,0.5105173393973849,ewma24,reentrada,2.0,384
1726.0,787.0,-13.424147129005062,6.038469132815664,12.907648360889452,-1.0400149394897227,1.6627869839602738,0.5063731170336037,ewma24,reentrada,2.5,8
1461.0,735.0,-26.104631000424,8.330292470559117,16.348809725439935,-1.5967297582406441,-4.082799223823486,0.4893908281998631,ewma24,reentrada,2.5,16
1217.0,653.0,-35.28315413725457,13.380426910976151,32.11529842140464,-1.0986400834357055,0.0,0.4987674609695974,ewma24,reentrada,2.5,32
1000.0,554.0,-47.71890620096347,18.965868619614383,33.39148604637599,-1.4290740500344532,-2.8461270798785243,0.496,ewma24,reentrada,2.5,96
828.0,483.0,-61.18137429031965,34.518494744107905,57.39623584105968,-1.065947503242925,-44.86265414241019,0.47705314009661837,ewma24,reentrada,2.5,384
378.0,217.0,-0.035987415811765004,12.878474872818286,22.794839548740864,-0.0015787527582642217,5.224442211577696,0.5211640211640212,ewma24,reentrada,3.0,8
327.0,198.0,-11.256142103176803,14.045795167648835,25.0639643400732,-0.44909663732564703,-0.7606008750582482,0.4954128440366973,ewma24,reentrada,3.0,16
301.0,188.0,-84.52204953365529,33.47262822435217,90.20122916501613,-0.9370387778089895,11.611338191670484,0.5149501661129569,ewma24,reentrada,3.0,32
275.0,172.0,-12.740923988323594,34.05518165975225,54.18415150172709,-0.23514115539702574,34.31586185038693,0.5454545454545454,ewma24,reentrada,3.0,96
260.0,160.0,26.60637656224403,66.93670798921099,119.132471220813,0.22333437970013142,77.8335947002362,0.5538461538461539,ewma24,reentrada,3.0,384
4066.0,1590.0,-9.121984012976258,3.859140254984526,7.331311813255455,-1.2442499030641636,10.188883825081874,0.5322183964584358,ewma48,toque,2.0,8
3325.0,1483.0,-15.258724429963738,5.397092139668223,10.598384431201715,-1.4397217357998404,15.626572266214112,0.5356390977443609,ewma48,toque,2.0,16
2641.0,1284.0,-21.64545192949951,7.478205976791897,13.44158649374889,-1.6103346089069093,20.26559277122142,0.5342673229837183,ewma48,toque,2.0,32
1817.0,947.0,-57.85323335839782,13.575010167070115,23.09270692685603,-2.5052599308362797,13.269595863523165,0.5156851953769951,ewma48,toque,2.0,96
1269.0,698.0,-91.52020880041528,27.781734974137986,45.43042930136136,-2.014513404513939,-6.57786571982788,0.49566587864460204,ewma48,toque,2.0,384
1382.0,662.0,-17.022773859608403,7.834656603093223,14.47365495870581,-1.1761212981914644,10.074593169333568,0.524602026049204,ewma48,toque,2.5,8
1132.0,615.0,-15.242705849683759,12.080831623053056,24.60900209738893,-0.6193955280820201,15.407807077816305,0.5406360424028268,ewma48,toque,2.5,16
945.0,535.0,-12.619726518190081,15.807516069536023,32.7440016220677,-0.3854057504591944,27.69981183438741,0.5365079365079365,ewma48,toque,2.5,32
687.0,408.0,-42.86758386948334,24.822143390587414,40.25621723725493,-1.06486865412212,12.515924492548791,0.5109170305676856,ewma48,toque,2.5,96
573.0,345.0,-74.63567057231077,43.62394404171717,76.42538971615002,-0.9765821391230531,-13.81897367280116,0.493891797556719,ewma48,toque,2.5,384
341.0,194.0,36.79499458285646,19.370139979231922,24.530361417317476,1.4999776789623913,46.683711419900355,0.6099706744868035,ewma48,toque,3.0,8
290.0,181.0,35.69161646971837,28.885787449930834,47.71943431389488,0.7479471830060176,45.847309285234964,0.5793103448275863,ewma48,toque,3.0,16
254.0,162.0,-0.16000956634428173,40.856840066680356,86.96974484615369,-0.0018398302378296364,51.35109102206381,0.5551181102362205,ewma48,toque,3.0,32
212.0,137.0,107.50832004141618,48.83267075889592,86.10661685601853,1.2485488800609144,103.63859138031285,0.589622641509434,ewma48,toque,3.0,96
199.0,128.0,81.66171668283886,78.96322466641142,125.8496064968261,0.6488833692531121,115.44885701645858,0.5527638190954773,ewma48,toque,3.0,384
4062.0,1584.0,-4.746807403573066,3.363127179438889,6.456850843070532,-0.7351582867470637,3.264055225362661,0.5108321024126047,ewma48,reentrada,2.0,8
3281.0,1467.0,-3.2593515414845875,4.749029488840439,9.263258409440105,-0.35185799611970353,11.96838706530201,0.5306309052118257,ewma48,reentrada,2.0,16
2605.0,1281.0,-12.18043183902443,6.789011535394137,12.115554072760142,-1.0053549153323624,14.096421843683427,0.5289827255278311,ewma48,reentrada,2.0,32
1831.0,1009.0,-35.93074243649695,13.314166979138694,22.165402233769477,-1.621028215845128,24.772424594425857,0.5286728563626434,ewma48,reentrada,2.0,96
1271.0,755.0,-71.58693684152087,27.819284815999993,43.14315726507579,-1.6592883177669102,8.854782160618857,0.5051140833988985,ewma48,reentrada,2.0,384
1386.0,662.0,-11.164737698844645,7.534087344914623,16.91545215686476,-0.6600318806325071,3.172218779805558,0.5079365079365079,ewma48,reentrada,2.5,8
1140.0,607.0,-13.082092942483273,10.9024354743243,24.75456991946038,-0.5284718330815762,1.7681956188053682,0.5026315789473684,ewma48,reentrada,2.5,16
937.0,526.0,-35.95538869069798,16.94175399658184,41.02075244060009,-0.8765170444584851,16.353997523874675,0.5432230522945571,ewma48,reentrada,2.5,32
693.0,410.0,-31.071339692714936,22.90589961110447,37.30444508961563,-0.8329125287368021,16.83982754013158,0.5180375180375181,ewma48,reentrada,2.5,96
572.0,349.0,-79.83068893956107,43.334629362835884,73.93252422733553,-1.0797776725989936,-50.93152257262756,0.47027972027972026,ewma48,reentrada,2.5,384
343.0,189.0,5.972964241667622,16.286518797645268,31.26314049973454,0.19105451807435467,19.711722533806153,0.5393586005830904,ewma48,reentrada,3.0,8
299.0,179.0,-33.18275052599222,27.047518472295025,44.50800364026658,-0.7455456954257019,3.2786885539626276,0.5050167224080268,ewma48,reentrada,3.0,16
254.0,160.0,-65.39888462466742,41.28389783081946,95.73025737847574,-0.6831579316256167,33.687889607003086,0.5551181102362205,ewma48,reentrada,3.0,32
212.0,135.0,61.31842181222294,43.328675369363246,71.70651243593421,0.8551304439329348,54.066887093859876,0.5754716981132075,ewma48,reentrada,3.0,96
200.0,126.0,16.843963025769803,76.33371426148389,121.66494772183002,0.13844548771994036,105.36468754577255,0.55,ewma48,reentrada,3.0,384
2790.0,1283.0,-7.602607558023403,4.950286605355205,8.842350594220042,-0.8597948562447842,14.69747058062243,0.5376344086021505,ewma96,toque,2.0,8
2288.0,1192.0,-14.420553491867507,7.084314146612088,13.58461162218859,-1.0615359417646892,23.526125973098445,0.5511363636363636,ewma96,toque,2.0,16
1797.0,989.0,-28.75380864241871,10.141809383483908,18.91342501245742,-1.5202856501918545,28.950762600552515,0.5453533667223149,ewma96,toque,2.0,32
1236.0,734.0,-52.016832187779606,18.08797776863365,25.664731179631474,-2.026782662312169,37.597840248810854,0.5469255663430421,ewma96,toque,2.0,96
849.0,499.0,-88.88055752293565,34.84876130118586,56.26504507544683,-1.5796762875379213,27.96632224157769,0.5135453474676089,ewma96,toque,2.0,384
982.0,514.0,-20.653206557977356,10.78637849578944,22.62435011508613,-0.9128751302432153,11.677852977749481,0.5274949083503055,ewma96,toque,2.5,8
796.0,473.0,-17.82683172085771,15.606940865540663,29.087550110735556,-0.6128681051856008,23.000444813900955,0.5452261306532663,ewma96,toque,2.5,16
640.0,386.0,-15.007880730938203,21.85685137731442,43.15785801727166,-0.3477438737791873,56.84318859830728,0.571875,ewma96,toque,2.5,32
442.0,289.0,-9.002021266580488,35.15660241125812,53.88263038310677,-0.16706722004059388,33.294929492626025,0.5271493212669683,ewma96,toque,2.5,96
353.0,228.0,-36.632503609402214,58.96072197029381,83.17162771720922,-0.4404447119149323,28.97712836071209,0.5240793201133145,ewma96,toque,2.5,384
287.0,169.0,64.39796569612585,21.047159423471065,38.17828718411547,1.6867693772003316,60.08843542041835,0.6236933797909407,ewma96,toque,3.0,8
244.0,158.0,78.01315274642148,35.357658660862086,58.346890299806645,1.3370575937391476,84.9039647108274,0.6188524590163934,ewma96,toque,3.0,16
201.0,132.0,81.97124064968168,50.10810555131039,85.09369481831123,0.9633056929153623,66.35235195912247,0.5771144278606966,ewma96,toque,3.0,32
159.0,102.0,233.72365466820293,66.66607440907404,118.8416655251839,1.9666810763323932,197.64395794590993,0.6415094339622641,ewma96,toque,3.0,96
145.0,89.0,254.92294580544896,96.70667878933793,162.42275074960804,1.5695026997691957,258.0373641357303,0.6206896551724138,ewma96,toque,3.0,384
2764.0,1267.0,-0.5062783047550173,4.133387656547059,7.251262170834292,-0.06981933528639299,6.614695043749008,0.5209840810419681,ewma96,reentrada,2.0,8
2257.0,1170.0,2.8679116497406434,5.933026485763247,10.471715418022123,0.27387219144676955,16.24437792983713,0.539211342490031,ewma96,reentrada,2.0,16
1783.0,978.0,-17.522019237024075,9.570079787093622,18.76318117706818,-0.933851198880869,26.686378133753408,0.5586090858104319,ewma96,reentrada,2.0,32
1246.0,758.0,-37.34702289285342,17.29662847210538,25.45062680660276,-1.4674303771239272,45.16849393845001,0.5457463884430177,ewma96,reentrada,2.0,96
851.0,541.0,-77.03529472367458,34.22454632535979,52.75353831825071,-1.4602867822616423,26.852207029275377,0.5146886016451234,ewma96,reentrada,2.0,384
973.0,501.0,-7.809430861348241,10.25356877432755,23.239071153858124,-0.3360474611762496,3.711539217903237,0.5066803699897225,ewma96,reentrada,2.5,8
800.0,467.0,2.2861376738475805,14.212742249715943,31.86189881141327,0.07175145735597722,23.047101030138073,0.5475,ewma96,reentrada,2.5,16
640.0,395.0,-11.58829829646409,20.420782556793,44.478711761232674,-0.2605358347308154,37.425289413322844,0.5625,ewma96,reentrada,2.5,32
447.0,302.0,15.085959946755777,31.957539294458194,51.0755450886057,0.29536561813652107,60.536036642337976,0.5503355704697986,ewma96,reentrada,2.5,96
355.0,239.0,-56.123835292199175,58.931626826550904,80.9103314529948,-0.6936547445094148,-9.317390917424895,0.49295774647887325,ewma96,reentrada,2.5,384
284.0,162.0,28.766723787799066,22.31017127297719,43.35358744286367,0.663537332999516,20.71513961518945,0.5422535211267606,ewma96,reentrada,3.0,8
248.0,148.0,22.517981393623234,30.74416076000116,54.62611010177826,0.4122201151000536,12.102374556557383,0.5241935483870968,ewma96,reentrada,3.0,16
198.0,123.0,29.280662735272095,51.42453734377508,87.31744535367967,0.33533576957812555,49.40344288614784,0.5606060606060606,ewma96,reentrada,3.0,32
158.0,97.0,173.4850780844496,60.53806672744222,103.51149502557257,1.6759981878494754,160.1854358266486,0.6392405063291139,ewma96,reentrada,3.0,96
145.0,87.0,169.57232814196288,94.19583911817692,154.9101493937186,1.094649568189228,207.6769004882184,0.5655172413793104,ewma96,reentrada,3.0,384
2209.0,895.0,-6.828822103962186,6.090862424647058,12.470561482648034,-0.5475954000518777,11.717059849392086,0.5341783612494342,vwap96,toque,2.0,8
1786.0,831.0,-5.070535879535087,8.398792328412329,17.409481042301834,-0.2912514087705784,25.064915086010497,0.5498320268756999,vwap96,toque,2.0,16
1422.0,705.0,-11.572060288267647,11.771198423821046,24.679431912863947,-0.46889492145221573,38.63583550375971,0.559774964838256,vwap96,toque,2.0,32
994.0,543.0,-31.11271776245574,19.190974512145385,30.11810549228675,-1.0330237328647285,35.65097995673949,0.5331991951710262,vwap96,toque,2.0,96
757.0,439.0,-88.12548978966196,36.16332505073942,57.36176800957255,-1.5363105574945937,-5.228758289063107,0.49933949801849403,vwap96,toque,2.0,384
445.0,237.0,1.7765822346866096,15.493220377458366,28.99411985461097,0.06127388048318623,19.51507514050599,0.5438202247191011,vwap96,toque,2.5,8
376.0,221.0,10.369571404830765,21.99546884518968,45.40147661104845,0.22839722799472406,40.309214241966984,0.5930851063829787,vwap96,toque,2.5,16
314.0,185.0,6.154558908309418,33.85246024257455,79.59661842135955,0.07732186404865986,57.85966196674042,0.5668789808917197,vwap96,toque,2.5,32
252.0,154.0,129.0428631381279,45.55817426199681,92.37537732008936,1.3969400383717216,105.09831832313048,0.5912698412698413,vwap96,toque,2.5,96
229.0,138.0,110.04062428834291,72.17363252516525,120.53476721248342,0.9129367968526374,172.62948832913239,0.5851528384279476,vwap96,toque,2.5,384
56.0,45.0,115.5982147695577,40.88952240314217,44.92120022377269,2.573355435600808,103.56713156636555,0.7142857142857143,vwap96,toque,3.0,8
50.0,43.0,75.97719454214625,68.35038169252287,93.83258935924526,0.8097100917812439,83.0384623892788,0.68,vwap96,toque,3.0,16
48.0,40.0,142.25473074436016,87.47994245703121,120.4575514826306,1.1809531988110566,83.26470365366046,0.625,vwap96,toque,3.0,32
39.0,32.0,212.4654479083211,129.56330848297208,143.5659341276048,1.4799154771596217,113.13227532158798,0.6410256410256411,vwap96,toque,3.0,96
38.0,32.0,241.27458505798705,182.96539832207668,200.8777906523752,1.2011013476124877,143.09255957630106,0.5263157894736842,vwap96,toque,3.0,384
2215.0,893.0,-3.1211708347994773,5.335080464983426,11.265130410001143,-0.2770647761013501,6.1276218389494375,0.5209932279909707,vwap96,reentrada,2.0,8
1794.0,812.0,0.7498582479224467,7.803296239593331,17.219029847714175,0.04354822859093832,14.157989610810162,0.5340022296544036,vwap96,reentrada,2.0,16
1422.0,698.0,-12.951855344766226,11.618393071574978,24.66230384095568,-0.5251681038515797,31.774944829350837,0.559774964838256,vwap96,reentrada,2.0,32
998.0,544.0,-33.800021795041694,18.4948782122594,28.84302002649305,-1.171861398840881,25.07955703075604,0.5240480961923848,vwap96,reentrada,2.0,96
760.0,441.0,-101.70262629825642,35.11674383087825,51.83858370192642,-1.9619098176572476,-38.36209461907908,0.4868421052631579,vwap96,reentrada,2.0,384
450.0,238.0,9.363550644572209,15.061204445667904,32.21136551677272,0.290690894172013,17.438587872928846,0.56,vwap96,reentrada,2.5,8
378.0,219.0,-7.426824246117817,20.7933799555591,42.702265023148804,-0.17392108456288563,16.377733291774167,0.5317460317460317,vwap96,reentrada,2.5,16
317.0,188.0,-8.551271559242538,34.318469357948786,83.38929598869235,-0.1025463934891847,51.285053794787316,0.555205047318612,vwap96,reentrada,2.5,32
252.0,155.0,94.03180128780149,43.82269976347612,90.4995538557179,1.0390305507772446,69.4526592260658,0.5674603174603174,vwap96,reentrada,2.5,96
229.0,139.0,52.62910643511925,72.24661082131536,120.32918534570796,0.4373760720137418,111.187893830631,0.5458515283842795,vwap96,reentrada,2.5,384
57.0,45.0,7.657591070192249,44.05608389294082,66.04719030981988,0.11594120861570882,44.31390415506442,0.631578947368421,vwap96,reentrada,3.0,8
51.0,44.0,8.07372992723709,52.86046210542193,79.00095604979018,0.10219787621492378,-0.5714195014228096,0.49019607843137253,vwap96,reentrada,3.0,16
47.0,40.0,39.46485274925362,77.08234615949023,120.66405245050373,0.3270638765049107,33.76994036654146,0.5319148936170213,vwap96,reentrada,3.0,32
39.0,32.0,153.66630383152443,116.1848732221544,130.5942542516739,1.1766697142386324,101.05068893114355,0.6153846153846154,vwap96,reentrada,3.0,96
38.0,32.0,165.4733838946855,184.9544212988512,200.361426198947,0.8258744561459662,176.2104793911623,0.5526315789473685,vwap96,reentrada,3.0,384
15000.0,3743.0,-4.26619668344329,1.4705409149148545,2.6921227710124747,-1.584696184505295,8.84407076026772,0.5354666666666666,media96,toque,2.0,8
12124.0,3609.0,-9.740419774404097,2.2118878140568365,4.486111792369154,-2.171238753116337,10.66450367218974,0.5337347410095677,media96,toque,2.0,16
9444.0,3267.0,-11.324104218056222,3.2793139205538893,6.029327115254499,-1.8781704826407035,11.927634944910448,0.5285895806861499,media96,toque,2.0,32
5859.0,2524.0,-13.315668226787757,6.508674147213629,11.087285521930038,-1.2009854170752707,24.878014936213777,0.5296125618706264,media96,toque,2.0,96
2690.0,1505.0,13.403762377045311,17.87337621336107,24.89269139755052,0.5384617582317459,32.833845791420124,0.5178438661710038,media96,toque,2.0,384
9119.0,2705.0,-3.522709176927126,2.161346483097171,4.44472226348385,-0.792560022449179,8.87390243696995,0.5341594473078188,media96,toque,2.5,8
7464.0,2561.0,-5.048169334397293,3.0737244754041964,6.397198937198619,-0.7891218303440668,13.844278988726089,0.5388531618435155,media96,toque,2.5,16
5977.0,2270.0,-7.4430651588114936,4.422962690402006,8.370828736000325,-0.8891670578327795,17.87020214007118,0.5362221850426635,media96,toque,2.5,32
3978.0,1722.0,-2.050366228070819,8.288938939738422,15.048426719592848,-0.13625120195463822,34.754846036553765,0.5364504776269482,media96,toque,2.5,96
2317.0,1210.0,2.725472828084014,19.503719931218477,29.76610538938829,0.09156296372771877,43.86239920647128,0.525679758308157,media96,toque,2.5,384
5338.0,1794.0,0.3336403201464636,3.2884692406040283,7.295073336992018,0.045735019338960306,14.466860631412448,0.5511427500936681,media96,toque,3.0,8
4412.0,1693.0,4.636945506094396,4.5293740672456275,9.749093684962329,0.4756283666908175,21.762786433390247,0.5528105167724388,media96,toque,3.0,16
3596.0,1486.0,1.749468194365299,6.194571840071995,12.939408029902578,0.135204654673717,29.963430501955823,0.5556173526140156,media96,toque,3.0,32
2663.0,1194.0,3.9094337975120936,10.844978367711187,20.527323042347057,0.19045024962325025,46.60908228458993,0.5512579797221179,media96,toque,3.0,96
1901.0,979.0,-34.65560716743012,21.528967181456675,33.02775205760156,-1.0492874933477012,38.87976271183646,0.524986849026828,media96,toque,3.0,384
14713.0,3716.0,-0.8483289179275192,1.2067863829011227,2.1894619775352937,-0.38745999091635025,1.8968133592529162,0.506151022904914,media96,reentrada,2.0,8
11824.0,3587.0,-2.438901074236739,1.8706616112806118,3.4361722112601676,-0.7097726552367136,3.2559404544207915,0.5092185385656293,media96,reentrada,2.0,16
9151.0,3266.0,-8.00168101674424,2.994026899444358,5.3383930306567935,-1.4988932007802684,9.027863882069553,0.521145230029505,media96,reentrada,2.0,32
5829.0,2699.0,-4.6568673620814725,6.105864277215188,9.347429545130787,-0.49819764242109776,22.077279413728057,0.5278778521187167,media96,reentrada,2.0,96
2681.0,1652.0,14.714069136459008,17.558490161716414,23.239504439246172,0.6331490060351861,28.085792716954217,0.5169712793733682,media96,reentrada,2.0,384
8881.0,2707.0,-0.6999520567302258,1.7059383930912302,3.403070208910993,-0.20568252012473626,1.9105238077538056,0.5059114964531022,media96,reentrada,2.5,8
7259.0,2549.0,-2.555288037640764,2.5907449971959142,4.85476990762505,-0.5263458590750821,7.91717742766096,0.5252789640446343,media96,reentrada,2.5,16
5825.0,2322.0,-2.5088578246828246,3.818935359805305,6.843305981620663,-0.3666148834234452,10.68947188904934,0.5242918454935622,media96,reentrada,2.5,32
3961.0,1903.0,-1.0164654504771773,7.786652488928409,12.734864995621626,-0.07981752855853974,34.330034661520514,0.5410249936884625,media96,reentrada,2.5,96
2306.0,1322.0,10.971431006596903,19.059989634764676,27.14143904125751,0.40423173546248997,36.19949569737713,0.5203816131830009,media96,reentrada,2.5,384
5198.0,1813.0,-5.231710184695422,2.3717148582118335,4.181609312601635,-1.2511236209775072,0.0,0.4998076183147364,media96,reentrada,3.0,8
4298.0,1707.0,-6.907762172333299,3.647677289866738,6.591829174006738,-1.0479279711270986,2.9117856827257094,0.5076779897626803,media96,reentrada,3.0,16
3520.0,1551.0,-6.632688008489818,5.361174389419356,9.82335365553676,-0.6751958894151612,15.22156835971164,0.5346590909090909,media96,reentrada,3.0,32
2660.0,1311.0,-8.92436083196868,10.077411027710838,16.392115540954748,-0.5444300834551637,35.23581728614222,0.543233082706767,media96,reentrada,3.0,96
1905.0,1066.0,-33.28256612767765,21.003473019914065,30.51542868615109,-1.0906799465275865,30.503328176227917,0.5170603674540682,media96,reentrada,3.0,384
