n,n_blocos,media_bps,ep_bps,ep_agrupado_bps,t_agrupado,mediana_bps,frac_pos,ancora,modo,h,filtro,estado
1304.0,774.0,-10.603918191247901,5.393219490829346,7.90337374157195,-1.341695146652501,3.1659988860377464,0.5099693251533742,ewma24,toque,16,vol,True
3226.0,1338.0,-4.265951926940885,5.620774653852336,12.468075740893768,-0.34214998493705673,22.242702123971835,0.5539367637941723,ewma24,toque,16,vol,False
3062.0,1351.0,-11.001126149184177,5.307975254099632,10.776077679816364,-1.020884080094312,15.222864031720906,0.539190071848465,ewma24,toque,16,vr,True
1448.0,868.0,4.039513199511886,7.289433132295218,10.730841749628238,0.37643954628739457,15.29875356940047,0.5435082872928176,ewma24,toque,16,vr,False
292.0,193.0,1.4810808628607717,13.50329039160129,20.48233044599903,0.07231017323763969,14.016926790532679,0.5445205479452054,ewma24,toque,16,tend,True
4232.0,1717.0,-6.854522200354514,4.498056168571053,9.844683466704684,-0.69626638820201,15.497729057818432,0.5406427221172023,ewma24,toque,16,tend,False
855.0,521.0,-27.149676617773622,16.199575956975362,26.545561972765302,-1.0227576513779635,17.69262045180575,0.519298245614035,ewma24,toque,96,vol,True
1856.0,897.0,-20.85695985878987,13.722259248514009,24.30670808596835,-0.8580742314024032,27.528866851476707,0.5307112068965517,ewma24,toque,96,vol,False
1842.0,931.0,-37.26294289534755,13.16351290693727,22.040836101801116,-1.6906320033976627,12.434451106393407,0.5130293159609121,ewma24,toque,96,vr,True
857.0,549.0,10.124474848458679,18.29385139634355,26.223932390487025,0.3860776750679629,52.00584368578731,0.558926487747958,ewma24,toque,96,vr,False
274.0,181.0,-59.08513461006498,30.20508547089219,51.057402790528386,-1.1572295373595818,-46.107976961655694,0.46715328467153283,ewma24,toque,96,tend,True
2434.0,1161.0,-18.687456286906855,11.406408882054134,20.458774202223093,-0.9134201346665353,31.950101974145827,0.5341002465078061,ewma24,toque,96,tend,False
1112.0,690.0,-12.601321067365332,5.278925709553428,6.813452379472938,-1.8494766478928732,1.0605597419721668,0.5026978417266187,ewma24,reentrada,16,vol,True
3364.0,1381.0,-4.401409934001148,4.879503208616607,10.512465326427002,-0.4186848467349103,10.025115509739724,0.5285374554102259,ewma24,reentrada,16,vol,False
3029.0,1343.0,-10.474449914840752,4.805986740128913,9.882022079846706,-1.0599500618605413,6.729874959576776,0.520633872565203,ewma24,reentrada,16,vr,True
1427.0,862.0,2.804191473610592,6.629316738064204,9.157785546242943,0.3062084670415802,7.676561277696337,0.5262789067974772,ewma24,reentrada,16,vr,False
201.0,141.0,-14.019512805945752,15.243040401030246,19.213222422582252,-0.7296804511807412,-0.8752352200236402,0.4925373134328358,ewma24,reentrada,16,tend,True
4269.0,1720.0,-6.11410886690264,4.017070800853241,8.613862359464054,-0.7097987652641171,7.1807221822939304,0.5235418130709768,ewma24,reentrada,16,tend,False
731.0,473.0,-42.0930207363939,16.75854152950907,28.273877347460985,-1.4887601095211616,0.35750674797885296,0.5006839945280438,ewma24,reentrada,96,vol,True
1978.0,996.0,-6.323550722139055,12.628911208002373,20.86394510641782,-0.30308509200371264,33.37943721021696,0.538928210313448,ewma24,reentrada,96,vol,False
1845.0,976.0,-27.645022506805635,12.821297554697198,21.25299420162082,-1.300758953987638,16.122225287866776,0.5159891598915989,ewma24,reentrada,96,vr,True
853.0,573.0,12.523040724282057,16.906027892299726,22.39525937712611,0.5591826606425796,47.99754057948746,0.5580304806565064,ewma24,reentrada,96,vr,False
189.0,133.0,-51.00657328152301,36.76184539694798,52.83460280208884,-0.9654009035061099,-12.779554454920294,0.4708994708994709,ewma24,reentrada,96,tend,True
2517.0,1246.0,-13.101931782104906,10.700244372097146,18.54144273089197,-0.7066295742065275,29.63346882826956,0.5331744139849026,ewma24,reentrada,96,tend,False
641.0,451.0,-16.74286527845939,8.59971127956369,11.23325939659014,-1.490472594582984,4.752004841426238,0.5117004680187207,ewma48,toque,16,vol,True
2684.0,1229.0,-14.904277975460863,6.363410435702732,12.475069189233317,-1.1947250752183474,19.01275321941953,0.5413561847988078,ewma48,toque,16,vol,False
2179.0,1081.0,-27.539848139592777,6.848943731051845,13.009685293376975,-2.11687273892881,14.746131813203611,0.5346489215236347,ewma48,toque,16,vr,True
1135.0,724.0,6.897382892773768,8.683072518313038,11.102650861812707,0.6212374845089604,16.39839835817697,0.5348017621145374,ewma48,toque,16,vr,False
26.0,21.0,-0.5166569983073585,34.64040643310268,44.841303638058726,-0.011521899596800519,-33.89927785782065,0.4230769230769231,ewma48,toque,16,tend,True
3296.0,1475.0,-15.69218492061367,5.43451505172453,10.670039929372377,-1.470677244366854,15.682346617895693,0.5361043689320388,ewma48,toque,16,tend,False
352.0,251.0,-74.44456710384262,26.451179149026196,38.21119630923832,-1.9482396337809544,13.423494356794574,0.5142045454545454,ewma48,toque,96,vol,True
1465.0,791.0,-53.86678320249574,15.593312074680687,24.689572013752283,-2.181762534097048,13.269595863523165,0.5160409556313993,ewma48,toque,96,vol,False
1223.0,689.0,-72.42351908039902,17.027544024710643,26.905619306594936,-2.691761830683712,11.562492566463689,0.5102207686017989,ewma48,toque,96,vr,True
588.0,411.0,-24.306608340735725,22.190875850061875,31.717459736920528,-0.7663478898482452,18.752371922699517,0.5289115646258503,ewma48,toque,96,vr,False
26.0,21.0,-168.81895748916307,80.76946922196127,107.13546413180009,-1.5757523324067442,-100.12088370368045,0.46153846153846156,ewma48,toque,96,tend,True
1789.0,938.0,-56.49487672053992,13.73214990439879,23.241622837710523,-2.4307629942636613,13.535726711318974,0.5164896590273896,ewma48,toque,96,tend,False
546.0,401.0,-10.021633126932043,7.6649344002468345,9.917959803621708,-1.0104530896840778,6.036057290286223,0.5238095238095238,ewma48,reentrada,16,vol,True
2735.0,1251.0,-1.9093677222325551,5.487884502966489,10.820764194050593,-0.17645405518423107,12.468829545631554,0.5319926873857403,ewma48,reentrada,16,vol,False
2114.0,1065.0,-12.989322220477582,5.946289255822884,11.330805617170618,-1.1463723462693298,9.830925224859342,0.5269631031220435,ewma48,reentrada,16,vr,True
1157.0,720.0,14.308197106958842,7.83775123005082,11.462408271166245,1.24827145992969,16.556976390926792,0.5350043215211755,ewma48,reentrada,16,vr,False
12.0,12.0,10.331514426865986,32.833574540998384,31.435754310090218,0.32865489165468464,41.23040638141173,0.6666666666666666,ewma48,reentrada,16,tend,True
3266.0,1461.0,-3.4495179007001937,4.7685040357619295,9.304041619040836,-0.3707547796906575,11.532184354974827,0.5296999387630129,ewma48,reentrada,16,tend,False
297.0,230.0,-82.3409383157439,27.815444758038904,36.293180080019525,-2.268771657214878,6.356605786663749,0.5084175084175084,ewma48,reentrada,96,vol,True
1534.0,870.0,-26.945196037451094,14.94430458548233,23.98198851858964,-1.123559708844182,26.3692180314834,0.5325945241199479,ewma48,reentrada,96,vol,False
1218.0,720.0,-47.18794271618725,16.717394847981854,26.18858241481093,-1.8018517370951759,14.969319264214743,0.5205254515599343,ewma48,reentrada,96,vr,True
607.0,448.0,-12.109662036496978,21.921280043380825,30.607983492776025,-0.39563736824920376,40.962678885152485,0.5469522240527183,ewma48,reentrada,96,vr,False
12.0,12.0,-91.08142618773108,107.14678635125311,102.58523776166653,-0.8878609454445878,-64.91952931991881,0.4166666666666667,ewma48,reentrada,96,tend,True
1817.0,1003.0,-35.68905073174087,13.3974493061459,22.27533110868708,-1.6021782373337032,25.632824031648347,0.5294441386901486,ewma48,reentrada,96,tend,False
307.0,256.0,-24.60434451720186,12.802927434298368,14.935163177012189,-1.6474104919772299,5.173427511033779,0.50814332247557,ewma96,toque,16,vol,True
1981.0,1022.0,-12.842348623226593,7.938357959995568,15.387404796162746,-0.8346013374801948,26.617542332814104,0.557799091367996,ewma96,toque,16,vol,False
1443.0,823.0,-20.110228631848845,9.416729105014467,17.490771387877714,-1.1497622480953922,27.55045904366371,0.553014553014553,ewma96,toque,16,vr,True
839.0,603.0,-2.6552279311298745,10.299001354105238,12.777200506731926,-0.20780983516153748,17.16317694826941,0.5482717520858165,ewma96,toque,16,vr,False
4.0,3.0,75.31832912561097,52.305927065189294,41.73209472660806,1.8048058603104,67.96459311144032,0.75,ewma96,toque,16,tend,True
2283.0,1191.0,-14.876571762043822,7.09265378622967,13.60549391393174,-1.0934238665757312,23.05433661583256,0.5505913272010512,ewma96,toque,16,tend,False
149.0,131.0,-104.64684276293885,45.03946461902717,49.10801105394678,-2.1309525781441403,5.928006550526277,0.5234899328859061,ewma96,toque,96,vol,True
1087.0,634.0,-44.80259890746801,19.615607944620916,27.957984443640747,-1.6024974546281607,47.98364056324722,0.5501379944802208,ewma96,toque,96,vol,False
807.0,497.0,-58.638548147222465,22.6207619857131,31.75479380531667,-1.8466045947810463,53.68339763968555,0.5588599752168525,ewma96,toque,96,vr,True
425.0,333.0,-36.469146356636344,29.98851698052819,34.58619352686998,-1.0544423261930662,19.805003426639487,0.5247058823529411,ewma96,toque,96,vr,False
4.0,3.0,-21.901646554493,176.73942846189126,162.44294383862177,-0.13482670306843916,-138.81189797954497,0.25,ewma96,toque,96,tend,True
1231.0,733.0,-52.920269411197076,18.136678568425772,25.70573053040971,-2.0586954083484517,38.00168373431667,0.5475223395613322,ewma96,toque,96,tend,False
265.0,229.0,-12.788417484644444,12.039386977162549,12.639242088000294,-1.0118025586981816,4.895002300491225,0.5094339622641509,ewma96,reentrada,16,vol,True
1992.0,1016.0,4.950706439204519,6.528150396080352,11.675449312945284,0.42402705938823,18.069199397690028,0.5431726907630522,ewma96,reentrada,16,vol,False
1375.0,804.0,1.877592536744097,7.896872411326321,13.690130385096577,0.1371493538723409,17.86559247722974,0.5410909090909091,ewma96,reentrada,16,vr,True
876.0,603.0,6.842261771117838,8.67016011039972,10.91890809717861,0.6266434070349802,14.607078583120936,0.5365296803652968,ewma96,reentrada,16,vr,False
0.0,0.0,,,,,,,ewma96,reentrada,16,tend,True
2256.0,1170.0,2.5974313047745268,5.929485559626247,10.47127730194546,0.24805295761692317,16.242069689450524,0.5390070921985816,ewma96,reentrada,16,tend,False
123.0,111.0,-166.78657270173306,49.48732898939396,53.17762032576627,-3.1364053464596195,-27.75560047543202,0.4634146341463415,ewma96,reentrada,96,vol,True
1123.0,673.0,-23.169761426698297,18.36707860089775,27.399465950962227,-0.8456282129062669,57.487942170242334,0.5547640249332146,ewma96,reentrada,96,vol,False
793.0,515.0,-36.48495660181441,22.218386137220822,32.72488564014429,-1.1148994377861956,62.6547803978017,0.562421185372005,ewma96,reentrada,96,vr,True
448.0,351.0,-34.80219650325203,27.22971732694114,30.51134215988865,-1.1406314517689193,17.15400952374324,0.515625,ewma96,reentrada,96,vr,False
0.0,0.0,,,,,,,ewma96,reentrada,96,tend,True
1245.0,758.0,-38.06035378386775,17.295799593351823,25.455572351036064,-1.4951678657627456,44.86103698129629,0.5453815261044177,ewma96,reentrada,96,tend,False
6022.0,2512.0,-7.516921046439057,2.40580010083895,3.7171259543682593,-2.0222400689988427,10.1203317216092,0.537363002324809,media96,toque,16,vol,True
6102.0,2325.0,-11.93476742104544,3.6982364656964606,7.323865196848968,-1.6295722409227675,11.246752008786526,0.5301540478531629,media96,toque,16,vol,False
8662.0,3088.0,-9.951837628567404,2.68290942473734,4.998245635207746,-1.991066136979434,11.353116942878216,0.5347494804894943,media96,toque,16,vr,True
3422.0,1845.0,-8.682833792045113,3.888823264045489,5.592108418574805,-1.5526941078617365,8.86840578265713,0.5315604909409702,media96,toque,16,vr,False
1208.0,700.0,-3.9585215208720097,7.120423018884607,10.914143675651147,-0.36269648251958175,17.246215768167428,0.5529801324503312,media96,toque,16,tend,True
10912.0,3495.0,-10.317928816948266,2.3265992504019626,4.732338770874024,-2.180302238810902,9.832989196046915,0.531616568914956,media96,toque,16,tend,False
2840.0,1566.0,-15.783752812129244,8.510326391348453,12.752493569324931,-1.2376993351398942,21.621635268003757,0.530281690140845,media96,toque,96,vol,True
3019.0,1497.0,-10.993919229646382,9.771628923367654,15.834014568932243,-0.6943229199256541,29.27870071347982,0.5289831069890693,media96,toque,96,vol,False
4180.0,2051.0,-11.312837275433516,7.752181890103197,12.469802931439501,-0.9072186094385675,32.62596103257076,0.5363636363636364,media96,toque,96,vr,True
1659.0,1071.0,-16.770385158573916,12.00310634036952,15.370574790339711,-1.0910707886548248,12.776972288790489,0.5147679324894515,media96,toque,96,vr,False
880.0,537.0,27.236479018599667,15.819864201589441,24.05618774559135,1.132202629387574,37.529603720502095,0.5454545454545454,media96,toque,96,tend,True
4976.0,2343.0,-20.378893665379643,7.126947939685903,11.746186853218695,-1.7349369561404013,22.956474792314996,0.5269292604501608,media96,toque,96,tend,False
5584.0,2436.0,-3.834674045705563,2.166769966299785,3.0988175786214422,-1.2374636287598053,1.9981742803787395,0.5060888252148997,media96,reentrada,16,vol,True
6240.0,2333.0,-1.1898632100248934,2.967403938055577,5.507422408095967,-0.2160472035476673,4.433998821971041,0.5120192307692307,media96,reentrada,16,vol,False
8377.0,3087.0,-2.007221529691942,2.25674155096024,3.827410704102347,-0.5244332748352651,4.834421172232872,0.5136683777008476,media96,reentrada,16,vr,True
3408.0,1857.0,-3.367795407734619,3.3494183512908844,4.760002575138959,-0.7075196608767177,-0.5670650627709328,0.49765258215962443,media96,reentrada,16,vr,False
693.0,502.0,4.828932141858036,7.031382998239048,8.560968840760935,0.5640637446157111,2.2889833572392604,0.5108225108225108,media96,reentrada,16,tend,True
11126.0,3499.0,-2.889527892931485,1.9388057636706855,3.6193923084938184,-0.798346143950872,3.2559404544207915,0.5090778357001617,media96,reentrada,16,tend,False
2695.0,1609.0,-11.823504460856464,8.041970929060467,10.768359801541747,-1.0979856430097783,16.803902458573106,0.525417439703154,media96,reentrada,96,vol,True
3134.0,1636.0,1.5058917257291886,9.007784195672171,13.360417110589527,0.11271292754292918,26.248485509576813,0.5299936183790683,media96,reentrada,96,vol,False
4139.0,2174.0,-0.8759044184371472,7.305699164680712,10.532284490273769,-0.0831637636873574,24.437086694006904,0.5334621889345252,media96,reentrada,96,vr,True
1670.0,1146.0,-14.311876573111343,11.160842261014196,13.682687443983227,-1.0459843237451714,12.14698170429962,0.5149700598802395,media96,reentrada,96,vr,False
495.0,372.0,54.01746748978579,19.492411426981143,23.616586319340122,2.2872682257871344,27.44615418533769,0.5494949494949495,media96,reentrada,96,tend,True
5331.0,2558.0,-10.215052023763738,6.419963005283483,9.861355718365296,-1.0358669046629903,21.014431269572587,0.5257925342337273,media96,reentrada,96,tend,False
