ancora,modo,z,filtro,n,media,ep,PF,acerto,dd,n_pos,metades_pos,R_pct,dur_h,frac_stop,frac_alvo
ewma24,toque,2.0,nenhum,4246,-0.12482282382801664,0.018998744011253777,0.8030283699067358,0.3765897315120113,545.7201443966651,2,0,2.426208734737581,11.791980687706076,0.5843146490814884,0.16627414036740462
ewma24,toque,2.0,vol,1263,-0.1520408668910982,0.036018874873597916,0.7743886218692567,0.3507521773555028,196.21057511776377,3,0,1.9698484003499896,10.831353919239906,0.6096595407759303,0.20506730007917656
ewma24,toque,2.0,vr,2926,-0.17533518090841504,0.022536096548289607,0.7320210692864827,0.3574846206425154,537.1087072356303,1,0,2.4305593808828942,11.5129015721121,0.605604921394395,0.15379357484620643
ewma24,toque,2.0,tend,292,-0.12980646970123536,0.07433004620006248,0.7999030804999103,0.3664383561643836,49.2382680077172,5,0,2.318898741804133,11.588184931506849,0.5958904109589042,0.18835616438356165
ewma24,reentrada,2.0,nenhum,4580,-0.1387335375473719,0.017096605780978574,0.7722215696215442,0.39388646288209606,639.4256410832465,0,0,2.527866204252368,12.219759825327511,0.5606986899563319,0.1978165938864629
ewma24,reentrada,2.0,vol,1177,-0.22288223574933602,0.03462949183119305,0.6711911336971659,0.3449447748513169,264.0469326905675,3,0,1.969580891335351,10.838360237892948,0.6142735768903993,0.2141036533559898
ewma24,reentrada,2.0,vr,3122,-0.17249507808453418,0.020436733319172184,0.7226261171827154,0.3814862267777066,554.5573147131912,1,0,2.5308303927064864,12.128763613068546,0.5743113388853299,0.18641896220371557
ewma24,reentrada,2.0,tend,203,-0.1278413801076144,0.08265752463639867,0.790666352154804,0.3891625615763547,38.86587996008172,5,0,2.349311951940394,11.768472906403941,0.5517241379310345,0.2315270935960591
ewma48,toque,2.0,nenhum,2475,-0.1785849587820453,0.023976259230471746,0.7218510095633942,0.35878787878787877,454.2583939880882,0,0,3.453971494836493,23.233939393939394,0.6008080808080808,0.14464646464646463
ewma48,toque,2.0,vol,533,-0.26176921040659723,0.05078487798201078,0.617575957475467,0.32833020637898686,146.9481027243741,3,0,2.9348438487081245,22.877110694183866,0.6378986866791745,0.1575984990619137
ewma48,toque,2.0,vr,1686,-0.17917209125415046,0.02918028763949223,0.7226621304218223,0.3564650059311981,327.75505450935754,1,0,3.435763306856639,22.600830367734282,0.6073546856465006,0.1465005931198102
ewma48,toque,2.0,tend,26,-0.480721329334117,0.19034539871465606,0.34022694427424277,0.23076923076923078,17.58581920756732,3,0,3.8119465393155973,23.26923076923077,0.6538461538461539,0.07692307692307693
ewma48,reentrada,2.0,nenhum,2671,-0.16108975890910365,0.02199228475182544,0.7359102023126767,0.38187944590041184,435.9335242526437,1,0,3.5543637605599447,24.468925496068888,0.5716959940097341,0.16660426806439535
ewma48,reentrada,2.0,vol,486,-0.2535820305361275,0.05180243886755522,0.6201913309166553,0.3333333333333333,133.44261592982045,3,0,2.92969381829812,23.212962962962962,0.6193415637860082,0.18106995884773663
ewma48,reentrada,2.0,vr,1785,-0.16114728906825074,0.026983962012632753,0.7372224109683571,0.3826330532212885,313.4501341509018,2,0,3.5501831307181613,24.041456582633053,0.5770308123249299,0.16918767507002802
ewma48,reentrada,2.0,tend,12,-0.19264945749079385,0.3255701762111094,0.6813312316903679,0.4166666666666667,6.6276834124302715,3,1,4.309615655350703,24.166666666666668,0.5833333333333334,0.16666666666666666
ewma96,toque,2.0,nenhum,1391,-0.1515998183152451,0.03197310469817723,0.7562258563729697,0.3644859813084112,237.83687788273133,4,0,4.929781207542524,45.50916606757728,0.5923795830337887,0.15456506110711718
ewma96,toque,2.0,vol,215,-0.17055066886355638,0.08334739531791857,0.7362228027558013,0.34418604651162793,51.68840053694547,7,0,4.549860364645991,44.85116279069767,0.6046511627906976,0.2
ewma96,toque,2.0,vr,944,-0.12301296576469144,0.039951678110111494,0.8024028218242806,0.3675847457627119,133.51004578532303,4,0,4.935695792293913,44.25688559322034,0.5942796610169492,0.17266949152542374
ewma96,toque,2.0,tend,4,-0.3112828088105295,0.7271136577275393,0.6002960680457239,0.25,3.1151338170587577,1,1,3.7217970598578285,43.0625,0.75,0.25
ewma96,reentrada,2.0,nenhum,1502,-0.09150916745168326,0.02995364264993799,0.8407227469492777,0.4014647137150466,180.59170882521542,4,0,5.13538777648665,49.302430093209054,0.5452729693741678,0.17909454061251665
ewma96,reentrada,2.0,vol,197,-0.24792037352555604,0.08137844768875889,0.6290326582277265,0.3299492385786802,54.537235520893375,6,0,4.470623003819093,44.79187817258883,0.6294416243654822,0.18274111675126903
ewma96,reentrada,2.0,vr,975,-0.06073336398625749,0.037964646411781704,0.8935988457261639,0.40923076923076923,95.97716573129863,5,0,5.188596986095788,48.19384615384615,0.5435897435897435,0.19897435897435897
ewma96,reentrada,2.0,tend,0,,,,,,0,0,,,,
media96,toque,2.0,nenhum,8397,-0.12689438591652516,0.015942621960097814,0.8294280806777053,0.3110634750506133,1145.038472713746,0,0,1.8761780635034655,19.101435036322496,0.6775038704299154,0.2720019054424199
media96,toque,2.0,vol,4650,-0.16576478639641112,0.020830965849516228,0.7818778754054315,0.3062365591397849,834.3541596347552,0,0,1.6489979138475033,17.473172043010752,0.6873118279569892,0.28344086021505377
media96,toque,2.0,vr,6148,-0.12156172107743714,0.01880756197732001,0.8373523925834269,0.3103448275862069,833.84435706087,0,0,1.827764491467116,18.067176317501627,0.6810344827586207,0.27618737800910864
media96,toque,2.0,tend,1169,-0.12743373552777268,0.04482324093839177,0.8369496984858491,0.30538922155688625,169.93986593269273,5,0,1.347273309014724,10.711933276304533,0.6920444824636441,0.2934131736526946
media96,reentrada,2.0,nenhum,9293,-0.1035532234734899,0.013644631878561013,0.8480955313571148,0.3595179167115033,1101.132599931899,1,0,2.0699551470506052,21.111212740772626,0.6253093726460777,0.31615194232217797
media96,reentrada,2.0,vol,4877,-0.15572242104402104,0.019063741469707653,0.7846298450188705,0.335042034037318,830.5294336134237,0,0,1.7081232178034624,18.00435718679516,0.6561410703301209,0.31392249333606725
media96,reentrada,2.0,vr,6767,-0.09166382181132386,0.016109508074150746,0.8654898538004067,0.3633811142308261,743.1296048807302,2,0,2.0049656417848007,19.79699275897739,0.6249445840106399,0.32599379340919166
media96,reentrada,2.0,tend,715,-0.12456591694029517,0.0495617350330435,0.8239727957764091,0.3678321678321678,116.14718687003875,5,0,1.3199113946882244,9.302447552447552,0.627972027972028,0.36083916083916084
ewma24,toque,2.5,nenhum,1510,-0.1863581253928167,0.03271051426189656,0.7223919892889411,0.3423841059602649,307.66167850481236,3,0,2.6234665467709513,12.04635761589404,0.6231788079470199,0.09403973509933775
ewma24,toque,3.0,nenhum,342,-0.15856783770845898,0.07446804396834834,0.7697359280761928,0.3216374269005848,55.51198995236141,6,0,2.6351491265241362,12.451023391812866,0.6403508771929824,0.06140350877192982
ewma24,reentrada,2.5,nenhum,1602,-0.20644068453861333,0.029885737213528465,0.6847971741124343,0.3489388264669164,352.37236735710877,0,0,2.722287652220927,12.594569288389513,0.6061173533083646,0.11298377028714107
ewma24,reentrada,3.0,nenhum,379,-0.19477739340046715,0.06486087922220993,0.7111720205818589,0.3403693931398417,75.92133957541098,4,0,2.788850171230204,12.897757255936675,0.6306068601583114,0.079155672823219
ewma48,toque,2.5,nenhum,1012,-0.19463345213140978,0.03899536955146542,0.7053322828299017,0.3359683794466403,197.717309841153,3,0,3.7199935271722313,22.99975296442688,0.6245059288537549,0.07905138339920949
ewma48,toque,3.0,nenhum,292,0.0526137500695779,0.08062140381310856,1.0897477182301136,0.4212328767123288,25.182472074831207,9,1,4.121028738689936,25.642979452054796,0.5582191780821918,0.0410958904109589
ewma48,reentrada,2.5,nenhum,1087,-0.1583909738831824,0.03597881385112412,0.745021356717197,0.36798528058877644,181.7739761001454,3,0,3.9826139366602176,25.14926402943882,0.5832566697332107,0.09199632014719411
ewma48,reentrada,3.0,nenhum,309,0.009493323093350527,0.07206553915019791,1.0169059518423529,0.4174757281553398,26.576197884324866,10,1,4.357379639839203,26.980582524271846,0.5307443365695793,0.05177993527508091
ewma96,toque,2.5,nenhum,575,-0.10362949927525947,0.05524653294066531,0.8381879136590249,0.36,88.8002718570845,5,0,5.512808593672978,45.03826086956522,0.6121739130434782,0.10260869565217391
ewma96,toque,3.0,nenhum,220,0.13194227278621554,0.09812302153837252,1.233383878094483,0.42727272727272725,20.146855808709503,12,1,6.182421484892993,51.55795454545454,0.5363636363636364,0.05
ewma96,reentrada,2.5,nenhum,629,-0.06671148900275357,0.0499311173912814,0.8871851819531158,0.39109697933227344,64.61441356570937,7,0,5.856170332355389,49.86367249602544,0.5627980922098569,0.10810810810810811
ewma96,reentrada,3.0,nenhum,221,0.11787996968990541,0.09108294472850235,1.2225631035404738,0.4479638009049774,23.48286827054754,11,1,6.58506400841809,56.841628959276015,0.502262443438914,0.058823529411764705
media96,toque,2.5,nenhum,6408,-0.1484328175983535,0.020091963708936893,0.8129892653887364,0.2681023720349563,984.8191648913225,0,0,1.8341869644956459,19.554658239700373,0.723314606741573,0.2194132334581773
media96,toque,3.0,nenhum,4388,-0.1040442503497398,0.026845186325164753,0.8727667569015672,0.2506836827711942,468.7083900594889,4,0,1.759218798439871,19.411178213309025,0.7440747493163172,0.1939380127620784
media96,reentrada,2.5,nenhum,7122,-0.12734174098269418,0.01729170803321803,0.8281685694415698,0.30693625386127493,992.7820737332893,0,0,2.0353978294600688,21.52597584948048,0.6808480763830385,0.2555461948890761
media96,reentrada,3.0,nenhum,4829,-0.14292122777294267,0.022787046229931954,0.817762502058727,0.2716918616690826,713.1092192225335,0,0,1.957014801834486,20.667840132532614,0.7210602609235867,0.2151584178919031
