activo,sinal_em,entrada_em,saida_em,lado,entrada,stop,alvo,saida,motivo,R_bruto,R_liquido,duracao,duracao_h,R_preco
BTC,2025-04-06 23:45:00+00:00,2025-04-06 23:45:00+00:00,2025-04-07 06:30:00+00:00,1,78297.5,75794.05462711562,83031.41417871148,75794.05462711562,stop,-1.0,-1.040008666293455,27,6.75,2503.44537288438
BTC,2025-04-07 08:30:00+00:00,2025-04-07 08:30:00+00:00,2025-04-09 18:15:00+00:00,1,76235.9,73357.92765590305,82313.19074914533,82313.19074914533,alvo,2.1116571052569624,2.0758482451758966,231,57.75,2877.972344096939
BTC,2025-04-23 15:15:00+00:00,2025-04-23 15:15:00+00:00,2025-04-25 14:15:00+00:00,-1,92583.5,95106.63734831988,87912.60713715942,95106.63734831988,stop,-1.0,-1.0483519414262743,188,47.0,2523.137348319884
BTC,2025-05-09 14:30:00+00:00,2025-05-09 14:30:00+00:00,2025-05-12 01:15:00+00:00,-1,102620.1,105097.51368210283,97968.44243363886,105097.51368210283,stop,-1.0,-1.0544989518176735,235,58.75,2477.4136821028223
BTC,2025-06-05 21:30:00+00:00,2025-06-05 21:30:00+00:00,2025-06-06 15:15:00+00:00,1,100939.4,98836.89187771674,105069.01276292028,105069.01276292028,alvo,1.9641364136256763,1.9004479708193383,71,17.75,2102.5081222832523
BTC,2025-06-09 21:45:00+00:00,2025-06-09 21:45:00+00:00,2025-06-13 00:15:00+00:00,-1,109865.4,112108.11880692511,105557.46358113455,105557.46358113455,alvo,1.9208544582420715,1.8584191404949844,298,74.5,2242.7188069251133
BTC,2025-06-22 16:15:00+00:00,2025-06-22 16:15:00+00:00,2025-06-23 21:30:00+00:00,1,98943.8,96510.2525253611,103961.32246990023,103961.32246990023,alvo,2.061814089180542,2.0076181751990387,117,29.25,2433.547474638908
BTC,2025-07-10 18:30:00+00:00,2025-07-10 18:30:00+00:00,2025-07-10 21:30:00+00:00,-1,113149.3,115223.96816667549,109250.49992280515,115223.96816667549,stop,-1.0,-1.071550056386226,12,3.0,2074.6681666754885
BTC,2025-07-12 12:45:00+00:00,2025-07-12 12:45:00+00:00,2025-07-14 02:45:00+00:00,-1,117450.0,119898.53120532661,112844.28323933644,119898.53120532661,stop,-1.0,-1.0630077921603958,152,38.0,2448.53120532661
BTC,2025-07-14 14:45:00+00:00,2025-07-14 14:45:00+00:00,2025-07-15 15:00:00+00:00,-1,120929.8,123456.9357873872,116083.77979991223,116083.77979991223,alvo,1.9175939117612901,1.8566320799361693,97,24.25,2527.135787387204
BTC,2025-08-11 09:30:00+00:00,2025-08-11 09:30:00+00:00,2025-08-13 22:45:00+00:00,-1,121282.0,123451.31408875252,117157.53510962155,123451.31408875252,stop,-1.0,-1.0733303927644553,245,61.25,2169.3140887525224
BTC,2025-08-14 00:45:00+00:00,2025-08-14 00:45:00+00:00,2025-08-14 12:45:00+00:00,-1,123750.4,126502.0402351216,118958.67360525452,118958.67360525452,alvo,1.7414073008471278,1.684073898089829,48,12.0,2751.6402351216093
BTC,2025-09-25 18:15:00+00:00,2025-09-25 18:15:00+00:00,2025-09-29 14:00:00+00:00,1,109177.4,107097.68942601253,113320.63402837662,113320.63402837662,alvo,1.992216647931315,1.922676335963215,367,91.75,2079.710573987468
BTC,2025-10-01 10:15:00+00:00,2025-10-01 10:15:00+00:00,2025-10-01 16:45:00+00:00,-1,116217.4,118179.33796248194,112421.67599818564,118179.33796248194,stop,-1.0,-1.0776568283957733,26,6.5,1961.9379624819412
BTC,2025-10-01 18:00:00+00:00,2025-10-01 18:00:00+00:00,2025-10-02 00:15:00+00:00,-1,116734.3,118731.33757467299,112890.48185512412,118731.33757467299,stop,-1.0,-1.076639852131275,25,6.25,1997.0375746729842
BTC,2025-10-03 07:45:00+00:00,2025-10-03 07:45:00+00:00,2025-10-03 15:45:00+00:00,-1,119619.8,121738.55278971545,115533.80567867796,121738.55278971545,stop,-1.0,-1.0740449428903807,32,8.0,2118.7527897154505
BTC,2025-10-04 02:45:00+00:00,2025-10-04 02:45:00+00:00,2025-10-05 02:45:00+00:00,-1,121718.3,124186.61597873825,116950.22441847753,124186.61597873825,stop,-1.0,-1.0647559699661653,96,24.0,2468.3159787382465
BTC,2025-10-05 09:45:00+00:00,2025-10-05 09:45:00+00:00,2025-10-06 17:00:00+00:00,-1,122955.0,125434.4441611027,119016.46671001689,125434.4441611027,stop,-1.0,-1.0651166665648613,125,31.25,2479.4441611026996
BTC,2025-10-06 17:45:00+00:00,2025-10-06 17:45:00+00:00,2025-10-07 16:30:00+00:00,-1,125113.3,127521.1167653999,120727.80958064606,120727.80958064606,alvo,1.8213555459755202,1.7549897312990532,91,22.75,2407.816765399897
BTC,2025-10-10 22:00:00+00:00,2025-10-10 22:00:00+00:00,2025-10-14 22:00:00+00:00,1,113253.6,108641.83135424471,121267.11984665667,113060.1,tempo,-0.04195787231826968,-0.07385537548885818,384,96.0,4611.768645755292
BTC,2025-10-17 08:30:00+00:00,2025-10-17 08:30:00+00:00,2025-10-21 08:30:00+00:00,1,105132.1,101729.99028641217,112232.32633348576,107793.6,tempo,0.7823086919772507,0.7416275509642989,384,96.0,3402.109713587837
BTC,2025-11-04 23:45:00+00:00,2025-11-04 23:45:00+00:00,2025-11-08 23:45:00+00:00,1,101357.5,98260.268568267,107812.80956097654,102328.5,tempo,0.3135057942559668,0.27075926306571596,384,96.0,3097.231431733002
BTC,2025-11-14 14:45:00+00:00,2025-11-14 14:45:00+00:00,2025-11-16 22:15:00+00:00,1,96367.3,93229.52531928523,101977.09751397974,93229.52531928523,stop,-1.0,-1.0392755850874105,222,55.5,3137.774680714778
BTC,2025-11-18 03:45:00+00:00,2025-11-18 03:45:00+00:00,2025-11-20 17:00:00+00:00,1,90600.0,87579.69883855738,96704.48695351071,87579.69883855738,stop,-1.0,-1.0383461112168508,245,61.25,3020.3011614426214
BTC,2025-11-20 18:00:00+00:00,2025-11-20 18:00:00+00:00,2025-11-21 07:45:00+00:00,1,87186.1,83976.63807965715,93468.2321234581,83976.63807965715,stop,-1.0,-1.0346649321640469,55,13.75,3209.4619203428592
BTC,2025-11-21 13:15:00+00:00,2025-11-21 13:15:00+00:00,2025-11-25 13:15:00+00:00,1,83775.7,80073.74064994545,91435.58703285958,87549.9,tempo,1.019514166179158,0.989432355583815,384,96.0,3701.959350054545
BTC,2025-12-01 16:00:00+00:00,2025-12-01 16:00:00+00:00,2025-12-02 15:15:00+00:00,1,84650.0,82097.4890140046,89405.2405599991,89405.2405599991,alvo,1.8629657564998552,1.8186423796428188,93,23.25,2552.5109859953955
BTC,2026-01-05 02:15:00+00:00,2026-01-05 02:15:00+00:00,2026-01-05 20:15:00+00:00,-1,92821.7,94484.34551497326,89668.41676158024,94484.34551497326,stop,-1.0,-1.0732260295344376,72,18.0,1662.6455149732647
BTC,2026-01-05 21:15:00+00:00,2026-01-05 21:15:00+00:00,2026-01-08 06:15:00+00:00,-1,93944.6,95770.85314942352,90496.62973067496,90496.62973067496,alvo,1.888002367258585,1.8223560468879492,228,57.0,1826.2531494235154
BTC,2026-01-14 15:30:00+00:00,2026-01-14 15:30:00+00:00,2026-01-18 15:30:00+00:00,-1,96688.7,98999.71276613584,92263.31329180904,95016.7,tempo,0.7234923253131521,0.6695728871231359,384,96.0,2311.012766135842
BTC,2026-01-20 18:00:00+00:00,2026-01-20 18:00:00+00:00,2026-01-20 22:45:00+00:00,1,89739.6,87887.51059417207,93503.03049451196,87887.51059417207,stop,-1.0,-1.0623391190095377,19,4.75,1852.0894058279373
BTC,2026-01-21 01:15:00+00:00,2026-01-21 01:15:00+00:00,2026-01-25 01:15:00+00:00,1,89047.9,87081.16444686321,93062.72614773171,89220.1,tempo,0.08755625519931594,0.028639234141151666,384,96.0,1966.7355531367793
BTC,2026-01-30 03:15:00+00:00,2026-01-30 03:15:00+00:00,2026-01-31 17:15:00+00:00,1,82352.7,79613.95048420332,88074.49802528645,79613.95048420332,stop,-1.0,-1.0384402889740385,152,38.0,2738.749515796677
BTC,2026-02-01 00:15:00+00:00,2026-02-01 00:15:00+00:00,2026-02-01 22:00:00+00:00,1,79305.9,76343.60015953885,85146.52161690984,76343.60015953885,stop,-1.0,-1.0341532527267567,87,21.75,2962.2998404611426
BTC,2026-02-01 22:15:00+00:00,2026-02-01 22:15:00+00:00,2026-02-03 18:30:00+00:00,1,77448.0,74472.16684911797,83180.35534835815,74472.16684911797,stop,-1.0,-1.0331833484759245,177,44.25,2975.8331508820265
BTC,2026-02-03 19:15:00+00:00,2026-02-03 19:15:00+00:00,2026-02-05 04:15:00+00:00,1,74523.5,71061.52173579759,80513.14534006268,71061.52173579759,stop,-1.0,-1.0273341589422342,132,33.0,3461.9782642024074
BTC,2026-02-05 05:45:00+00:00,2026-02-05 05:45:00+00:00,2026-02-05 15:30:00+00:00,1,70981.7,67390.62068836253,78060.56977530339,67390.62068836253,stop,-1.0,-1.0250459543335522,39,9.75,3591.07931163747
BTC,2026-02-06 02:00:00+00:00,2026-02-06 02:00:00+00:00,2026-02-10 02:00:00+00:00,1,65666.0,61013.30371803327,75172.81116769061,70454.7,tempo,1.0292311618448853,1.0102145638041038,384,96.0,4652.6962819667315
BTC,2026-04-07 23:45:00+00:00,2026-04-07 23:45:00+00:00,2026-04-11 23:45:00+00:00,-1,71989.3,74196.66174639165,68141.56680013577,73032.2,tempo,-0.47246447108400497,-0.5151688330464664,384,96.0,2207.3617463916453
BTC,2026-04-14 14:45:00+00:00,2026-04-14 14:45:00+00:00,2026-04-17 14:00:00+00:00,-1,75325.6,77288.45079414289,72001.02287821817,77288.45079414289,stop,-1.0,-1.0505382952755256,285,71.25,1962.8507941428834
BTC,2026-04-17 16:45:00+00:00,2026-04-17 16:45:00+00:00,2026-04-19 22:15:00+00:00,-1,78031.6,80226.3221030577,73876.71124942896,73876.71124942896,alvo,1.8931274919874572,1.8481375581026325,214,53.5,2194.722103057691
BTC,2026-05-23 09:00:00+00:00,2026-05-23 09:00:00+00:00,2026-05-23 21:00:00+00:00,1,74655.0,73276.19134087148,77234.93552463448,77234.93552463448,alvo,1.8711338281448897,1.799529652005313,48,12.0,1378.8086591285246
BTC,2026-05-28 04:45:00+00:00,2026-05-28 04:45:00+00:00,2026-06-01 04:45:00+00:00,1,73150.0,71584.19042296702,76263.1855174541,73453.4,tempo,0.1937655794486199,0.13290747039262146,384,96.0,1565.809577032982
BTC,2026-06-01 16:45:00+00:00,2026-06-01 16:45:00+00:00,2026-06-02 07:00:00+00:00,1,71314.9,69944.73169000952,74003.1339426427,69944.73169000952,stop,-1.0,-1.067012760351423,57,14.25,1370.1683099904767
BTC,2026-06-04 14:00:00+00:00,2026-06-04 14:00:00+00:00,2026-06-05 06:30:00+00:00,1,64202.7,61744.30210809871,69126.3616475383,61744.30210809871,stop,-1.0,-1.0333003667306884,66,16.5,2458.397891901288
BTC,2026-06-05 07:45:00+00:00,2026-06-05 07:45:00+00:00,2026-06-05 15:45:00+00:00,1,62850.6,60191.557989043424,67755.35936825254,60191.557989043424,stop,-1.0,-1.0300775250497478,32,8.0,2659.042010956575
BTC,2026-06-05 17:00:00+00:00,2026-06-05 17:00:00+00:00,2026-06-09 17:00:00+00:00,1,61358.1,58611.58045534154,66980.92663304538,61367.5,tempo,0.003422513420042082,-0.02562211513726893,384,96.0,2746.519544658462
BTC,2026-06-24 16:15:00+00:00,2026-06-24 16:15:00+00:00,2026-06-25 14:00:00+00:00,1,60492.2,59002.33275866725,63436.23559945452,59002.33275866725,stop,-1.0,-1.0521331324955192,87,21.75,1489.867241332744
BTC,2026-06-25 14:15:00+00:00,2026-06-25 14:15:00+00:00,2026-06-29 14:15:00+00:00,1,59228.6,57017.623194036976,62737.728920286674,59070.2,tempo,-0.07164254259601248,-0.10642093547314066,384,96.0,2210.9768059630223
BTC,2026-08-23 04:45:00+00:00,2026-08-23 04:45:00+00:00,2026-08-24 13:15:00+00:00,-1,76827.1,79402.70671273083,71940.39268159936,79402.70671273083,stop,-1.0,-1.0394273604977546,130,32.5,2575.6067127308197
BTC,2026-08-24 13:45:00+00:00,2026-08-24 13:45:00+00:00,2026-08-25 02:30:00+00:00,-1,78256.0,80836.2030729541,73929.64548301791,80836.2030729541,stop,-1.0,-1.0400782144170633,51,12.75,2580.2030729541
BTC,2026-08-25 08:00:00+00:00,2026-08-25 08:00:00+00:00,2026-08-29 08:00:00+00:00,-1,79661.6,82409.51864739851,75203.04257232508,77587.0,tempo,0.7549714042532015,0.7177754013450495,384,96.0,2747.918647398503
ETH,2025-04-07 14:00:00+00:00,2025-04-07 14:00:00+00:00,2025-04-08 22:30:00+00:00,1,1549.51,1441.7854242948981,1744.1713774301606,1441.7854242948981,stop,-1.0,-1.0180491964165572,130,32.5,107.72457570510187
ETH,2025-04-09 02:00:00+00:00,2025-04-09 02:00:00+00:00,2025-04-09 18:15:00+00:00,1,1434.31,1329.6841069078146,1655.4497643379182,1655.4497643379182,alvo,2.113623671943933,2.094428195685966,65,16.25,104.62589309218538
ETH,2025-04-23 02:00:00+00:00,2025-04-23 02:00:00+00:00,2025-04-27 00:30:00+00:00,-1,1761.33,1844.0047556103423,1619.1788186568053,1844.0047556103423,stop,-1.0,-1.0283456246570817,378,94.5,82.67475561034234
ETH,2025-05-08 10:45:00+00:00,2025-05-08 10:45:00+00:00,2025-05-08 15:00:00+00:00,-1,1945.16,2009.0744726403962,1823.4357423800734,2009.0744726403962,stop,-1.0,-1.040213934356892,17,4.25,63.91447264039607
ETH,2025-05-12 06:00:00+00:00,2025-05-12 06:00:00+00:00,2025-05-13 18:45:00+00:00,-1,2496.79,2638.1620294406807,2238.464818504024,2638.1620294406807,stop,-1.0,-1.023609470928172,147,36.75,141.37202944068076
ETH,2025-05-14 02:15:00+00:00,2025-05-14 02:15:00+00:00,2025-05-18 02:15:00+00:00,-1,2653.59,2806.1633412082792,2377.535280320538,2483.16,tempo,1.1170365586170452,1.0951527388516902,384,96.0,152.5733412082791
ETH,2025-06-10 01:00:00+00:00,2025-06-10 01:00:00+00:00,2025-06-10 11:45:00+00:00,-1,2698.39,2789.204234590947,2535.9402236067926,2789.204234590947,stop,-1.0,-1.0392772814586897,43,10.75,90.81423459094731
ETH,2025-06-10 12:15:00+00:00,2025-06-10 12:15:00+00:00,2025-06-11 15:45:00+00:00,-1,2753.7,2856.6726035799034,2558.7931617786016,2856.6726035799034,stop,-1.0,-1.0354146837658347,110,27.5,102.97260357990353
ETH,2025-06-11 18:00:00+00:00,2025-06-11 18:00:00+00:00,2025-06-12 21:00:00+00:00,-1,2828.63,2943.136224280613,2636.439994364687,2636.439994364687,alvo,1.678424093037295,1.6474013646340626,108,27.0,114.50622428061297
ETH,2025-06-21 22:15:00+00:00,2025-06-21 22:15:00+00:00,2025-06-22 13:30:00+00:00,1,2298.94,2198.914734359474,2496.791581033019,2198.914734359474,stop,-1.0,-1.0292286709624008,61,15.25,100.02526564052596
ETH,2025-06-22 17:00:00+00:00,2025-06-22 17:00:00+00:00,2025-06-23 22:30:00+00:00,1,2195.88,2083.912034337325,2436.82209320392,2436.82209320392,alvo,2.151884173101833,2.124990263377202,118,29.5,111.96796566267494
ETH,2025-07-09 20:45:00+00:00,2025-07-09 20:45:00+00:00,2025-07-10 17:15:00+00:00,-1,2737.55,2828.281361326507,2566.2801165638907,2828.281361326507,stop,-1.0,-1.0398736482288986,82,20.5,90.73136132650689
ETH,2025-07-11 21:45:00+00:00,2025-07-11 21:45:00+00:00,2025-07-15 17:45:00+00:00,-1,2958.09,3083.087795514312,2729.396628796647,3083.087795514312,stop,-1.0,-1.0314146785623488,368,92.0,124.99779551431175
ETH,2025-07-18 19:15:00+00:00,2025-07-18 19:15:00+00:00,2025-07-20 09:15:00+00:00,-1,3550.4,3724.486802441023,3236.6856160515313,3724.486802441023,stop,-1.0,-1.0271627507386072,152,38.0,174.08680244102288
ETH,2025-07-20 21:15:00+00:00,2025-07-20 21:15:00+00:00,2025-07-24 21:15:00+00:00,-1,3733.67,3893.6781186364033,3434.9333881920415,3730.0,tempo,0.02293633617641397,-0.007383284736223079,384,96.0,160.0081186364032
ETH,2025-08-02 19:30:00+00:00,2025-08-02 19:30:00+00:00,2025-08-04 16:15:00+00:00,1,3418.09,3284.47523231072,3667.2336417753677,3667.2336417753677,alvo,1.8646415069533981,1.8301733082145886,179,44.75,133.61476768928014
ETH,2025-08-08 14:15:00+00:00,2025-08-08 14:15:00+00:00,2025-08-09 05:15:00+00:00,-1,3965.58,4119.236785134994,3707.8922337000363,4119.236785134994,stop,-1.0,-1.034200448133292,60,15.0,153.6567851349937
ETH,2025-08-10 07:45:00+00:00,2025-08-10 07:45:00+00:00,2025-08-11 02:15:00+00:00,-1,4175.58,4334.941100871518,3908.3585512750847,4334.941100871518,stop,-1.0,-1.034712603548255,74,18.5,159.36110087151792
ETH,2025-08-11 07:30:00+00:00,2025-08-11 07:30:00+00:00,2025-08-12 15:45:00+00:00,-1,4289.47,4442.372351539902,4003.4452318535314,4442.372351539902,stop,-1.0,-1.0371197530406835,129,32.25,152.90235153990216
ETH,2025-08-12 16:45:00+00:00,2025-08-12 16:45:00+00:00,2025-08-12 20:30:00+00:00,-1,4445.81,4626.594108334517,4111.986161390521,4626.594108334517,stop,-1.0,-1.0326193641949197,15,3.75,180.78410833451653
ETH,2025-08-14 10:45:00+00:00,2025-08-14 10:45:00+00:00,2025-08-18 02:15:00+00:00,-1,4705.73,4902.385056089804,4361.513256113051,4361.513256113051,alvo,1.7503579655219192,1.7203881888293633,350,87.5,196.65505608980402
ETH,2025-09-12 21:30:00+00:00,2025-09-12 21:30:00+00:00,2025-09-16 21:30:00+00:00,-1,4658.56,4794.076576481279,4405.071653097001,4494.69,tempo,1.2092247624233605,1.1653215540153328,384,96.0,135.5165764812782
ETH,2025-09-22 13:15:00+00:00,2025-09-22 13:15:00+00:00,2025-09-24 04:15:00+00:00,1,4203.68,4081.9900548090122,4455.47807266812,4081.9900548090122,stop,-1.0,-1.0442574407209504,156,39.0,121.68994519098806
ETH,2025-09-25 05:30:00+00:00,2025-09-25 05:30:00+00:00,2025-09-25 17:15:00+00:00,1,4031.16,3905.5954912404263,4275.043743724529,3905.5954912404263,stop,-1.0,-1.0410855831816643,47,11.75,125.56450875957353
ETH,2025-09-25 19:00:00+00:00,2025-09-25 19:00:00+00:00,2025-09-29 19:00:00+00:00,1,3923.71,3775.6259468535236,4221.553315473816,4160.0,tempo,1.5956478430954018,1.560165214221092,384,96.0,148.08405314647644
ETH,2025-10-02 19:30:00+00:00,2025-10-02 19:30:00+00:00,2025-10-06 14:15:00+00:00,-1,4496.99,4646.209270031603,4213.693786426261,4646.209270031603,stop,-1.0,-1.0398278286997507,363,90.75,149.21927003160363
ETH,2025-10-06 17:45:00+00:00,2025-10-06 17:45:00+00:00,2025-10-07 18:45:00+00:00,-1,4692.64,4829.855118074816,4444.794997148499,4444.794997148499,alvo,1.8062514271668313,1.7629665994344519,100,25.0,137.21511807481602
ETH,2025-10-10 16:15:00+00:00,2025-10-10 16:15:00+00:00,2025-10-10 19:30:00+00:00,1,4110.29,3955.6335053108355,4434.40535088456,3955.6335053108355,stop,-1.0,-1.0338999683717736,13,3.25,154.65649468916445
ETH,2025-10-10 21:45:00+00:00,2025-10-10 21:45:00+00:00,2025-10-14 21:45:00+00:00,1,3822.2,3557.3631064135225,4399.488397485353,4108.42,tempo,1.0807406631453358,1.0612762187086442,384,96.0,264.83689358647734
ETH,2025-10-27 05:45:00+00:00,2025-10-27 05:45:00+00:00,2025-10-28 20:30:00+00:00,-1,4230.02,4372.153689451065,3966.859512420615,3966.859512420615,alvo,1.8514997295556046,1.814014093999034,155,38.75,142.13368945106413
ETH,2025-11-04 06:15:00+00:00,2025-11-04 06:15:00+00:00,2025-11-04 17:30:00+00:00,1,3520.0,3374.3427548137483,3815.9954092703733,3374.3427548137483,stop,-1.0,-1.030766219592432,45,11.25,145.65724518625166
ETH,2025-11-05 02:45:00+00:00,2025-11-05 02:45:00+00:00,2025-11-09 02:45:00+00:00,1,3291.26,3104.890564486997,3697.8884559816747,3377.41,tempo,0.4622539085492311,0.43899561253052816,384,96.0,186.36943551300328
ETH,2025-11-21 10:45:00+00:00,2025-11-21 10:45:00+00:00,2025-11-25 10:45:00+00:00,1,2706.65,2550.8408392212186,3034.4928165234346,2893.64,tempo,1.200121989396304,1.1767588669598232,384,96.0,155.80916077878146
ETH,2025-12-01 16:00:00+00:00,2025-12-01 16:00:00+00:00,2025-12-02 15:15:00+00:00,1,2745.01,2635.919788579325,2955.5935612441376,2955.5935612441376,alvo,1.9303616566667219,1.896395343222522,93,23.25,109.09021142067513
ETH,2026-01-02 17:30:00+00:00,2026-01-02 17:30:00+00:00,2026-01-05 01:45:00+00:00,-1,3131.67,3209.8294019007476,2984.4982427327645,3209.8294019007476,stop,-1.0,-1.05273805212161,225,56.25,78.15940190074753
ETH,2026-01-05 02:00:00+00:00,2026-01-05 02:00:00+00:00,2026-01-06 14:15:00+00:00,-1,3196.5,3268.271351898113,3064.3606419316775,3268.271351898113,stop,-1.0,-1.058548449591685,145,36.25,71.77135189811315
ETH,2026-01-06 14:45:00+00:00,2026-01-06 14:45:00+00:00,2026-01-08 06:30:00+00:00,-1,3290.0,3380.7836259730157,3122.365175673332,3122.365175673332,alvo,1.8465314921051446,1.8006197176026966,159,39.75,90.78362597301566
ETH,2026-01-21 14:15:00+00:00,2026-01-21 14:15:00+00:00,2026-01-21 17:15:00+00:00,1,2972.48,2878.5853809886335,3157.8646296168704,2878.5853809886335,stop,-1.0,-1.0405049036642047,12,3.0,93.89461901136656
ETH,2026-01-21 19:00:00+00:00,2026-01-21 19:00:00+00:00,2026-01-25 19:00:00+00:00,1,2925.87,2818.680226947259,3142.7529418712415,2846.01,tempo,-0.7450337632556236,-0.7800345090651519,384,96.0,107.18977305274075
ETH,2026-01-25 21:00:00+00:00,2026-01-25 21:00:00+00:00,2026-01-27 16:45:00+00:00,1,2807.75,2718.39536870635,2993.0349728218457,2993.0349728218457,alvo,2.073591151788602,2.031394007916529,175,43.75,89.35463129365007
ETH,2026-02-02 01:30:00+00:00,2026-02-02 01:30:00+00:00,2026-02-03 18:30:00+00:00,1,2309.62,2155.383946928711,2649.7684332578724,2155.383946928711,stop,-1.0,-1.0188169530256472,164,41.0,154.236053071289
ETH,2026-02-03 19:15:00+00:00,2026-02-03 19:15:00+00:00,2026-02-05 15:15:00+00:00,1,2178.03,2022.2316917317223,2482.138857306461,2022.2316917317223,stop,-1.0,-1.0175237467593319,176,44.0,155.79830826827788
ETH,2026-02-05 15:45:00+00:00,2026-02-05 15:45:00+00:00,2026-02-06 00:15:00+00:00,1,1963.36,1804.0872764903936,2325.2829020666836,1804.0872764903936,stop,-1.0,-1.0153751419311359,34,8.5,159.2727235096063
ETH,2026-02-06 01:15:00+00:00,2026-02-06 01:15:00+00:00,2026-02-10 01:15:00+00:00,1,1893.55,1720.1827553308585,2265.9434305928326,2110.04,tempo,1.248736463529516,1.2337259377236387,384,96.0,173.36724466914143
ETH,2026-02-25 22:00:00+00:00,2026-02-25 22:00:00+00:00,2026-02-27 16:15:00+00:00,-1,2099.45,2195.117019489249,1926.6272183953004,1926.6272183953004,alvo,1.806503249786319,1.779148470616565,169,42.25,95.66701948924901
ETH,2026-03-16 07:00:00+00:00,2026-03-16 07:00:00+00:00,2026-03-16 21:15:00+00:00,-1,2261.01,2352.480348157721,2089.7281770282148,2352.480348157721,stop,-1.0,-1.0327840528291397,57,14.25,91.47034815772076
ETH,2026-03-17 03:45:00+00:00,2026-03-17 03:45:00+00:00,2026-03-19 07:30:00+00:00,-1,2315.53,2415.475955312331,2144.9800556327737,2144.9800556327737,alvo,1.7064216739362668,1.6774126807548928,207,51.75,99.94595531233063
ETH,2026-04-07 23:45:00+00:00,2026-04-07 23:45:00+00:00,2026-04-11 23:45:00+00:00,-1,2247.51,2335.9539232264638,2089.7973716588804,2283.46,tempo,-0.40647224465550535,-0.4397716550905094,384,96.0,88.44392322646354
ETH,2026-04-13 23:45:00+00:00,2026-04-13 23:45:00+00:00,2026-04-17 23:45:00+00:00,-1,2372.06,2464.652949763751,2203.897105869582,2419.13,tempo,-0.5083540390504696,-0.5419880631089535,384,96.0,92.59294976375122
ETH,2026-05-18 00:00:00+00:00,2026-05-18 00:00:00+00:00,2026-05-18 18:30:00+00:00,1,2129.88,2074.989169696368,2233.2310338582447,2074.989169696368,stop,-1.0,-1.0497927421608304,74,18.5,54.8908303036319
ETH,2026-05-18 19:15:00+00:00,2026-05-18 19:15:00+00:00,2026-05-22 19:15:00+00:00,1,2104.93,2045.1544484370877,2204.0768193833933,2088.57,tempo,-0.27369049004560364,-0.3192906548074661,384,96.0,59.77555156291214
ETH,2026-05-23 09:00:00+00:00,2026-05-23 09:00:00+00:00,2026-05-23 20:45:00+00:00,1,2029.33,1978.182587282988,2130.9353079872226,2130.9353079872226,alvo,1.9865190161110142,1.9336488452354448,47,11.75,51.147412717012
ETH,2026-06-03 02:00:00+00:00,2026-06-03 02:00:00+00:00,2026-06-03 20:00:00+00:00,1,1863.77,1800.8760820280581,1995.9128847443747,1800.8760820280581,stop,-1.0,-1.037873613699514,72,18.0,62.893917971941846
ETH,2026-06-03 21:45:00+00:00,2026-06-03 21:45:00+00:00,2026-06-04 02:00:00+00:00,1,1828.87,1758.7420010042154,1958.7503997740978,1758.7420010042154,stop,-1.0,-1.033252735484338,17,4.25,70.12799899578454
ETH,2026-06-04 03:15:00+00:00,2026-06-04 03:15:00+00:00,2026-06-05 05:45:00+00:00,1,1792.78,1712.9096369114973,1946.013696374708,1712.9096369114973,stop,-1.0,-1.028529959998648,106,26.5,79.8703630885027
ETH,2026-06-05 09:15:00+00:00,2026-06-05 09:15:00+00:00,2026-06-05 14:15:00+00:00,1,1686.36,1598.4307395013293,1874.8377103291284,1598.4307395013293,stop,-1.0,-1.0242821782938587,20,5.0,87.9292604986706
ETH,2026-06-06 08:45:00+00:00,2026-06-06 08:45:00+00:00,2026-06-10 08:45:00+00:00,1,1586.98,1494.1365277387283,1789.058127964249,1621.18,tempo,0.3683619232137021,0.34590149654922187,384,96.0,92.8434722612717
ETH,2026-06-15 14:15:00+00:00,2026-06-15 14:15:00+00:00,2026-06-18 16:00:00+00:00,-1,1809.83,1876.7115739584237,1683.3275702622527,1683.3275702622527,alvo,1.891439184974714,1.8574903364909459,295,73.75,66.88157395842381
ETH,2026-06-24 19:45:00+00:00,2026-06-24 19:45:00+00:00,2026-06-26 02:15:00+00:00,1,1578.83,1522.1905748777706,1696.9405195682546,1522.1905748777706,stop,-1.0,-1.0355876382805915,122,30.5,56.63942512222934
ETH,2026-07-04 16:15:00+00:00,2026-07-04 16:15:00+00:00,2026-07-08 16:15:00+00:00,-1,1784.21,1845.3283768822375,1671.1470502848424,1725.88,tempo,0.9543774389229904,0.9170472836344086,384,96.0,61.1183768822375
ETH,2026-07-15 13:30:00+00:00,2026-07-15 13:30:00+00:00,2026-07-17 13:15:00+00:00,-1,1936.38,2003.4123788978986,1809.9509510680714,1809.9509510680714,alvo,1.8860892453854459,1.8497617994819768,191,47.75,67.03237889789852
ETH,2026-08-22 10:15:00+00:00,2026-08-22 10:15:00+00:00,2026-08-24 14:30:00+00:00,-1,2401.01,2526.4001032169062,2175.235633051034,2526.4001032169062,stop,-1.0,-1.0255428178534203,209,52.25,125.39010321690603
SOL,2025-04-06 18:45:00+00:00,2025-04-06 18:45:00+00:00,2025-04-07 03:45:00+00:00,1,108.38,102.49352471005282,120.73342276478571,102.49352471005282,stop,-1.0,-1.0232852062244475,36,9.0,5.886475289947171
SOL,2025-04-07 10:30:00+00:00,2025-04-07 10:30:00+00:00,2025-04-09 17:45:00+00:00,1,101.75,94.88585515607377,117.0325670643182,117.0325670643182,alvo,2.226434233514326,2.205716624573186,221,55.25,6.864144843926226
SOL,2025-04-23 05:15:00+00:00,2025-04-23 05:15:00+00:00,2025-04-27 05:15:00+00:00,-1,150.9,157.86507435565028,138.10660463705102,146.61,tempo,0.615930251558595,0.5881657956281106,384,96.0,6.965074355650273
SOL,2025-05-08 17:45:00+00:00,2025-05-08 17:45:00+00:00,2025-05-09 07:15:00+00:00,-1,158.88,164.8581993261185,147.92700942853867,164.8581993261185,stop,-1.0,-1.0351995338533826,54,13.5,5.978199326118499
SOL,2025-05-10 04:15:00+00:00,2025-05-10 04:15:00+00:00,2025-05-11 00:15:00+00:00,-1,170.54,178.95088113013568,155.473669388293,178.95088113013568,stop,-1.0,-1.0270089505748279,80,20.0,8.410881130135692
SOL,2025-05-11 00:30:00+00:00,2025-05-11 00:30:00+00:00,2025-05-13 19:45:00+00:00,-1,173.21,182.23243486536646,159.54253381870726,182.23243486536646,stop,-1.0,-1.0256070103148487,269,67.25,9.02243486536645
SOL,2025-05-31 00:45:00+00:00,2025-05-31 00:45:00+00:00,2025-06-04 00:45:00+00:00,1,156.88,150.08559954410478,169.61898148895972,154.48,tempo,-0.3532320497708708,-0.3830189310878824,384,96.0,6.7944004558952145
SOL,2025-06-05 21:45:00+00:00,2025-06-05 21:45:00+00:00,2025-06-09 11:45:00+00:00,1,144.21,138.07581803101115,156.518950633716,156.518950633716,alvo,2.0066164805582014,1.9747501585449114,344,86.0,6.134181968988855
SOL,2025-06-13 03:00:00+00:00,2025-06-13 03:00:00+00:00,2025-06-16 02:15:00+00:00,1,142.57,135.37248518226488,157.16720423940285,157.16720423940285,alvo,2.028089501592197,2.001020549642902,285,71.25,7.197514817735112
SOL,2025-06-21 22:15:00+00:00,2025-06-21 22:15:00+00:00,2025-06-22 13:30:00+00:00,1,134.28,128.26611647024674,145.17631388166177,128.26611647024674,stop,-1.0,-1.0283768341806683,61,15.25,6.013883529753258
SOL,2025-06-22 14:00:00+00:00,2025-06-22 14:00:00+00:00,2025-06-23 22:15:00+00:00,1,128.63,121.9834806121213,142.8722580286536,142.8722580286536,alvo,2.142814486425376,2.116262774556384,129,32.25,6.646519387878698
SOL,2025-07-10 22:30:00+00:00,2025-07-10 22:30:00+00:00,2025-07-14 08:00:00+00:00,-1,163.84,169.6003191720529,153.04740908891566,169.6003191720529,stop,-1.0,-1.0376257288855388,326,81.5,5.760319172052903
SOL,2025-07-18 05:30:00+00:00,2025-07-18 05:30:00+00:00,2025-07-21 08:45:00+00:00,-1,183.23,192.02068078845352,167.08561280793958,192.02068078845352,stop,-1.0,-1.0277467636901196,301,75.25,8.790680788453528
SOL,2025-07-21 11:45:00+00:00,2025-07-21 11:45:00+00:00,2025-07-22 01:45:00+00:00,-1,191.33,199.97299396428,176.10154086207794,199.97299396428,stop,-1.0,-1.0294281064094173,56,14.0,8.642993964279981
SOL,2025-07-22 03:45:00+00:00,2025-07-22 03:45:00+00:00,2025-07-24 07:00:00+00:00,-1,198.42,208.8073200887366,180.07733106063156,180.07733106063156,alvo,1.7658711566285643,1.7421861962068494,205,51.25,10.387320088736601
SOL,2025-08-01 23:15:00+00:00,2025-08-01 23:15:00+00:00,2025-08-05 23:15:00+00:00,1,161.94,154.32597153939585,177.7330858767385,164.13,tempo,0.2876269784557949,0.2597907940894466,384,96.0,7.614028460604146
SOL,2025-08-12 22:00:00+00:00,2025-08-12 22:00:00+00:00,2025-08-13 09:30:00+00:00,-1,192.49,200.69991199478213,177.73459558757492,200.69991199478213,stop,-1.0,-1.0311298638717492,46,11.5,8.209911994782118
SOL,2025-08-13 14:30:00+00:00,2025-08-13 14:30:00+00:00,2025-08-14 03:30:00+00:00,-1,198.9,208.38955467377335,181.81309788328116,208.38955467377335,stop,-1.0,-1.027897853970916,52,13.0,9.489554673773341
SOL,2025-08-14 07:45:00+00:00,2025-08-14 07:45:00+00:00,2025-08-15 15:15:00+00:00,-1,205.92,216.54434394863827,186.22159664813918,186.22159664813918,alvo,1.8540818564505845,1.8300905362285054,126,31.5,10.624343948638284
SOL,2025-09-13 11:15:00+00:00,2025-09-13 11:15:00+00:00,2025-09-17 11:15:00+00:00,-1,241.39,250.09174703161878,225.35228360670413,234.43,tempo,0.7998393856670417,0.7642967528053664,384,96.0,8.701747031618794
SOL,2025-09-22 09:45:00+00:00,2025-09-22 09:45:00+00:00,2025-09-23 03:15:00+00:00,1,220.83,212.8574211164123,237.49173470507694,212.8574211164123,stop,-1.0,-1.0353582984680125,70,17.5,7.972578883587715
SOL,2025-09-23 03:30:00+00:00,2025-09-23 03:30:00+00:00,2025-09-24 03:30:00+00:00,1,216.54,208.07734019800816,233.38450074140187,208.07734019800816,stop,-1.0,-1.032614009966907,96,24.0,8.462659801991833
SOL,2025-09-24 04:45:00+00:00,2025-09-24 04:45:00+00:00,2025-09-25 12:30:00+00:00,1,208.79,199.78496355793635,228.03020494415588,199.78496355793635,stop,-1.0,-1.0294916881260059,127,31.75,9.005036442063641
SOL,2025-09-25 13:30:00+00:00,2025-09-25 13:30:00+00:00,2025-09-25 23:45:00+00:00,1,201.04,191.95935411939044,220.49933125344828,191.95935411939044,stop,-1.0,-1.0281312126401803,41,10.25,9.080645880609552
SOL,2025-09-26 01:15:00+00:00,2025-09-26 01:15:00+00:00,2025-09-30 01:15:00+00:00,1,196.54,186.9071096952047,216.7399075713272,212.44,tempo,1.6505949405532951,1.622998135068272,384,96.0,9.632890304795296
SOL,2025-10-02 20:30:00+00:00,2025-10-02 20:30:00+00:00,2025-10-06 20:30:00+00:00,-1,231.45,240.95237169300242,214.1005584740768,234.2,tempo,-0.28940143459396633,-0.32125374576201804,384,96.0,9.50237169300243
SOL,2025-10-10 19:45:00+00:00,2025-10-10 19:45:00+00:00,2025-10-10 21:00:00+00:00,1,206.41,196.9300223247996,223.16813691867333,196.9300223247996,stop,-1.0,-1.027655235433408,5,1.25,9.479977675200388
SOL,2025-10-10 21:45:00+00:00,2025-10-10 21:45:00+00:00,2025-10-11 21:15:00+00:00,1,194.33,173.15965590885378,222.3668158810742,173.15965590885378,stop,-1.0,-1.011283155120783,94,23.5,21.170344091146234
SOL,2025-11-03 16:15:00+00:00,2025-11-03 16:15:00+00:00,2025-11-04 05:45:00+00:00,1,168.07,159.69975272502805,186.1014022552772,159.69975272502805,stop,-1.0,-1.025453290956925,54,13.5,8.370247274971945
SOL,2025-11-04 11:45:00+00:00,2025-11-04 11:45:00+00:00,2025-11-04 17:30:00+00:00,1,161.85,153.1501211180405,180.40906536515018,153.1501211180405,stop,-1.0,-1.0235348194503382,23,5.75,8.699878881959506
SOL,2025-11-05 02:15:00+00:00,2025-11-05 02:15:00+00:00,2025-11-09 02:15:00+00:00,1,154.42,144.02983189408275,175.56809755455174,157.57,tempo,0.30317122570962723,0.2836533990553589,384,96.0,10.39016810591724
SOL,2025-11-13 22:15:00+00:00,2025-11-13 22:15:00+00:00,2025-11-14 12:45:00+00:00,1,143.15,136.0379242201204,158.39277237342674,136.0379242201204,stop,-1.0,-1.0255160597777193,58,14.5,7.1120757798796035
SOL,2025-11-14 14:00:00+00:00,2025-11-14 14:00:00+00:00,2025-11-17 18:30:00+00:00,1,138.92,131.17290781878103,154.96746228881173,131.17290781878103,stop,-1.0,-1.0226614561922747,306,76.5,7.74709218121896
SOL,2025-12-01 16:00:00+00:00,2025-12-01 16:00:00+00:00,2025-12-02 15:15:00+00:00,1,125.06,119.798684621245,135.24401127800016,135.24401127800016,alvo,1.9356397677894053,1.9034809643057908,93,23.25,5.261315378755
SOL,2026-01-05 02:00:00+00:00,2026-01-05 02:00:00+00:00,2026-01-06 14:15:00+00:00,-1,136.7,140.39708529790573,129.70011966527102,140.39708529790573,stop,-1.0,-1.048717595329939,145,36.25,3.697085297905744
SOL,2026-01-06 14:45:00+00:00,2026-01-06 14:45:00+00:00,2026-01-08 15:00:00+00:00,-1,141.89,146.67518516816148,132.76172973658038,132.76172973658038,alvo,1.9076106655506435,1.8703030968662393,193,48.25,4.78518516816149
SOL,2026-01-20 08:30:00+00:00,2026-01-20 08:30:00+00:00,2026-01-20 22:45:00+00:00,1,130.02,125.6138185805429,139.0992735056344,125.6138185805429,stop,-1.0,-1.037711107705099,57,14.25,4.406181419457113
SOL,2026-01-21 01:15:00+00:00,2026-01-21 01:15:00+00:00,2026-01-25 01:15:00+00:00,1,127.48,123.11291671513997,136.57067044964643,127.19,tempo,-0.06640587803887077,-0.10431115467370958,384,96.0,4.36708328486003
SOL,2026-01-26 00:15:00+00:00,2026-01-26 00:15:00+00:00,2026-01-28 12:00:00+00:00,1,119.4,114.97068428246182,128.260637104741,128.260637104741,alvo,2.0004528170472633,1.964108734939801,239,59.75,4.429315717538188
SOL,2026-01-31 15:00:00+00:00,2026-01-31 15:00:00+00:00,2026-01-31 17:15:00+00:00,1,109.06,103.41319996694988,121.00765513672712,103.41319996694988,stop,-1.0,-1.0244576714546625,9,2.25,5.646800033050127
SOL,2026-01-31 23:30:00+00:00,2026-01-31 23:30:00+00:00,2026-02-01 23:15:00+00:00,1,105.53,98.98712531253459,118.90465132082832,98.98712531253459,stop,-1.0,-1.0203176948670316,95,23.75,6.542874687465414
SOL,2026-02-02 04:00:00+00:00,2026-02-02 04:00:00+00:00,2026-02-04 15:15:00+00:00,1,100.01,92.77378044622023,113.33436680489017,92.77378044622023,stop,-1.0,-1.0173169783419007,237,59.25,7.236219553779776
SOL,2026-02-04 17:00:00+00:00,2026-02-04 17:00:00+00:00,2026-02-05 15:30:00+00:00,1,91.88,85.60696904905963,105.40988593401366,85.60696904905963,stop,-1.0,-1.0183908752856694,90,22.5,6.273030950940367
SOL,2026-02-05 16:30:00+00:00,2026-02-05 16:30:00+00:00,2026-02-05 20:30:00+00:00,1,85.51,78.61459934888072,100.95484296043543,78.61459934888072,stop,-1.0,-1.015471325739347,16,4.0,6.895400651119289
SOL,2026-02-06 02:00:00+00:00,2026-02-06 02:00:00+00:00,2026-02-10 02:00:00+00:00,1,79.48,70.99374012880293,97.96012891234118,87.22,tempo,0.912062571436218,0.8992942846238187,384,96.0,8.486259871197078
SOL,2026-02-25 22:00:00+00:00,2026-02-25 22:00:00+00:00,2026-02-27 13:45:00+00:00,-1,89.82,94.1510322787571,81.96305126098738,81.96305126098738,alvo,1.8141053294729421,1.7883241816696094,159,39.75,4.331032278757107
SOL,2026-03-16 22:30:00+00:00,2026-03-16 22:30:00+00:00,2026-03-18 15:00:00+00:00,-1,96.45,100.61395593624984,89.10741639274542,89.10741639274542,alvo,1.7633672689311648,1.734401467538965,162,40.5,4.163955936249835
SOL,2026-05-06 13:15:00+00:00,2026-05-06 13:15:00+00:00,2026-05-08 17:45:00+00:00,-1,88.89,91.11698385824228,85.11679771972096,91.11698385824228,stop,-1.0,-1.0525394645654087,210,52.5,2.226983858242278
SOL,2026-05-08 21:00:00+00:00,2026-05-08 21:00:00+00:00,2026-05-10 09:15:00+00:00,-1,92.09,94.70731180253705,87.20330722922752,94.70731180253705,stop,-1.0,-1.0463904424967458,145,36.25,2.6173118025370457
SOL,2026-05-10 09:45:00+00:00,2026-05-10 09:45:00+00:00,2026-05-10 18:30:00+00:00,-1,94.27,96.6671685638148,89.63141332320535,96.6671685638148,stop,-1.0,-1.051773230068133,35,8.75,2.3971685638148017
SOL,2026-05-10 20:45:00+00:00,2026-05-10 20:45:00+00:00,2026-05-11 16:15:00+00:00,-1,94.87,97.48032217343932,90.35428427659569,97.48032217343932,stop,-1.0,-1.0478974245726922,78,19.5,2.6103221734393145
SOL,2026-05-11 16:30:00+00:00,2026-05-11 16:30:00+00:00,2026-05-13 14:15:00+00:00,-1,97.4,100.53731871964288,91.58555982517943,91.58555982517943,alvo,1.8533151057991444,1.814160456602282,183,45.75,3.1373187196428773
SOL,2026-05-16 09:45:00+00:00,2026-05-16 09:45:00+00:00,2026-05-17 23:45:00+00:00,1,86.07,83.4102062839679,91.50421612330179,83.4102062839679,stop,-1.0,-1.0414175480679457,152,38.0,2.659793716032098
SOL,2026-06-02 16:15:00+00:00,2026-06-02 16:15:00+00:00,2026-06-02 19:45:00+00:00,1,77.2,74.61826241643452,81.72192437469423,74.61826241643452,stop,-1.0,-1.038223044510356,14,3.5,2.5817375835654843
SOL,2026-06-02 21:30:00+00:00,2026-06-02 21:30:00+00:00,2026-06-02 23:30:00+00:00,1,75.86,73.22199769101451,81.29482898789432,73.22199769101451,stop,-1.0,-1.0367335912364786,8,2.0,2.6380023089854916
SOL,2026-06-03 00:45:00+00:00,2026-06-03 00:45:00+00:00,2026-06-03 16:30:00+00:00,1,74.92,72.02600356005894,80.97369723063439,72.02600356005894,stop,-1.0,-1.0330044988984104,63,15.75,2.8939964399410627
SOL,2026-06-03 17:30:00+00:00,2026-06-03 17:30:00+00:00,2026-06-04 00:45:00+00:00,1,73.42,70.3910870461421,79.52241019449083,70.3910870461421,stop,-1.0,-1.0308616351819986,29,7.25,3.0289129538578976
SOL,2026-06-04 03:15:00+00:00,2026-06-04 03:15:00+00:00,2026-06-04 11:15:00+00:00,1,70.91,67.38645474267229,78.41417864076793,67.38645474267229,stop,-1.0,-1.025512002547943,32,8.0,3.5235452573277115
SOL,2026-06-04 12:30:00+00:00,2026-06-04 12:30:00+00:00,2026-06-05 06:15:00+00:00,1,69.33,65.64817196100614,77.23681912505734,65.64817196100614,stop,-1.0,-1.0238294159437793,71,17.75,3.6818280389938565
SOL,2026-06-05 09:15:00+00:00,2026-06-05 09:15:00+00:00,2026-06-05 19:15:00+00:00,1,66.27,62.24721653088977,74.73985706688592,62.24721653088977,stop,-1.0,-1.0207657686242693,40,10.0,4.022783469110223
SOL,2026-06-05 20:15:00+00:00,2026-06-05 20:15:00+00:00,2026-06-09 20:15:00+00:00,1,64.01,59.67592419440295,73.22682029990503,65.55,tempo,0.35532373430368397,0.33589306355001475,384,96.0,4.3340758055970525
SOL,2026-06-15 13:45:00+00:00,2026-06-15 13:45:00+00:00,2026-06-19 07:45:00+00:00,-1,73.66,76.80038779694983,67.94420792489471,67.94420792489471,alvo,1.8200911621987759,1.7907818089906848,360,90.0,3.140387796949838
SOL,2026-06-24 18:15:00+00:00,2026-06-24 18:15:00+00:00,2026-06-26 07:15:00+00:00,1,65.44,62.774060353573496,70.7697101872974,70.7697101872974,alvo,1.9991863635928508,1.9659761925597519,148,37.0,2.6659396464265015
SOL,2026-07-02 12:45:00+00:00,2026-07-02 12:45:00+00:00,2026-07-06 12:45:00+00:00,-1,81.18,85.17469037038235,74.14136454447608,79.93,tempo,0.31291536617401433,0.2867001929589807,384,96.0,3.9946903703823438
SOL,2026-08-22 05:15:00+00:00,2026-08-22 05:15:00+00:00,2026-08-23 00:45:00+00:00,-1,93.33,100.11055106138288,83.71619345314521,100.11055106138288,stop,-1.0,-1.0185436783900945,78,19.5,6.78055106138288
SOL,2026-08-27 15:00:00+00:00,2026-08-27 15:00:00+00:00,2026-08-31 15:00:00+00:00,-1,106.73,112.87737655018545,95.76627966958988,103.45,tempo,0.5335609382674072,0.511337311833481,384,96.0,6.147376550185442
BNB,2025-04-07 00:30:00+00:00,2025-04-07 00:30:00+00:00,2025-04-07 06:30:00+00:00,1,557.89,541.0343870382785,592.5666485542135,541.0343870382785,stop,-1.0,-1.0423776253760118,24,6.0,16.855612961721476
BNB,2025-04-07 08:45:00+00:00,2025-04-07 08:45:00+00:00,2025-04-11 08:45:00+00:00,1,543.11,521.4997826289837,587.280693683039,579.73,tempo,1.694568794533034,1.6607956034785623,384,96.0,21.610217371016347
BNB,2025-05-08 21:45:00+00:00,2025-05-08 21:45:00+00:00,2025-05-09 07:45:00+00:00,-1,623.99,635.3401070016706,603.1491137483442,635.3401070016706,stop,-1.0,-1.0721195464880289,40,10.0,11.350107001670608
BNB,2025-05-09 08:45:00+00:00,2025-05-09 08:45:00+00:00,2025-05-09 23:15:00+00:00,-1,631.72,645.1341089278751,606.6559938280659,645.1341089278751,stop,-1.0,-1.0618718079050662,58,14.5,13.414108927875077
BNB,2025-05-10 10:30:00+00:00,2025-05-10 10:30:00+00:00,2025-05-12 11:15:00+00:00,-1,658.29,678.8591943322696,619.7653500035391,678.8591943322696,stop,-1.0,-1.0422547894815903,195,48.75,20.569194332269603
BNB,2025-05-12 11:45:00+00:00,2025-05-12 11:45:00+00:00,2025-05-16 11:45:00+00:00,-1,683.65,707.289718674066,638.7932464517546,654.01,tempo,1.2538220276079943,1.2170415983656673,384,96.0,23.63971867406599
BNB,2025-06-05 21:45:00+00:00,2025-06-05 21:45:00+00:00,2025-06-09 21:15:00+00:00,1,634.4,620.0532762603524,663.1280650511743,663.1280650511743,alvo,2.002412925243935,1.943626455413717,382,95.5,14.346723739647587
BNB,2025-06-22 14:00:00+00:00,2025-06-22 14:00:00+00:00,2025-06-22 20:15:00+00:00,1,616.16,603.0696510655285,641.6173451378176,603.0696510655285,stop,-1.0,-1.0605407294457727,25,6.25,13.090348934471422
BNB,2025-06-22 21:00:00+00:00,2025-06-22 21:00:00+00:00,2025-06-23 22:15:00+00:00,1,609.39,594.7283697163225,638.3136833673158,638.3136833673158,alvo,1.9727467415077287,1.9174317882251026,101,25.25,14.661630283677482
BNB,2025-07-11 07:15:00+00:00,2025-07-11 07:15:00+00:00,2025-07-11 17:15:00+00:00,-1,686.4,697.0193424891457,666.3216356518724,697.0193424891457,stop,-1.0,-1.0846778012421256,40,10.0,10.619342489145765
BNB,2025-07-11 20:45:00+00:00,2025-07-11 20:45:00+00:00,2025-07-14 07:30:00+00:00,-1,692.94,704.7140591839542,670.6808268805061,704.7140591839542,stop,-1.0,-1.0771590429669025,235,58.75,11.774059183954137
BNB,2025-07-14 08:00:00+00:00,2025-07-14 08:00:00+00:00,2025-07-15 01:30:00+00:00,-1,706.87,719.801457752739,682.3669990956166,682.3669990956166,alvo,1.8948367131457735,1.8250066857290357,70,17.5,12.931457752738993
BNB,2025-07-18 07:45:00+00:00,2025-07-18 07:45:00+00:00,2025-07-18 13:15:00+00:00,-1,742.31,763.9210915007482,701.4473746754544,763.9210915007482,stop,-1.0,-1.045303135634847,22,5.5,21.611091500748216
BNB,2025-07-18 14:30:00+00:00,2025-07-18 14:30:00+00:00,2025-07-21 11:00:00+00:00,-1,745.01,771.0585804553906,705.1860589891188,771.0585804553906,stop,-1.0,-1.0378310280279428,274,68.5,26.048580455390606
BNB,2025-07-28 03:45:00+00:00,2025-07-28 03:45:00+00:00,2025-07-30 12:15:00+00:00,-1,841.22,872.5062423416124,784.5736896059811,784.5736896059811,alvo,1.810582101087809,1.7768047657752095,226,56.5,31.286242341612365
BNB,2025-08-09 11:00:00+00:00,2025-08-09 11:00:00+00:00,2025-08-12 20:30:00+00:00,-1,816.65,836.9910241569811,778.1139788055895,836.9910241569811,stop,-1.0,-1.0528423081063565,326,81.5,20.34102415698112
BNB,2025-09-12 23:15:00+00:00,2025-09-12 23:15:00+00:00,2025-09-13 10:00:00+00:00,-1,923.16,940.6038223305778,889.967523328651,940.6038223305778,stop,-1.0,-1.0694484535302387,43,10.75,17.44382233057786
BNB,2025-09-13 16:15:00+00:00,2025-09-13 16:15:00+00:00,2025-09-16 17:15:00+00:00,-1,932.19,950.7144459196574,899.0089708582854,950.7144459196574,stop,-1.0,-1.0660687987730335,292,73.0,18.524445919657296
BNB,2025-09-18 01:00:00+00:00,2025-09-18 01:00:00+00:00,2025-09-20 15:00:00+00:00,-1,984.0,1011.5649695175028,932.2023847474317,1011.5649695175028,stop,-1.0,-1.0470567264499513,248,62.0,27.564969517502846
BNB,2025-09-20 15:30:00+00:00,2025-09-20 15:30:00+00:00,2025-09-20 21:45:00+00:00,-1,1020.4,1048.1136025420003,967.259127200027,1048.1136025420003,stop,-1.0,-1.048515303617227,25,6.25,27.71360254200033
BNB,2025-09-21 11:45:00+00:00,2025-09-21 11:45:00+00:00,2025-09-22 17:15:00+00:00,-1,1055.64,1091.839963858275,988.0632317430344,988.0632317430344,alvo,1.8667634178181185,1.8300670524340599,118,29.5,36.19996385827494
BNB,2025-10-03 07:30:00+00:00,2025-10-03 07:30:00+00:00,2025-10-03 13:30:00+00:00,-1,1086.09,1119.222259302804,1025.0283683832986,1119.222259302804,stop,-1.0,-1.0432645705035122,24,6.0,33.13225930280419
BNB,2025-10-04 10:00:00+00:00,2025-10-04 10:00:00+00:00,2025-10-06 06:15:00+00:00,-1,1151.25,1200.1134853734306,1064.5240760765726,1200.1134853734306,stop,-1.0,-1.0312786992948273,177,44.25,48.86348537343065
BNB,2025-10-06 08:00:00+00:00,2025-10-06 08:00:00+00:00,2025-10-07 05:30:00+00:00,-1,1199.08,1247.674672918423,1112.2700889995508,1247.674672918423,stop,-1.0,-1.0327276724357584,86,21.5,48.59467291842316
BNB,2025-10-07 15:45:00+00:00,2025-10-07 15:45:00+00:00,2025-10-08 00:45:00+00:00,-1,1273.29,1334.7361033097066,1159.3901855132374,1334.7361033097066,stop,-1.0,-1.0275886813946022,36,9.0,61.44610330970659
BNB,2025-10-08 02:15:00+00:00,2025-10-08 02:15:00+00:00,2025-10-10 21:15:00+00:00,-1,1286.46,1355.239716609268,1178.4497418232015,1178.4497418232015,alvo,1.5703795174149384,1.5470849850851964,268,67.0,68.77971660926801
BNB,2025-11-03 09:00:00+00:00,2025-11-03 09:00:00+00:00,2025-11-03 15:30:00+00:00,1,1024.99,993.1603279000122,1089.6649725921538,993.1603279000122,stop,-1.0,-1.0412130451427275,26,6.5,31.82967209998776
BNB,2025-11-03 17:15:00+00:00,2025-11-03 17:15:00+00:00,2025-11-04 05:45:00+00:00,1,999.4,960.8171673921624,1080.5616179777608,960.8171673921624,stop,-1.0,-1.0330235255600722,50,12.5,38.58283260783753
BNB,2025-11-04 15:00:00+00:00,2025-11-04 15:00:00+00:00,2025-11-04 17:15:00+00:00,1,962.47,918.4076064821062,1050.5279171090244,918.4076064821062,stop,-1.0,-1.0277463466372265,9,2.25,44.06239351789384
BNB,2025-11-04 22:30:00+00:00,2025-11-04 22:30:00+00:00,2025-11-08 22:30:00+00:00,1,933.33,882.7882162641621,1037.2752209181656,995.36,tempo,1.227301361665556,1.2024971619057625,384,96.0,50.54178373583795
BNB,2025-11-21 08:15:00+00:00,2025-11-21 08:15:00+00:00,2025-11-21 12:30:00+00:00,1,836.3,800.8823126130583,910.1334226798352,800.8823126130583,stop,-1.0,-1.0300462447356413,17,4.25,35.41768738694168
BNB,2025-11-21 12:45:00+00:00,2025-11-21 12:45:00+00:00,2025-11-25 12:45:00+00:00,1,818.85,778.4434888014107,904.0086500346025,853.83,tempo,0.865702060444685,0.8387944664023179,384,96.0,40.40651119858933
BNB,2025-12-01 16:00:00+00:00,2025-12-01 16:00:00+00:00,2025-12-02 15:15:00+00:00,1,811.9,783.5604469536918,868.7038277117746,868.7038277117746,alvo,2.0044009734011827,1.9658544061272518,93,23.25,28.339553046308197
BNB,2026-01-05 20:45:00+00:00,2026-01-05 20:45:00+00:00,2026-01-08 07:00:00+00:00,-1,913.74,932.1832858373702,880.925728308209,880.925728308209,alvo,1.7791987816673034,1.715949058505898,233,58.25,18.44328583737024
BNB,2026-01-21 00:45:00+00:00,2026-01-21 00:45:00+00:00,2026-01-25 00:45:00+00:00,1,879.52,856.0268133100113,925.4886618489965,886.66,tempo,0.3039179015694204,0.25505194672263864,384,96.0,23.493186689988647
BNB,2026-01-31 15:00:00+00:00,2026-01-31 15:00:00+00:00,2026-01-31 17:15:00+00:00,1,812.17,784.2667025911256,870.5248795850601,784.2667025911256,stop,-1.0,-1.0371885745787954,9,2.25,27.903297408874323
BNB,2026-02-01 22:45:00+00:00,2026-02-01 22:45:00+00:00,2026-02-02 03:45:00+00:00,1,763.7,731.150270984546,833.0218274954372,731.150270984546,stop,-1.0,-1.029851329197814,20,5.0,32.54972901545409
BNB,2026-02-02 04:00:00+00:00,2026-02-02 04:00:00+00:00,2026-02-04 18:15:00+00:00,1,751.97,713.079560363898,827.3144412462046,713.079560363898,stop,-1.0,-1.0244862805138497,249,62.25,38.89043963610197
BNB,2026-02-04 18:30:00+00:00,2026-02-04 18:30:00+00:00,2026-02-05 11:30:00+00:00,1,715.97,680.6557973970241,786.7486485183932,680.6557973970241,stop,-1.0,-1.025706562838589,68,17.0,35.31420260297591
BNB,2026-02-05 11:45:00+00:00,2026-02-05 11:45:00+00:00,2026-02-05 15:45:00+00:00,1,686.43,648.6894022710193,766.2223025283919,648.6894022710193,stop,-1.0,-1.0229945380756322,16,4.0,37.740597728980674
BNB,2026-02-06 05:15:00+00:00,2026-02-06 05:15:00+00:00,2026-02-10 05:15:00+00:00,1,630.78,581.767146837443,735.4804963899126,637.82,tempo,0.14363579236350663,0.12681183809858865,384,96.0,49.01285316255701
BNB,2026-04-02 16:30:00+00:00,2026-04-02 16:30:00+00:00,2026-04-06 09:30:00+00:00,1,577.72,561.9394056280121,610.5534920747534,610.5534920747534,alvo,2.080624550684603,2.0316797675134675,356,89.0,15.780594371987945
BNB,2026-05-06 13:30:00+00:00,2026-05-06 13:30:00+00:00,2026-05-10 13:30:00+00:00,-1,650.59,664.3037374156692,627.1372764376611,651.26,tempo,-0.04885611993958891,-0.11056085252642847,384,96.0,13.71373741566913
BNB,2026-05-31 16:30:00+00:00,2026-05-31 16:30:00+00:00,2026-06-02 13:45:00+00:00,-1,711.64,735.941852447613,672.5251463442281,672.5251463442281,alvo,1.6095420602232264,1.5725198888861553,181,45.25,24.301852447612987
BNB,2026-06-04 01:45:00+00:00,2026-06-04 01:45:00+00:00,2026-06-05 06:15:00+00:00,1,608.76,581.8348601883454,664.8593159721123,581.8348601883454,stop,-1.0,-1.0287421593550072,114,28.5,26.925139811654617
BNB,2026-06-05 06:45:00+00:00,2026-06-05 06:45:00+00:00,2026-06-09 06:45:00+00:00,1,582.65,554.4515264378024,642.5938273383041,604.15,tempo,0.7624526183155724,0.7350958183704097,384,96.0,28.19847356219759
BNB,2026-06-24 20:00:00+00:00,2026-06-24 20:00:00+00:00,2026-06-25 14:00:00+00:00,1,555.27,541.2066629122686,583.8487826876657,541.2066629122686,stop,-1.0,-1.0506785712698823,72,18.0,14.063337087731384
BNB,2026-07-30 18:00:00+00:00,2026-07-30 18:00:00+00:00,2026-08-03 18:00:00+00:00,-1,594.24,605.3935480920335,572.8440726164911,592.63,tempo,0.144348684984823,0.075180964217023,384,96.0,11.153548092033475
BNB,2026-08-19 23:00:00+00:00,2026-08-19 23:00:00+00:00,2026-08-20 08:15:00+00:00,-1,628.62,639.9153143071753,607.1398160089874,639.9153143071753,stop,-1.0,-1.07299911555147,37,9.25,11.295314307175317
BNB,2026-08-22 05:45:00+00:00,2026-08-22 05:45:00+00:00,2026-08-26 05:45:00+00:00,-1,696.73,727.880725275626,638.9920976310848,696.77,tempo,-0.0012840792516398262,-0.030361251355517864,384,96.0,31.150725275625973
BNB,2026-09-03 16:15:00+00:00,2026-09-03 16:15:00+00:00,2026-09-05 08:15:00+00:00,-1,722.22,740.1156492732489,692.5926342531759,740.1156492732489,stop,-1.0,-1.0531144837225037,160,40.0,17.895649273248864
BNB,2026-09-05 11:45:00+00:00,2026-09-05 11:45:00+00:00,2026-09-05 14:45:00+00:00,-1,747.73,768.8663445302773,707.458075977936,768.8663445302773,stop,-1.0,-1.046639456625651,12,3.0,21.136344530277256
BNB,2026-09-06 05:15:00+00:00,2026-09-06 05:15:00+00:00,2026-09-09 22:00:00+00:00,-1,762.51,784.5967563505828,720.6298366837492,720.6298366837492,alvo,1.8961663112268459,1.852518394867276,355,88.75,22.086756350582846
XRP,2025-04-06 23:45:00+00:00,2025-04-06 23:45:00+00:00,2025-04-07 03:45:00+00:00,1,1.925,1.808776558221299,2.1008739139157777,1.808776558221299,stop,-1.0,-1.0208818008286569,16,4.0,0.11622344177870114
XRP,2025-04-07 04:00:00+00:00,2025-04-07 04:00:00+00:00,2025-04-07 06:30:00+00:00,1,1.8223,1.6960311233366279,2.088035634267536,1.6960311233366279,stop,-1.0,-1.0181114720475866,10,2.5,0.12626887666337216
XRP,2025-04-07 08:45:00+00:00,2025-04-07 08:45:00+00:00,2025-04-09 17:45:00+00:00,1,1.7842,1.6388458854865202,2.062870040468256,2.062870040468256,alvo,1.9171802697226907,1.8999767971228665,228,57.0,0.1453541145134798
XRP,2025-05-09 08:45:00+00:00,2025-05-09 08:45:00+00:00,2025-05-10 23:15:00+00:00,-1,2.3449,2.4512524738788395,2.1921593587932597,2.4512524738788395,stop,-1.0,-1.029312896957835,154,38.5,0.1063524738788395
XRP,2025-05-12 13:00:00+00:00,2025-05-12 13:00:00+00:00,2025-05-16 13:00:00+00:00,-1,2.5611,2.6960229755823657,2.3233634838015553,2.4198,tempo,1.047264184547588,1.0232683826018805,384,96.0,0.13492297558236555
XRP,2025-06-05 21:15:00+00:00,2025-06-05 21:15:00+00:00,2025-06-08 06:15:00+00:00,1,2.0705,2.0012471616497027,2.2069796178403913,2.2069796178403913,alvo,1.9707440314582494,1.9305960488220355,228,57.0,0.06925283835029727
XRP,2025-06-13 01:30:00+00:00,2025-06-13 01:30:00+00:00,2025-06-16 12:00:00+00:00,1,2.105,2.030215647450393,2.247611656747542,2.247611656747542,alvo,1.90697187159497,1.869140460605496,330,82.5,0.07478435254960702
XRP,2025-06-22 17:00:00+00:00,2025-06-22 17:00:00+00:00,2025-06-23 22:15:00+00:00,1,1.9594,1.8779349588917182,2.123996182309492,2.123996182309492,alvo,2.0204517185563535,1.987870779758652,117,29.25,0.08146504110828179
XRP,2025-07-10 08:45:00+00:00,2025-07-10 08:45:00+00:00,2025-07-10 21:30:00+00:00,-1,2.4538,2.5331119526311636,2.3024603837187643,2.5331119526311636,stop,-1.0,-1.0408701672531588,51,12.75,0.07931195263116342
XRP,2025-07-11 21:00:00+00:00,2025-07-11 21:00:00+00:00,2025-07-14 05:30:00+00:00,-1,2.7584,2.9530029662744073,2.42078083611777,2.9530029662744073,stop,-1.0,-1.0190768517004183,226,56.5,0.19460296627440732
XRP,2025-07-14 10:00:00+00:00,2025-07-14 10:00:00+00:00,2025-07-17 08:30:00+00:00,-1,2.9838,3.1768846315295867,2.645602701715813,3.1768846315295867,stop,-1.0,-1.0207393254386516,282,70.5,0.19308463152958666
XRP,2025-07-17 13:30:00+00:00,2025-07-17 13:30:00+00:00,2025-07-17 21:15:00+00:00,-1,3.2209,3.411509499891619,2.875154826420368,3.411509499891619,stop,-1.0,-1.0226172681706884,31,7.75,0.19060949989161902
XRP,2025-07-18 08:45:00+00:00,2025-07-18 08:45:00+00:00,2025-07-22 08:45:00+00:00,-1,3.4419,3.684493974860882,3.0071695542391534,3.4545,tempo,-0.05193863535656869,-0.07041667052859069,384,96.0,0.24259397486088208
XRP,2025-08-02 19:15:00+00:00,2025-08-02 19:15:00+00:00,2025-08-04 14:15:00+00:00,1,2.7761,2.6395592618168067,3.056188210441587,3.056188210441587,alvo,2.051316069976123,2.0235515552442576,172,43.0,0.13654073818319334
XRP,2025-08-07 23:15:00+00:00,2025-08-07 23:15:00+00:00,2025-08-11 23:15:00+00:00,-1,3.2829,3.440782607841419,3.0083247155719826,3.1425,tempo,0.8892683109277071,0.8628150488673604,384,96.0,0.15788260784141883
XRP,2025-09-13 10:15:00+00:00,2025-09-13 10:15:00+00:00,2025-09-15 08:15:00+00:00,-1,3.173,3.2663277914644318,2.996277814010384,2.996277814010384,alvo,1.893564427236734,1.8505972626206613,184,46.0,0.09332779146443171
XRP,2025-09-22 06:45:00+00:00,2025-09-22 06:45:00+00:00,2025-09-25 18:00:00+00:00,1,2.8207,2.7330453104177086,2.9997974361340978,2.7330453104177086,stop,-1.0,-1.04118358605768,333,83.25,0.08765468958229139
XRP,2025-10-02 20:15:00+00:00,2025-10-02 20:15:00+00:00,2025-10-06 20:15:00+00:00,-1,3.0634,3.16381530891943,2.8941171209078416,3.0267,tempo,0.3654821201560719,0.32606019293602795,384,96.0,0.10041530891942996
XRP,2025-10-10 19:45:00+00:00,2025-10-10 19:45:00+00:00,2025-10-10 21:00:00+00:00,1,2.6825,2.5865705526401945,2.8724518788658866,2.5865705526401945,stop,-1.0,-1.0357022369405535,5,1.25,0.09592944735980558
XRP,2025-10-10 21:45:00+00:00,2025-10-10 21:45:00+00:00,2025-10-14 21:45:00+00:00,1,2.2879,1.9007286680038082,2.8596402458349046,2.4883,tempo,0.5176003062178458,0.5095818148073543,384,96.0,0.3871713319961918
XRP,2025-11-03 21:30:00+00:00,2025-11-03 21:30:00+00:00,2025-11-04 17:30:00+00:00,1,2.2906,2.1960770675689765,2.490616689465133,2.1960770675689765,stop,-1.0,-1.0308532545374425,80,20.0,0.0945229324310235
XRP,2025-11-04 18:45:00+00:00,2025-11-04 18:45:00+00:00,2025-11-04 21:45:00+00:00,1,2.2019,2.0911106975837783,2.433816122158031,2.0911106975837783,stop,-1.0,-1.0251870613188452,12,3.0,0.11078930241622187
XRP,2025-11-04 22:15:00+00:00,2025-11-04 22:15:00+00:00,2025-11-08 22:15:00+00:00,1,2.1812,2.0575027918434854,2.4197419256171284,2.2862,tempo,0.8488469672423246,0.825371821414249,384,96.0,0.12369720815651464
XRP,2025-11-21 11:15:00+00:00,2025-11-21 11:15:00+00:00,2025-11-24 17:30:00+00:00,1,1.9093,1.8000634367100585,2.139629549051664,2.139629549051664,alvo,2.108538955407367,2.084446251209981,313,78.25,0.10923656328994147
XRP,2025-12-15 18:15:00+00:00,2025-12-15 18:15:00+00:00,2025-12-18 05:45:00+00:00,1,1.8929,1.8341198928983005,2.016195200950733,1.8341198928983005,stop,-1.0,-1.0412139931319357,238,59.5,0.058780107101699564
XRP,2026-01-03 07:30:00+00:00,2026-01-03 07:30:00+00:00,2026-01-04 01:00:00+00:00,-1,1.9878,2.046171842462129,1.8952877959008942,2.046171842462129,stop,-1.0,-1.0449203175195567,70,17.5,0.05837184246212912
XRP,2026-01-04 01:45:00+00:00,2026-01-04 01:45:00+00:00,2026-01-04 10:00:00+00:00,-1,2.0294,2.0872090339193567,1.921049711190524,2.0872090339193567,stop,-1.0,-1.0462868117772093,33,8.25,0.05780903391935688
XRP,2026-01-04 19:45:00+00:00,2026-01-04 19:45:00+00:00,2026-01-05 01:45:00+00:00,-1,2.0761,2.1396024368036506,1.9558592023914412,2.1396024368036506,stop,-1.0,-1.0431512036679014,24,6.0,0.06350243680365075
XRP,2026-01-05 13:45:00+00:00,2026-01-05 13:45:00+00:00,2026-01-05 16:30:00+00:00,-1,2.1152,2.182339910216579,1.9927659062589504,2.182339910216579,stop,-1.0,-1.0416056699008067,11,2.75,0.06713991021657861
XRP,2026-01-06 16:30:00+00:00,2026-01-06 16:30:00+00:00,2026-01-08 10:00:00+00:00,-1,2.2852,2.390770424545025,2.0943018001508444,2.0943018001508444,alvo,1.80825454356053,1.7812898308356706,166,41.5,0.10557042454502508
XRP,2026-01-31 21:45:00+00:00,2026-01-31 21:45:00+00:00,2026-02-02 03:30:00+00:00,1,1.6223,1.535987816440949,1.8004013833376316,1.535987816440949,stop,-1.0,-1.0237844415010324,119,29.75,0.08631218355905101
XRP,2026-02-06 01:15:00+00:00,2026-02-06 01:15:00+00:00,2026-02-06 15:45:00+00:00,1,1.23,1.098687411997289,1.5380845349045633,1.5380845349045633,alvo,2.3461919347610656,2.332489859620708,58,14.5,0.13131258800271106
XRP,2026-02-15 10:00:00+00:00,2026-02-15 10:00:00+00:00,2026-02-17 14:45:00+00:00,-1,1.5896,1.6803718152369556,1.4357004372202378,1.4357004372202378,alvo,1.6954553831276193,1.6737917722473055,211,52.75,0.09077181523695566
XRP,2026-03-16 20:15:00+00:00,2026-03-16 20:15:00+00:00,2026-03-17 02:45:00+00:00,-1,1.5259,1.583269761550379,1.418718682640971,1.583269761550379,stop,-1.0,-1.0352269260040945,26,6.5,0.057369761550378984
XRP,2026-03-17 03:45:00+00:00,2026-03-17 03:45:00+00:00,2026-03-19 15:30:00+00:00,-1,1.5433,1.6110999892873525,1.4317060293554662,1.4317060293554662,alvo,1.6459290306311352,1.6174075818904083,239,59.75,0.06779998928735265
XRP,2026-04-16 20:15:00+00:00,2026-04-16 20:15:00+00:00,2026-04-17 14:45:00+00:00,-1,1.458,1.5056752723146432,1.368836555148354,1.5056752723146432,stop,-1.0,-1.0404064588093151,74,18.5,0.04767527231464319
XRP,2026-04-17 15:45:00+00:00,2026-04-17 15:45:00+00:00,2026-04-21 15:45:00+00:00,-1,1.4801,1.5325567831788225,1.3876647263258963,1.4291,tempo,0.9722288884193206,0.9361805475678859,384,96.0,0.05245678317882252
XRP,2026-05-10 19:15:00+00:00,2026-05-10 19:15:00+00:00,2026-05-13 16:00:00+00:00,-1,1.4795,1.5153924525466993,1.414165260836253,1.414165260836253,alvo,1.8202918588174162,1.767888573834414,275,68.75,0.03589245254669926
XRP,2026-05-14 19:30:00+00:00,2026-05-14 19:30:00+00:00,2026-05-15 13:45:00+00:00,-1,1.5222,1.574695499541424,1.439717028517761,1.439717028517761,alvo,1.5712389100546058,1.5345644125194915,73,18.25,0.05249549954142396
XRP,2026-05-28 04:45:00+00:00,2026-05-28 04:45:00+00:00,2026-05-30 01:00:00+00:00,1,1.2823,1.2488331891571958,1.3432883112626295,1.3432883112626295,alvo,1.8223520474985062,1.771357275085417,177,44.25,0.03346681084280423
XRP,2026-06-02 16:15:00+00:00,2026-06-02 16:15:00+00:00,2026-06-02 23:00:00+00:00,1,1.2365,1.198066277501807,1.3124583561403638,1.198066277501807,stop,-1.0,-1.0411739477083068,27,6.75,0.03843372249819299
XRP,2026-06-03 00:15:00+00:00,2026-06-03 00:15:00+00:00,2026-06-04 01:30:00+00:00,1,1.2201,1.1780307365893856,1.3022789167997213,1.1780307365893856,stop,-1.0,-1.0370528231875296,101,25.25,0.042069263410614344
XRP,2026-06-04 02:30:00+00:00,2026-06-04 02:30:00+00:00,2026-06-05 06:00:00+00:00,1,1.177,1.1282597714445102,1.2750934566434688,1.1282597714445102,stop,-1.0,-1.030742959067847,110,27.5,0.04874022855548987
XRP,2026-06-05 06:45:00+00:00,2026-06-05 06:45:00+00:00,2026-06-06 04:30:00+00:00,1,1.1188,1.062342300456453,1.2366578577751695,1.062342300456453,stop,-1.0,-1.025111588087346,87,21.75,0.05645769954354707
XRP,2026-06-06 05:30:00+00:00,2026-06-06 05:30:00+00:00,2026-06-10 05:30:00+00:00,1,1.0787,1.0145257198929054,1.1983794283257514,1.1139,tempo,0.5485063477339807,0.5262982295031001,384,96.0,0.06417428010709458
XRP,2026-06-15 13:00:00+00:00,2026-06-15 13:00:00+00:00,2026-06-15 16:30:00+00:00,-1,1.2379,1.2854486500355853,1.1494650834175653,1.2854486500355853,stop,-1.0,-1.0344947042933001,14,3.5,0.04754865003558528
XRP,2026-06-15 21:15:00+00:00,2026-06-15 21:15:00+00:00,2026-06-18 11:45:00+00:00,-1,1.2582,1.311109965357718,1.1620539810191983,1.1620539810191983,alvo,1.8171627656674822,1.787429896310519,250,62.5,0.05290996535771808
XRP,2026-06-24 16:30:00+00:00,2026-06-24 16:30:00+00:00,2026-06-25 14:00:00+00:00,1,1.065,1.033588756366195,1.1279836350468637,1.033588756366195,stop,-1.0,-1.0434265738580943,86,21.5,0.031411243633804986
XRP,2026-06-25 14:15:00+00:00,2026-06-25 14:15:00+00:00,2026-06-29 14:15:00+00:00,1,1.0359,0.9903688645271378,1.1125293780195822,1.0417,tempo,0.1273853581678625,0.09772565418782675,384,96.0,0.04553113547286225
XRP,2026-07-04 14:30:00+00:00,2026-07-04 14:30:00+00:00,2026-07-08 06:30:00+00:00,-1,1.1631,1.2038386180824037,1.087881392214376,1.087881392214376,alvo,1.8463711172891617,1.8104558611069368,352,88.0,0.040738618082403644
XRP,2026-07-28 11:30:00+00:00,2026-07-28 11:30:00+00:00,2026-08-01 11:30:00+00:00,1,1.0501,1.027613390796547,1.096056390246558,1.0621,tempo,0.5336509338258657,0.47259548577773697,384,96.0,0.022486609203453023
XRP,2026-08-07 04:30:00+00:00,2026-08-07 04:30:00+00:00,2026-08-11 04:30:00+00:00,1,1.0214,1.0008273303386082,1.0624697067149398,1.0135,tempo,-0.3840046104869751,-0.4482979191226667,384,96.0,0.02057266966139193
XRP,2026-08-19 17:30:00+00:00,2026-08-19 17:30:00+00:00,2026-08-19 20:30:00+00:00,-1,1.0542,1.0807397210374912,1.0060163886252822,1.0807397210374912,stop,-1.0,-1.0522880710281028,12,3.0,0.026539721037491137
XRP,2026-08-22 10:15:00+00:00,2026-08-22 10:15:00+00:00,2026-08-26 10:15:00+00:00,-1,1.463,1.6248673439188024,1.1903014993205947,1.4073,tempo,0.34410893915662777,0.33258286505896484,384,96.0,0.1618673439188023
DOGE,2025-04-06 21:15:00+00:00,2025-04-06 21:15:00+00:00,2025-04-07 03:45:00+00:00,1,0.15125,0.14342114491405272,0.16681278142743955,0.14342114491405272,stop,-1.0,-1.0244654220944696,26,6.5,0.007828855085947273
DOGE,2025-04-07 10:15:00+00:00,2025-04-07 10:15:00+00:00,2025-04-09 21:00:00+00:00,1,0.13984,0.12973844851940558,0.16239906139391172,0.16239906139391172,alvo,2.233227384649657,2.213779343397435,235,58.75,0.010101551480594412
DOGE,2025-04-23 14:00:00+00:00,2025-04-23 14:00:00+00:00,2025-04-26 01:45:00+00:00,-1,0.17949,0.18873249215655963,0.1642479274126256,0.18873249215655963,stop,-1.0,-1.0258961128500277,239,59.75,0.009242492156559617
DOGE,2025-05-08 16:00:00+00:00,2025-05-08 16:00:00+00:00,2025-05-09 00:00:00+00:00,-1,0.18928,0.19730953810873977,0.17450948720126427,0.19730953810873977,stop,-1.0,-1.0312948511318691,32,8.0,0.00802953810873977
DOGE,2025-05-09 04:00:00+00:00,2025-05-09 04:00:00+00:00,2025-05-09 07:30:00+00:00,-1,0.19351,0.20240335306633386,0.17739094650652804,0.20240335306633386,stop,-1.0,-1.028936631389043,14,3.5,0.008893353066333876
DOGE,2025-05-09 14:30:00+00:00,2025-05-09 14:30:00+00:00,2025-05-10 06:00:00+00:00,-1,0.20308,0.21631174002927323,0.18084617056094784,0.21631174002927323,stop,-1.0,-1.0206023267095583,62,15.5,0.013231740029273215
DOGE,2025-05-11 07:00:00+00:00,2025-05-11 07:00:00+00:00,2025-05-15 07:00:00+00:00,-1,0.23433,0.25422070426388815,0.1991699952232835,0.22774,tempo,0.33131054147561034,0.3162107493307298,384,96.0,0.019890704263888143
DOGE,2025-05-31 00:45:00+00:00,2025-05-31 00:45:00+00:00,2025-06-04 00:45:00+00:00,1,0.19377,0.18274925316499935,0.21741485268920516,0.19269,tempo,-0.0979969884227845,-0.12079027128835404,384,96.0,0.01102074683500065
DOGE,2025-06-06 03:30:00+00:00,2025-06-06 03:30:00+00:00,2025-06-09 21:15:00+00:00,1,0.17365,0.16506866858863345,0.1919310099086272,0.1919310099086272,alvo,2.130323260142682,2.1026320261080826,359,89.75,0.00858133141136655
DOGE,2025-06-21 22:30:00+00:00,2025-06-21 22:30:00+00:00,2025-06-22 13:30:00+00:00,1,0.15415,0.14744518842338614,0.1684600172588179,0.14744518842338614,stop,-1.0,-1.0292382373814903,60,15.0,0.006704811576613873
DOGE,2025-06-22 15:00:00+00:00,2025-06-22 15:00:00+00:00,2025-06-24 05:45:00+00:00,1,0.14862,0.14061710699658636,0.16538797568345115,0.16538797568345115,alvo,2.0952392686368233,2.0697353434803603,155,38.75,0.008002893003413641
DOGE,2025-07-11 21:45:00+00:00,2025-07-11 21:45:00+00:00,2025-07-15 21:45:00+00:00,-1,0.20202,0.21493882821012608,0.18065792241301787,0.19632,tempo,0.44121648707521466,0.4211743442594249,384,96.0,0.012918828210126077
DOGE,2025-07-18 03:30:00+00:00,2025-07-18 03:30:00+00:00,2025-07-18 13:45:00+00:00,-1,0.23288,0.24994559068144995,0.20258239195885286,0.24994559068144995,stop,-1.0,-1.0183900246877524,41,10.25,0.017065590681449944
DOGE,2025-07-18 15:15:00+00:00,2025-07-18 15:15:00+00:00,2025-07-20 16:15:00+00:00,-1,0.23901,0.25862940841544957,0.20823270161452817,0.25862940841544957,stop,-1.0,-1.0164870218622557,196,49.0,0.01961940841544957
DOGE,2025-07-20 17:00:00+00:00,2025-07-20 17:00:00+00:00,2025-07-21 17:15:00+00:00,-1,0.26499,0.2868791795746564,0.22732844673054853,0.2868791795746564,stop,-1.0,-1.01638777577296,97,24.25,0.021889179574656414
DOGE,2025-07-21 17:45:00+00:00,2025-07-21 17:45:00+00:00,2025-07-23 17:30:00+00:00,-1,0.27893,0.3029286629498115,0.24010843335493884,0.24010843335493884,alvo,1.6176553971464516,1.6035973230618135,191,47.75,0.02399866294981151
DOGE,2025-08-09 05:45:00+00:00,2025-08-09 05:45:00+00:00,2025-08-09 17:45:00+00:00,-1,0.23453,0.24605381074280705,0.21321294804241353,0.24605381074280705,stop,-1.0,-1.027107307118681,48,12.0,0.011523810742807061
DOGE,2025-08-09 21:30:00+00:00,2025-08-09 21:30:00+00:00,2025-08-13 21:30:00+00:00,-1,0.2413,0.253713921537365,0.2184094497040314,0.24388,tempo,-0.20783118309829918,-0.23323548415262502,384,96.0,0.012413921537365008
DOGE,2025-09-08 13:45:00+00:00,2025-09-08 13:45:00+00:00,2025-09-09 12:15:00+00:00,-1,0.23647,0.24588481267027437,0.2195799789137375,0.24588481267027437,stop,-1.0,-1.0333018445736681,90,22.5,0.009414812670274358
DOGE,2025-09-09 12:45:00+00:00,2025-09-09 12:45:00+00:00,2025-09-11 22:45:00+00:00,-1,0.24498,0.2559605255332178,0.22501633934058005,0.2559605255332178,stop,-1.0,-1.0296535298435003,232,58.0,0.010980525533217794
DOGE,2025-09-12 01:00:00+00:00,2025-09-12 01:00:00+00:00,2025-09-12 22:30:00+00:00,-1,0.26172,0.2757279744014419,0.23716002279139123,0.2757279744014419,stop,-1.0,-1.0249387365617242,86,21.5,0.014007974401441914
DOGE,2025-09-13 17:15:00+00:00,2025-09-13 17:15:00+00:00,2025-09-17 17:15:00+00:00,-1,0.28271,0.3022877404587457,0.2538791071902253,0.26581,tempo,0.8632252550089635,0.8450138582059822,384,96.0,0.019577740458745663
DOGE,2025-09-22 11:00:00+00:00,2025-09-22 11:00:00+00:00,2025-09-25 12:30:00+00:00,1,0.23963,0.2278794878189545,0.2646568909687289,0.2278794878189545,stop,-1.0,-1.0258610997035946,294,73.5,0.011750512181045503
DOGE,2025-09-25 18:15:00+00:00,2025-09-25 18:15:00+00:00,2025-09-29 18:15:00+00:00,1,0.22324,0.21176394452602718,0.2461240523145718,0.23242,tempo,0.7999264225255641,0.7741179902927537,384,96.0,0.011476055473972818
DOGE,2025-10-02 09:45:00+00:00,2025-10-02 09:45:00+00:00,2025-10-06 09:45:00+00:00,-1,0.25753,0.26815500549047017,0.23790815103576346,0.25791,tempo,-0.03576468740094509,-0.06729747110637485,384,96.0,0.010625005490470185
DOGE,2025-10-10 21:45:00+00:00,2025-10-10 21:45:00+00:00,2025-10-14 21:45:00+00:00,1,0.18453,0.15679122277960186,0.24922031019749002,0.2034,tempo,0.6802751199185396,0.671184794919838,384,96.0,0.027738777220398136
DOGE,2025-11-03 11:15:00+00:00,2025-11-03 11:15:00+00:00,2025-11-03 15:30:00+00:00,1,0.1733,0.16627202541056427,0.1866993855112175,0.16627202541056427,stop,-1.0,-1.0314061773713084,17,4.25,0.007027974589435743
DOGE,2025-11-03 17:00:00+00:00,2025-11-03 17:00:00+00:00,2025-11-04 06:00:00+00:00,1,0.1687,0.1608505250948716,0.18550968256393333,0.1608505250948716,stop,-1.0,-1.0272894485173416,52,13.0,0.007849474905128384
DOGE,2025-11-04 06:15:00+00:00,2025-11-04 06:15:00+00:00,2025-11-04 18:45:00+00:00,1,0.16452,0.15570878203941818,0.18234763106599405,0.15570878203941818,stop,-1.0,-1.0236231482703984,50,12.5,0.008811217960581819
DOGE,2025-11-04 18:45:00+00:00,2025-11-04 18:45:00+00:00,2025-11-07 17:45:00+00:00,1,0.15905,0.14948689860030445,0.17904029683588682,0.17904029683588682,alvo,2.090357092367884,2.0673772363820087,284,71.0,0.009563101399695545
DOGE,2025-11-21 12:45:00+00:00,2025-11-21 12:45:00+00:00,2025-11-25 12:45:00+00:00,1,0.13903,0.12954715920875984,0.15580271214105687,0.14966,tempo,1.120972104669262,1.101183888866531,384,96.0,0.009482840791240149
DOGE,2025-12-01 04:45:00+00:00,2025-12-01 04:45:00+00:00,2025-12-03 05:00:00+00:00,1,0.13727,0.13157155460698844,0.14919439668408088,0.14919439668408088,alvo,2.0925701417977387,2.059894237230327,193,48.25,0.005698445393011564
DOGE,2025-12-15 19:00:00+00:00,2025-12-15 19:00:00+00:00,2025-12-18 17:30:00+00:00,1,0.12831,0.12331427395214722,0.1381427049461196,0.12331427395214722,stop,-1.0,-1.032739140717933,282,70.5,0.004995726047852783
DOGE,2026-01-02 16:00:00+00:00,2026-01-02 16:00:00+00:00,2026-01-02 22:00:00+00:00,-1,0.13523,0.14112970209749212,0.12441721840537522,0.14112970209749212,stop,-1.0,-1.0304479452343414,24,6.0,0.005899702097492132
DOGE,2026-01-03 07:30:00+00:00,2026-01-03 07:30:00+00:00,2026-01-04 00:45:00+00:00,-1,0.13965,0.1460547244508516,0.12764714292860976,0.1460547244508516,stop,-1.0,-1.028995481744474,69,17.25,0.006404724450851607
DOGE,2026-01-05 06:30:00+00:00,2026-01-05 06:30:00+00:00,2026-01-06 14:30:00+00:00,-1,0.14982,0.15646675043580838,0.13739932403942567,0.15646675043580838,stop,-1.0,-1.0299524391213377,128,32.0,0.0066467504358083684
DOGE,2026-01-19 02:30:00+00:00,2026-01-19 02:30:00+00:00,2026-01-21 12:30:00+00:00,1,0.12711,0.12149544639743894,0.13886650088849528,0.12149544639743894,stop,-1.0,-1.0287811910967641,232,58.0,0.005614553602561065
DOGE,2026-01-21 12:45:00+00:00,2026-01-21 12:45:00+00:00,2026-01-25 12:45:00+00:00,1,0.1224,0.11776551120558264,0.1314496884427202,0.12297,tempo,0.12299091124928717,0.0885770833008584,384,96.0,0.004634488794417357
DOGE,2026-01-31 15:15:00+00:00,2026-01-31 15:15:00+00:00,2026-01-31 17:15:00+00:00,1,0.10764,0.10222837203467854,0.11903957371108116,0.10222837203467854,stop,-1.0,-1.0252076533525043,8,2.0,0.005411627965321464
DOGE,2026-01-31 23:30:00+00:00,2026-01-31 23:30:00+00:00,2026-02-04 23:30:00+00:00,1,0.10416,0.09819352330897987,0.11710622632270257,0.10414,tempo,-0.0033520620352220955,-0.026044683998159925,384,96.0,0.005966476691020128
DOGE,2026-02-05 20:45:00+00:00,2026-02-05 20:45:00+00:00,2026-02-06 00:15:00+00:00,1,0.09003,0.08278186080107525,0.1059149219397496,0.08278186080107525,stop,-1.0,-1.0154974547863764,14,3.5,0.007248139198924752
DOGE,2026-02-06 00:45:00+00:00,2026-02-06 00:45:00+00:00,2026-02-10 00:45:00+00:00,1,0.08702,0.07845082971706441,0.10484207620501859,0.09596,tempo,1.0432748684902284,1.029395228329868,384,96.0,0.008569170282935593
DOGE,2026-02-15 12:45:00+00:00,2026-02-15 12:45:00+00:00,2026-02-16 14:30:00+00:00,-1,0.11136,0.11822292618487072,0.09923864216991814,0.09923864216991814,alvo,1.766208393265736,1.7462622196186672,103,25.75,0.006862926184870721
DOGE,2026-04-29 13:30:00+00:00,2026-04-29 13:30:00+00:00,2026-05-03 13:30:00+00:00,-1,0.10671,0.11079937529911456,0.09919082251588544,0.10874,tempo,-0.4964083390535333,-0.5306537897047177,384,96.0,0.004089375299114559
DOGE,2026-06-02 23:15:00+00:00,2026-06-02 23:15:00+00:00,2026-06-04 01:30:00+00:00,1,0.09279,0.08928531276875953,0.09963100993965379,0.08928531276875953,stop,-1.0,-1.0337687632279258,105,26.25,0.0035046872312404637
DOGE,2026-06-04 02:30:00+00:00,2026-06-04 02:30:00+00:00,2026-06-05 06:15:00+00:00,1,0.08894,0.08475356636498808,0.09729672970629455,0.08475356636498808,stop,-1.0,-1.0269682569892025,111,27.75,0.004186433635011921
DOGE,2026-06-05 06:45:00+00:00,2026-06-05 06:45:00+00:00,2026-06-05 19:00:00+00:00,1,0.0843,0.07975523757590673,0.09416692483925525,0.07975523757590673,stop,-1.0,-1.0234634716787456,49,12.25,0.004544762424093268
DOGE,2026-06-05 20:15:00+00:00,2026-06-05 20:15:00+00:00,2026-06-09 20:15:00+00:00,1,0.08144,0.07642835957455804,0.09207078648212268,0.08535,tempo,0.780183666040883,0.7585513279645855,384,96.0,0.005011640425441957
DOGE,2026-06-23 08:45:00+00:00,2026-06-23 08:45:00+00:00,2026-06-24 14:00:00+00:00,1,0.07912,0.07671298999896764,0.083695884254159,0.07671298999896764,stop,-1.0,-1.0420818540246553,117,29.25,0.002407010001032356
DOGE,2026-06-24 21:00:00+00:00,2026-06-24 21:00:00+00:00,2026-06-25 14:00:00+00:00,1,0.07555,0.07277200705786492,0.08128610201858875,0.07277200705786492,stop,-1.0,-1.0347046614573163,68,17.0,0.002777992942135085
DOGE,2026-06-25 14:15:00+00:00,2026-06-25 14:15:00+00:00,2026-06-29 14:15:00+00:00,1,0.07356,0.06988555445477973,0.08014489668057269,0.07218,tempo,-0.3755668666243032,-0.4013478991186414,384,96.0,0.00367444554522027
DOGE,2026-08-19 15:45:00+00:00,2026-08-19 15:45:00+00:00,2026-08-19 21:15:00+00:00,-1,0.07307,0.07492357051239515,0.07012072181643268,0.07492357051239515,stop,-1.0,-1.0518975783169717,22,5.5,0.001853570512395153
DOGE,2026-08-19 22:15:00+00:00,2026-08-19 22:15:00+00:00,2026-08-20 10:30:00+00:00,-1,0.07508,0.07755417390201014,0.07040557711549908,0.07755417390201014,stop,-1.0,-1.0400991268058004,49,12.25,0.0024741739020101433
DOGE,2026-08-22 05:15:00+00:00,2026-08-22 05:15:00+00:00,2026-08-26 05:15:00+00:00,-1,0.09041,0.09921566038171985,0.07714854375594832,0.08621,tempo,0.476965930768693,0.4639285213043982,384,96.0,0.008805660381719843
