fonte,p,reconquista,stop,alvo_R,lados,n,media,ep,PF,acerto,dd,n_pos,R_bruto,R_pct,frac_stop,frac_alvo,grelha
subst,0.95,minima,0.25 x atr15,2.0,ambos,2321,-0.1665499922972334,0.027953839102186344,0.7703135294328093,0.3537268418785006,398.8641720757794,1,-0.014788677240642872,1.21140944233334,0.6148211977595864,0.2770357604480827,literal
liq,0.95,minima,0.25 x atr15,2.0,ambos,3351,-0.24228239114227046,0.0235597898942813,0.6909120815472864,0.3461653237839451,811.8882927177489,0,-0.022258152693255998,0.7872869956252035,0.6290659504625485,0.2855863921217547,literal
subst,0.95,minima,0.25 x atr15,2.0,compra,1407,-0.13578256321594628,0.03536060571240599,0.8040644229328962,0.3638948116560057,202.2616613535339,1,-0.004307606430247058,1.4078103546456548,0.5963041933191187,0.26510305614783225,literal
subst,0.9,minima,1 x atr1h,2.0,compra,2363,-0.024893799017805595,0.024853938328701385,0.9550949725233044,0.4206517139229793,111.7052493455935,2,0.03911503529563432,2.2853787587124774,0.4968260685569192,0.20270842149809565,grelha
subst,0.9,minima,1 x atr1h,3.0,compra,2275,-0.002041363424067194,0.028198746961679344,0.996389792326475,0.40791208791208794,92.62140452535584,3,0.06231949207440973,2.2790349929477576,0.505934065934066,0.10153846153846154,grelha
subst,0.9,minima,1 x atr1h,6.0,compra,2190,0.010174208701773425,0.031527154141555644,1.0177951657606092,0.4018264840182648,99.72331934352792,3,0.07499676406375652,2.2579831474784093,0.510958904109589,0.014155251141552512,grelha
subst,0.9,minima,2 x atr1h,2.0,compra,1960,0.038053133178580036,0.022284139066991948,1.0972457973892265,0.49795918367346936,48.50872449743319,5,0.07803459904077592,3.5800320598695006,0.3295918367346939,0.10306122448979592,grelha
subst,0.9,minima,2 x atr1h,3.0,compra,1913,0.043397080205687326,0.02372317475827536,1.1097053404734298,0.49346576058546787,48.389725972935,4,0.08357334092279203,3.55397859030345,0.3324621014113957,0.03293256664924203,grelha
subst,0.9,minima,2 x atr1h,6.0,compra,1891,0.04756333614539747,0.02515695924505714,1.1200668807873468,0.49127445795875196,56.81361732566087,5,0.08785408102343582,3.530487388345323,0.33262823902696986,0.005288207297726071,grelha
subst,0.9,fecho,1 x atr1h,2.0,compra,2128,0.006478712995798559,0.025430944730618337,1.012529778352057,0.44031954887218044,61.656226543317,3,0.06430922472727027,2.4890280887231593,0.45958646616541354,0.1837406015037594,grelha
subst,0.9,fecho,1 x atr1h,3.0,compra,2047,0.021717245709172342,0.02845092901032011,1.041195614596888,0.4289203712750366,58.0010487163926,3,0.07987726796982925,2.479157040483816,0.4680019540791402,0.08451392281387396,grelha
subst,0.9,fecho,1 x atr1h,6.0,compra,1987,0.03320323645910361,0.031202266943797324,1.0627456722761808,0.42627075993960745,71.05884813741605,4,0.09174213071341754,2.4659806037405634,0.4695520885757423,0.011071967790639155,grelha
subst,0.9,fecho,2 x atr1h,2.0,compra,1805,0.04502700185036958,0.022145560466707962,1.1229580485667403,0.5113573407202217,41.167159061038255,5,0.08261358922453851,3.819012258822753,0.3008310249307479,0.08587257617728532,grelha
subst,0.9,fecho,2 x atr1h,3.0,compra,1772,0.053202030792956705,0.023471773653649507,1.1444919791183568,0.5095936794582393,39.6796234603873,5,0.09095312530618527,3.8035402208928746,0.30248306997742663,0.028216704288939052,grelha
subst,0.9,fecho,2 x atr1h,6.0,compra,1753,0.05654143237897505,0.024673426406478825,1.1537242486356472,0.5077010838562465,48.25596355022952,5,0.09438372167914862,3.786589123067627,0.3017683970336566,0.003993154592127781,grelha
subst,0.95,minima,1 x atr1h,2.0,compra,1240,0.010686288425431425,0.03371339121851839,1.0205618220810233,0.43951612903225806,56.70454644682934,2,0.06414770116337962,2.868368537241427,0.4661290322580645,0.1967741935483871,grelha
subst,0.95,minima,1 x atr1h,3.0,compra,1205,0.031079445446527822,0.03782890051493696,1.0586966089149628,0.42821576763485475,52.93022325808178,3,0.08500632562218878,2.8391158496499425,0.4746887966804979,0.09294605809128631,grelha
subst,0.95,minima,1 x atr1h,6.0,compra,1188,0.05168502746776726,0.042293667778851324,1.0963206094908589,0.4208754208754209,51.478742738211686,4,0.10593861371135992,2.817738752290195,0.48063973063973064,0.013468013468013467,grelha
subst,0.95,minima,2 x atr1h,2.0,compra,1097,0.034986636846059696,0.028604159279755716,1.0937782963068414,0.4995442114858706,34.12924510415018,4,0.06891027695591072,4.3640060825169344,0.3099361896080219,0.0829535095715588,grelha
subst,0.95,minima,2 x atr1h,3.0,compra,1089,0.044928717378280955,0.030104962015519036,1.1194444589977668,0.4967860422405877,36.12103926962481,4,0.07893435078731754,4.34160463248636,0.31313131313131315,0.023875114784205693,grelha
subst,0.95,minima,2 x atr1h,6.0,compra,1083,0.0515769107402673,0.03153315570942529,1.1374843918148894,0.4976915974145891,36.86170204367565,5,0.08569797154616608,4.311438062732555,0.3120960295475531,0.002770083102493075,grelha
subst,0.95,fecho,1 x atr1h,2.0,compra,1112,0.01959804055231205,0.03448708874737217,1.039681842742357,0.44694244604316546,38.92079548302334,3,0.06720798766427609,3.1396743732183645,0.4397482014388489,0.17446043165467626,grelha
subst,0.95,fecho,1 x atr1h,3.0,compra,1086,0.020342156568953954,0.0374217769732115,1.040458663727599,0.43646408839779005,38.62468427344854,4,0.06834115551763584,3.1039034286078975,0.44751381215469616,0.06629834254143646,grelha
subst,0.95,fecho,1 x atr1h,6.0,compra,1072,0.03410021544618807,0.04062559964116848,1.0676971422035648,0.43470149253731344,45.86369264658803,3,0.08237680506634205,3.0685618962063663,0.44776119402985076,0.009328358208955223,grelha
subst,0.95,fecho,2 x atr1h,2.0,compra,1003,0.02752791936864222,0.028150219028352585,1.0780961089176713,0.5034895314057827,37.85106225857486,4,0.05897004069932167,4.608464214215127,0.2831505483549352,0.06181455633100698,grelha
subst,0.95,fecho,2 x atr1h,3.0,compra,999,0.040744246943982806,0.029590761830541042,1.1153291702449992,0.5035035035035035,39.23350738779584,5,0.072231662388852,4.6074376056604365,0.28428428428428426,0.02002002002002002,grelha
subst,0.95,fecho,2 x atr1h,6.0,compra,991,0.047452174707665586,0.031112157752496757,1.1347816310359402,0.5045408678102926,39.159761773148,5,0.07907492374219754,4.592003867172984,0.28355196770938446,0.0020181634712411706,grelha
subst,0.98,minima,1 x atr1h,2.0,compra,504,0.02325431474258159,0.05044253039670753,1.0484790682330987,0.4642857142857143,37.144110727744135,3,0.06649750945811346,3.5867926981349276,0.43452380952380953,0.16666666666666666,grelha
subst,0.98,minima,1 x atr1h,3.0,compra,492,0.04781673756162308,0.056009711206293056,1.099005618901915,0.45934959349593496,34.867752907507324,4,0.09132774313663523,3.543516225862034,0.4369918699186992,0.07520325203252033,grelha
subst,0.98,minima,1 x atr1h,6.0,compra,485,0.07618802582692888,0.06271658962656101,1.1570583399189984,0.4577319587628866,29.22861287551665,5,0.12005363603339719,3.522560071468651,0.43917525773195876,0.012371134020618556,grelha
subst,0.98,minima,2 x atr1h,2.0,compra,464,0.05013872051482129,0.04238987230250755,1.144325693304349,0.5258620689655172,28.08214116734366,4,0.07787470029530859,5.272574901974404,0.28879310344827586,0.06465517241379311,grelha
subst,0.98,minima,2 x atr1h,3.0,compra,461,0.06023009327897785,0.044087266627161996,1.1744490709434214,0.527114967462039,26.381037584037173,5,0.088054777278305,5.231518665089707,0.28633405639913234,0.021691973969631236,grelha
subst,0.98,minima,2 x atr1h,6.0,compra,460,0.06217082756764584,0.046483249309419786,1.1782204606016662,0.5239130434782608,26.340795839234666,5,0.09005749489022692,5.231325551747836,0.2891304347826087,0.002173913043478261,grelha
subst,0.98,fecho,1 x atr1h,2.0,compra,455,0.04083846474270048,0.05124167180950144,1.0908173033516078,0.4725274725274725,24.706114632797423,4,0.07877868888784022,3.8833175778389113,0.4043956043956044,0.14505494505494507,grelha
subst,0.98,fecho,1 x atr1h,3.0,compra,443,0.03832358876395371,0.05507750040852509,1.0842464457628571,0.4650112866817156,25.80146786619329,5,0.07647386598705974,3.866946866643535,0.40857787810383744,0.05191873589164785,grelha
subst,0.98,fecho,1 x atr1h,6.0,compra,438,0.0412706469295765,0.05860656635972755,1.0902845926451745,0.4634703196347032,24.412244823972106,3,0.07970631409415531,3.8275218008704974,0.410958904109589,0.00684931506849315,grelha
subst,0.98,fecho,2 x atr1h,2.0,compra,420,0.04394643658574388,0.041597738474980106,1.1361096865443838,0.530952380952381,22.99233733307392,4,0.06958585557605078,5.599885472249858,0.2619047619047619,0.05,grelha
subst,0.98,fecho,2 x atr1h,3.0,compra,418,0.0488957994276669,0.042932312728255415,1.1518431638931044,0.5311004784688995,22.36626800075911,4,0.07461083458022805,5.587817117244469,0.2607655502392344,0.014354066985645933,grelha
subst,0.98,fecho,2 x atr1h,6.0,compra,417,0.052184471675501616,0.04579811687319621,1.1601676316993235,0.5275779376498801,22.366268000759106,4,0.07797474875653411,5.5851975849699365,0.2637889688249401,0.002398081534772182,grelha
