decil,horizonte_h,n,n_horas,media_bps,ep_bps,t,mediana_bps,frac_pos
1,1,1245.0,1066.0,-0.43444668261501945,0.8545854817345677,-0.5083712418484048,0.0,0.4971887550200803
1,4,1245.0,1066.0,-0.6558847461191524,1.962246835779106,-0.33425190662047094,0.32101182931398853,0.5044176706827309
1,12,1245.0,1066.0,1.1550812921157694,3.9619775084924793,0.2915416076037429,0.0,0.4995983935742972
1,24,1245.0,1066.0,-1.37292079458063,6.378838691813957,-0.21523052406741627,-0.9499833760084897,0.4947791164658635
2,1,1612.0,1468.0,0.8132039986479589,0.8226855348002794,0.9884748962376951,1.0730223546939754,0.5241935483870968
2,4,1612.0,1468.0,1.9271111355936381,2.030267955408178,0.9491905393375523,1.0227134822926587,0.5124069478908189
2,12,1612.0,1468.0,3.1198099288773053,4.131343602684134,0.7551562467112067,5.333501018558451,0.5279156327543424
2,24,1612.0,1468.0,1.641293482685692,6.063230732467172,0.27069619401038986,10.395211563816176,0.5291563275434243
3,1,1735.0,1584.0,0.2842927914908208,0.9916673373271481,0.28668161266365627,1.2513930218993607,0.5193083573487032
3,4,1735.0,1584.0,0.8981869314477846,2.213361298485258,0.4058022212923259,2.5596177777220674,0.521613832853026
3,12,1735.0,1584.0,3.028481710509764,4.345468969323251,0.6969286242495961,4.350747299834978,0.5170028818443804
3,24,1735.0,1584.0,8.148856041258794,6.80105767696022,1.1981748175529343,12.993768929945304,0.5463976945244957
4,1,1941.0,1793.0,0.4847210310346278,1.1050151865755158,0.43865553788160755,0.9921783283317609,0.5146831530139103
4,4,1941.0,1793.0,-1.9450623801787317,2.1981641197858726,-0.8848576694847535,-2.1279182959688114,0.4853168469860896
4,12,1941.0,1793.0,1.7404186210773038,4.271471801899576,0.407451740709916,-0.9312236559466669,0.49613601236476046
4,24,1941.0,1793.0,2.586151105115746,6.48436474668262,0.3988287528764961,6.416901873240732,0.5146831530139103
5,1,2197.0,1991.0,0.9659914026528057,1.0828459553692147,0.8920857097567811,2.984576472790934,0.5343650432407829
5,4,2197.0,1991.0,1.5233818003995383,2.2555336709620217,0.6753974990538675,2.477311493773726,0.5125170687300865
5,12,2197.0,1991.0,0.659200949180565,4.309825020601953,0.15295306561854208,0.3483774321466626,0.5015930814747382
5,24,2197.0,1991.0,1.3235650012627156,6.230139721740683,0.21244547640625233,6.143232005690891,0.514792899408284
6,1,2352.0,2146.0,-0.5123389975201678,1.0586106563624007,-0.4839730210922566,1.7748077487311775,0.5174319727891157
6,4,2352.0,2146.0,-1.2702360522084182,2.3008766354439247,-0.5520661267279732,1.428363400743926,0.5119047619047619
6,12,2352.0,2146.0,-5.167002118515661,4.186939087074966,-1.234076257394367,0.3045638157184172,0.5008503401360545
6,24,2352.0,2146.0,-6.443884546995688,5.993123498384681,-1.0752130418691521,1.6301251042394327,0.5046768707482994
7,1,2590.0,2315.0,1.0701227111299627,1.1474809488339508,0.932584294508246,3.8337178719016762,0.5436293436293437
7,4,2590.0,2315.0,3.0294985229283022,2.45750791045838,1.2327522975758127,3.9872167492038812,0.5281853281853282
7,12,2590.0,2315.0,-2.6201321816513645,4.415033932976026,-0.593456861584124,-1.6674045610010069,0.49498069498069497
7,24,2590.0,2315.0,6.5877978312756245,5.948980431465761,1.1073826695463624,5.78991262751849,0.5127413127413127
8,1,2817.0,2438.0,-0.05663639123656364,1.2886807709164965,-0.043949124185568796,4.52832206772058,0.5427760028399006
8,4,2817.0,2438.0,3.519440307508685,2.610949545798057,1.3479541621831457,7.409913514200284,0.5388711395101171
8,12,2817.0,2438.0,5.0118249322050765,4.255069685687991,1.1778479090630283,6.301366587759816,0.5172168974085907
8,24,2817.0,2438.0,11.983949654029265,6.171705551035232,1.9417565460521844,14.164847896154242,0.534256301029464
9,1,2984.0,2468.0,1.6202892529891917,1.3835769517336196,1.171087196096301,6.855586021035087,0.5603217158176944
9,4,2984.0,2468.0,5.051091599819627,2.6953438748205554,1.8740063733633645,9.136086501557728,0.5455764075067024
9,12,2984.0,2468.0,5.262120696359848,4.378285842574805,1.2018677824071151,7.884330979752718,0.5217828418230563
9,24,2984.0,2468.0,19.12689447636332,6.35936527010977,3.007673512050546,16.65788092466869,0.5315013404825737
10,1,3082.0,1976.0,4.334425908768776,2.043704490206605,2.120867243546837,10.362819687306235,0.5801427644386762
10,4,3082.0,1976.0,7.312488805403544,3.627587406772928,2.015799479221556,14.983697775119431,0.5642439974042829
10,12,3082.0,1976.0,15.940204874362385,5.934986183047132,2.6858031986484567,18.633813670874133,0.5528877352368592
10,24,3082.0,1976.0,28.393698045807117,7.478983675595373,3.7964647708028063,28.91171127070713,0.5558079169370539
