modo,filtro,alvo_R,n_max,n,media,ep,PF,acerto,dd,n_pos,R_pct,frac_stop,dur_h
4h_12,A,2.0,48,10402,-0.08794448878572544,0.009971068763575725,0.8162464570595893,0.43895404729859644,931.4884818737717,0,2.1209910406776986,0.3929052105364353,8.441693905018266
4h_12,A,2.0,96,9610,-0.07496511395219436,0.011987963214221995,0.8669238477265986,0.41436004162330903,830.6432520976284,2,2.156713746610513,0.49427679500520294,13.3039802289282
4h_12,A,3.0,48,10313,-0.09392673870569869,0.010619980983315968,0.8076083138940973,0.4292640356831184,1001.6719240385994,1,2.1119802785043658,0.40095025695723846,8.822651022980704
4h_12,A,3.0,96,9355,-0.07763350560323698,0.013387722490663211,0.8671690813848835,0.39347942276857295,836.6867589119869,2,2.1511799582785835,0.5122394441475147,14.5118920363442
4h_12,B,2.0,48,2485,-0.06211925285898796,0.017043876378049622,0.8344991904520818,0.4635814889336016,183.74070820396966,3,3.095940544534885,0.2865191146881288,9.753118712273642
4h_12,B,2.0,96,2427,-0.07365993130305226,0.02067155778263512,0.8439023301877177,0.44829007004532345,201.40956291662877,3,3.106577403655789,0.40173053152039556,16.558508446641945
4h_12,B,3.0,48,2482,-0.06673561955392178,0.01749587249843517,0.8233032947322083,0.4605157131345689,192.24346808218024,2,3.095114206952663,0.2884770346494762,9.95447219983884
4h_12,B,3.0,96,2412,-0.0716832655755322,0.022048993424694043,0.8498547678868498,0.4419568822553897,197.3365468173335,5,3.1062784920929003,0.40630182421227196,17.323072139303484
4h_12,C,2.0,48,967,-0.11800971854580837,0.028476246110695,0.7269398351667297,0.45708376421923474,127.89123860044533,2,3.2929777612431694,0.35987590486039295,9.18329886246122
4h_12,C,2.0,96,955,-0.11863222213516163,0.034077305289650306,0.7737751170361031,0.4272251308900524,126.90216222731829,3,3.2929777612431694,0.4732984293193717,15.039528795811519
4h_12,C,3.0,48,966,-0.11979639741227156,0.029467877697109096,0.7244706821011595,0.45445134575569357,132.08505239197558,2,3.292126330801018,0.36231884057971014,9.412784679089027
4h_12,C,3.0,96,954,-0.13115057874756825,0.035439436886256726,0.7525248557918272,0.42033542976939203,140.28544449024014,4,3.292126330801018,0.4779874213836478,15.871069182389936
4h_24,A,2.0,48,6944,-0.11006719727571872,0.011786689792601725,0.76722886988893,0.4400921658986175,769.7131818738602,0,2.2834735895574743,0.3915610599078341,8.530313940092165
4h_24,A,2.0,96,6594,-0.09892658925671377,0.014060812870716415,0.8232527647651513,0.41446769790718835,695.0343671808995,0,2.3129772471816703,0.4940855323020928,13.62439338792842
4h_24,A,3.0,48,6899,-0.11791919516851031,0.012417247409964574,0.7545969638559121,0.43209160747934483,819.2422800823849,0,2.277409723737376,0.3980286998115669,8.875235541382809
4h_24,A,3.0,96,6525,-0.11098897560174205,0.015339337654158092,0.8085823701597462,0.39402298850574713,781.6439098928399,2,2.3036618007953655,0.511264367816092,14.696743295019157
4h_24,B,2.0,48,1978,-0.08816385748477333,0.01879826069942819,0.7708931884395869,0.46006066734074824,184.0881621445598,2,3.18325620380076,0.30080889787664306,9.67896865520728
4h_24,B,2.0,96,1946,-0.10150904674841597,0.02274603826839489,0.78986718807578,0.44244604316546765,211.82093891075831,2,3.1869247932495326,0.41778006166495374,16.36009763617677
4h_24,B,3.0,48,1973,-0.09392552324325201,0.019245087248277292,0.7576450008943124,0.45717181956411557,196.6493765781703,1,3.181975945257874,0.303091738469336,9.869234668018246
4h_24,B,3.0,96,1939,-0.10122496918688154,0.02413805623103559,0.7929879256995872,0.4363073749355338,215.62582204387994,2,3.1820889214846506,0.4228984012377514,17.068720990201136
4h_24,C,2.0,48,929,-0.11165407537154025,0.029205070887702824,0.7406911967248879,0.45855758880516684,118.33384811379968,2,3.328037039575267,0.3595263724434876,9.192411194833154
4h_24,C,2.0,96,917,-0.10962273227119099,0.03498167000856017,0.7903755544956096,0.4296619411123228,116.71837790982944,4,3.328037039575267,0.4732824427480916,15.001635768811342
4h_24,C,3.0,48,928,-0.11686708985236006,0.030000768419443092,0.7302861329650184,0.4558189655172414,125.64576320170154,3,3.327615163900663,0.3620689655172414,9.44207974137931
4h_24,C,3.0,96,916,-0.12545791575895165,0.036268013485801893,0.7627193190709972,0.42248908296943233,132.6731855291681,5,3.327615163900663,0.4781659388646288,15.897106986899564
15m4h_12,A,2.0,48,17534,-0.12817967554186385,0.009084164917201308,0.7911408062033788,0.3956313448157865,2259.766469309902,0,1.4570843664080975,0.525379263145888,6.175787042317783
15m4h_12,A,2.0,96,16752,-0.11911318139820838,0.010130468661928516,0.8240984106321491,0.3686127029608405,2021.2148304036239,0,1.483523067482922,0.5975405921680993,8.756073901623687
15m4h_12,A,3.0,48,17233,-0.1323680075765523,0.01006484520362496,0.7919499061273468,0.3741078163987698,2288.788337310834,0,1.4645892479079565,0.543840306388905,6.868392038530726
15m4h_12,A,3.0,96,16077,-0.1205408252837073,0.01175580459985771,0.8317173136302729,0.33040990234496487,1966.8732625291423,0,1.4993024315756065,0.631336692168937,10.448295701934441
15m4h_12,B,2.0,48,2158,-0.07138327363605385,0.02349422564657538,0.8608812876126412,0.4388322520852641,185.0701318429265,3,2.189457391823123,0.43790546802594993,7.698911028730306
15m4h_12,B,2.0,96,2148,-0.087237504117056,0.026339077787323816,0.8547616544383102,0.40176908752327745,211.02105715879915,3,2.1940877164625485,0.5395716945996276,11.67574487895717
15m4h_12,B,3.0,48,2153,-0.0889203838809428,0.024679344293126314,0.8305098965541872,0.4254528564793312,230.656041701204,2,2.188568146847843,0.44681839294008363,8.200998606595448
15m4h_12,B,3.0,96,2137,-0.12092663287836364,0.028424304760151033,0.8070928030463569,0.3738886289190454,286.1197063306539,2,2.197027500599408,0.5620028076743098,13.19220870379036
15m4h_12,C,2.0,48,1019,-0.04713960724239083,0.034338134814906274,0.9068099596386943,0.44847890088321885,97.50814158270464,6,2.4061992676863477,0.43768400392541706,7.588812561334642
15m4h_12,C,2.0,96,1014,-0.0587013002551193,0.0383845843690543,0.8999774188874672,0.41321499013806706,115.90333353625188,7,2.4175704707788004,0.5315581854043393,11.645463510848126
15m4h_12,C,3.0,48,1018,-0.04043347346299282,0.03691137898179048,0.9212572856504091,0.4400785854616896,101.96866796668095,6,2.4026858488546186,0.444007858546169,8.091110019646365
15m4h_12,C,3.0,96,1012,-0.06423252884173562,0.04190571836776694,0.8937961889578944,0.391304347826087,105.85179730840396,5,2.4175704707788004,0.5464426877470355,13.121541501976285
15m4h_24,A,2.0,48,11488,-0.13228750029253988,0.011048335518385634,0.7816195460179011,0.3986768802228412,1532.806609377862,0,1.5710008263463138,0.5230675487465181,6.2712613161559885
15m4h_24,A,2.0,96,11075,-0.12347088153981214,0.012304099798227577,0.8157365110851817,0.3690293453724605,1409.9320511553008,1,1.5953928000747477,0.5962979683972912,9.026997742663657
15m4h_24,A,3.0,48,11367,-0.1434823047375064,0.012034407326362257,0.7707605503535161,0.3789918184217472,1638.7013298835523,0,1.5758314721043651,0.5398082167678367,6.957838479809976
15m4h_24,A,3.0,96,10840,-0.1311233483982374,0.01399285927046978,0.8144761451237775,0.3331180811808118,1468.0899797197224,1,1.6056066955443518,0.6279520295202952,10.714875461254612
15m4h_24,B,2.0,48,1738,-0.0992655130842066,0.0254515129523137,0.807057661655709,0.4344073647871116,181.95467825819176,4,2.2904709366734015,0.4407364787111623,7.756041426927503
15m4h_24,B,2.0,96,1729,-0.10874211890084426,0.02878532758293771,0.8190465224544021,0.39791787160208214,202.5305667916792,3,2.2930926508511638,0.5425101214574899,11.925101214574898
15m4h_24,B,3.0,48,1736,-0.10737425010448502,0.026782674481086708,0.794867980907469,0.4245391705069124,202.66052248048922,3,2.2904709366734015,0.44815668202764974,8.195708525345623
15m4h_24,B,3.0,96,1725,-0.1327894735602101,0.030961410465893312,0.7867116795384648,0.3744927536231884,249.196307201572,3,2.295205247514281,0.5611594202898551,13.291304347826086
15m4h_24,C,2.0,48,952,-0.06224343837734121,0.035168060583450275,0.8775145687054935,0.44432773109243695,98.33928292367816,7,2.512681061152681,0.4411764705882353,7.631302521008403
15m4h_24,C,2.0,96,948,-0.06552369016934778,0.039531919266704324,0.8886929171582768,0.41139240506329117,111.28918481579305,5,2.512681061152681,0.5348101265822784,11.73048523206751
15m4h_24,C,3.0,48,951,-0.04515829973644813,0.03813770386396113,0.9122821089722876,0.4374342797055731,98.42913015227134,6,2.510658259875145,0.4468980021030494,8.090168243953732
15m4h_24,C,3.0,96,946,-0.05571304066094887,0.04342101466780934,0.9075165217051012,0.39429175475687106,98.39321517567646,6,2.512681061152681,0.5465116279069767,13.131606765327696
