periodo,modo,filtro,lado,h,n,n_blocos,media_bps,ep_bps,ep_agrupado_bps,t_agrupado,mediana_bps,frac_pos,media_R,R_pct_mediano,deriva_bps
IS,4h_12,A,ambos,16,11966.0,3627.0,-1.9342875257539482,1.8063037384337979,3.6668818877755216,-0.5275019989605843,3.802809588320244,0.5129533678756477,-0.012532769221374328,2.0642754379100516,
IS,4h_12,A,ambos,48,11966.0,3627.0,-2.0292787313349048,3.0599740114565064,6.41693533856739,-0.31623798967373584,17.29937093035261,0.5357680093598529,-0.020571968443248406,2.0642754379100516,
IS,4h_12,A,ambos,96,11966.0,3627.0,3.7121661663492724,4.1056954927081994,7.943743816045134,0.4673068835441635,25.953826401754476,0.5376901220123684,-0.024585170814013606,2.0642754379100516,
IS,4h_12,A,ambos,192,11966.0,3627.0,-9.051248883857616,5.809659873437212,11.145917698274081,-0.8120685195135776,16.090404364885735,0.5178840046799265,-0.10232643160751696,2.0642754379100516,
IS,4h_12,A,compra,16,5754.0,1671.0,-1.4644720210548916,2.7384965426451116,6.679593914723833,-0.21924566669041887,7.52197899632101,0.5281543274244004,-0.021130781391323305,2.176540146661772,1.5015592030194824
IS,4h_12,A,compra,48,5754.0,1671.0,-2.143092200356729,4.680573543279997,12.003623981647937,-0.17853709876561055,19.81487462235365,0.5427528675703858,-0.053662254148095265,2.176540146661772,4.5692919017608595
IS,4h_12,A,compra,96,5754.0,1671.0,15.797713849626716,6.023919643722877,13.992291425951787,1.1290297899546584,33.27149228033566,0.5474452554744526,-0.038657637658242636,2.176540146661772,9.187189511953232
IS,4h_12,A,compra,192,5754.0,1671.0,14.691602477708551,8.323026047665088,18.86581988618947,0.7787417968759146,31.725645433536286,0.5371915189433437,-0.06703626376728565,2.176540146661772,18.09244904318061
IS,4h_12,A,venda,16,6212.0,2509.0,-2.369464347073713,2.381827777324019,3.8581267706350895,-0.6141489090270804,0.0,0.4988731487443657,-0.0045686735958291895,1.9356472526546644,-1.5015592030194824
IS,4h_12,A,venda,48,6212.0,2509.0,-1.923856532244183,3.993717003384707,6.049046916102312,-0.31804291798811424,14.959728903995995,0.5292981326464906,0.010078627813301629,1.9356472526546644,-4.5692919017608595
IS,4h_12,A,venda,96,6212.0,2509.0,-7.482335019996256,5.601478928546781,8.876619637635377,-0.8429261729625557,19.15071693506132,0.5286542176432711,-0.0115502425748485,1.9356472526546644,-9.187189511953232
IS,4h_12,A,venda,192,6212.0,2509.0,-31.043580940272896,8.102594108859622,13.457791789363997,-2.306736604797776,0.3550253844641915,0.5,-0.1350147165000944,1.9356472526546644,-18.09244904318061
IS,4h_12,B,ambos,16,2556.0,1223.0,-0.6898643238211152,4.610830785843488,9.369516367000353,-0.07362859477473489,2.1812807132448597,0.5066510172143975,-0.008723393897134486,3.09084263397217,
IS,4h_12,B,ambos,48,2556.0,1223.0,-0.9451116996106101,6.9201264248468775,14.212919463893233,-0.0664966618583599,13.866900309773555,0.5269953051643192,-0.022975924986969244,3.09084263397217,
IS,4h_12,B,ambos,96,2556.0,1223.0,3.181188179870949,9.175505832637667,16.38318725426592,0.19417394982423938,25.993897517833098,0.5391236306729265,-0.05105051628872574,3.09084263397217,
IS,4h_12,B,ambos,192,2556.0,1223.0,-30.782097167075612,13.36744202686562,23.641780002623218,-1.3020211322353954,12.13803923405532,0.5121283255086072,-0.20320460026815454,3.09084263397217,
IS,4h_12,B,compra,16,1244.0,487.0,1.5985171761771382,7.157730717849987,17.587456901989867,0.09088961440447253,7.040694166398076,0.5297427652733119,-0.010822176876658039,3.1394757352997575,1.5015592030194824
IS,4h_12,B,compra,48,1244.0,487.0,1.1392374450965064,10.418742886868623,26.648915460836715,0.042749861500770314,23.799568258324744,0.5377813504823151,-0.034964594417435706,3.1394757352997575,4.5692919017608595
IS,4h_12,B,compra,96,1244.0,487.0,27.137834226996112,12.97768315671912,28.782034417936927,0.9428740801617501,35.15371929859707,0.5602893890675241,-0.021457920516643365,3.1394757352997575,9.187189511953232
IS,4h_12,B,compra,192,1244.0,487.0,13.584069709034543,17.924189076455274,40.44797277729775,0.3358405570491008,32.108961802093106,0.5321543408360129,-0.0980434027524158,3.1394757352997575,18.09244904318061
IS,4h_12,B,venda,16,1312.0,797.0,-2.8596406850999507,5.886692727726074,7.6931858393999875,-0.37171085487816347,-3.738857809789664,0.4847560975609756,-0.006733389303744775,2.9896747520662874,-1.5015592030194824
IS,4h_12,B,venda,48,1312.0,797.0,-2.9214305532810756,9.177635149051682,11.64697488714681,-0.25083170364736196,7.298507033107193,0.5167682926829268,-0.011608619520886694,2.9896747520662874,-4.5692919017608595
IS,4h_12,B,venda,96,1312.0,797.0,-19.533802431884926,12.939612757745392,17.087373582810066,-1.1431717307062317,14.528379805696101,0.5190548780487805,-0.07910934947505995,2.9896747520662874,-9.187189511953232
IS,4h_12,B,venda,192,1312.0,797.0,-72.84879807704591,19.66831770687622,26.375845946925192,-2.7619511512023514,-7.645211311615441,0.49314024390243905,-0.3029153698638702,2.9896747520662874,-18.09244904318061
IS,4h_12,C,ambos,16,992.0,588.0,-15.500639135818838,8.95082004316759,19.059832236729132,-0.8132620971316016,-4.274655182365805,0.4909274193548387,-0.04357301758864675,3.2803496455931116,
IS,4h_12,C,ambos,48,992.0,588.0,-28.50545343588637,13.20636968371188,28.660302121942813,-0.994597102103195,20.23757350727129,0.5292338709677419,-0.10832393321891098,3.2803496455931116,
IS,4h_12,C,ambos,96,992.0,588.0,-18.66185094191768,16.88544061501703,31.384992611015537,-0.5946106527158374,31.701694318742035,0.5352822580645161,-0.17458919886546376,3.2803496455931116,
IS,4h_12,C,ambos,192,992.0,588.0,-85.80850719175504,23.632698582898264,39.7309541692264,-2.1597394018344014,-8.316631470680624,0.4909274193548387,-0.4061181262716604,3.2803496455931116,
IS,4h_12,C,compra,16,435.0,194.0,-36.71312683318371,15.595062190663624,39.97282708654944,-0.9184520963126325,-4.563084724393818,0.49195402298850577,-0.08011742521465451,3.480958449864663,1.5015592030194824
IS,4h_12,C,compra,48,435.0,194.0,-59.88293460601994,22.203807754858172,60.69624461743322,-0.9866003240144501,20.855064910212384,0.5218390804597701,-0.21452700322693377,3.480958449864663,4.5692919017608595
IS,4h_12,C,compra,96,435.0,194.0,-3.86087201989814,25.92735427619271,63.60728502672092,-0.06069858221862823,38.70238183240282,0.5494252873563218,-0.20044352465282606,3.480958449864663,9.187189511953232
IS,4h_12,C,compra,192,435.0,194.0,-20.005252024596356,34.42977526993102,78.30493963457646,-0.25547880016196073,56.808841167156345,0.5402298850574713,-0.25918380095415844,3.480958449864663,18.09244904318061
IS,4h_12,C,venda,16,557.0,398.0,1.0656663369885606,10.243773947014718,12.340993764848644,0.08635174421884415,-4.065624009701452,0.49012567324955114,-0.015032950591674804,3.1448324759150728,-1.5015592030194824
IS,4h_12,C,venda,48,557.0,398.0,-4.000598303017237,15.831275559906315,17.49156329220168,-0.22871588068979729,20.076296644878646,0.5350089766606823,-0.02538257692898295,3.1448324759150728,-4.5692919017608595
IS,4h_12,C,venda,96,557.0,398.0,-30.220963744572085,22.242390182519465,25.87271272006507,-1.168063205105463,18.95478498733505,0.5242369838420108,-0.15439775951626705,3.1448324759150728,-9.187189511953232
IS,4h_12,C,venda,192,557.0,398.0,-137.19884111942838,32.24013622693128,35.77153465892518,-3.835419487242955,-51.40152461357239,0.4524236983842011,-0.5208693498140542,3.1448324759150728,-18.09244904318061
IS,4h_24,A,ambos,16,7811.0,2849.0,-5.168913991321788,2.394521263118709,4.844189133556716,-1.0670338933539227,2.949743762399315,0.5108180770707976,-0.028998468108602942,2.2240695555880317,
IS,4h_24,A,ambos,48,7811.0,2849.0,-12.354268130616585,4.020949090755076,8.441238856113571,-1.463561017666145,19.304899394603225,0.5370631161182947,-0.07837356999043646,2.2240695555880317,
IS,4h_24,A,ambos,96,7811.0,2849.0,-3.8814443156550666,5.306700020282765,9.838083072893937,-0.39453258189588697,28.148015015254657,0.5391115094098067,-0.07999067782628458,2.2240695555880317,
IS,4h_24,A,ambos,192,7811.0,2849.0,-16.16260213774749,7.320596082130118,13.736087827073316,-1.1766525040624454,21.29737250116115,0.5213160926897964,-0.15863879138612352,2.2240695555880317,
IS,4h_24,A,compra,16,3598.0,1130.0,-6.139049367429296,3.7270650777532053,9.21492433894837,-0.6662072461606233,6.947117263902403,0.5269594219010562,-0.047006974435007884,2.358849547133305,1.5015592030194824
IS,4h_24,A,compra,48,3598.0,1130.0,-14.821631917231363,6.374076642594677,16.67296015561369,-0.8889622345940175,21.333664033690305,0.5436353529738743,-0.1191608483309441,2.358849547133305,4.5692919017608595
IS,4h_24,A,compra,96,3598.0,1130.0,14.579158199309923,7.91297830168615,18.009749088835484,0.8095147870964934,38.44796356076596,0.5555864369093941,-0.0746713939869883,2.358849547133305,9.187189511953232
IS,4h_24,A,compra,192,3598.0,1130.0,16.134594257894182,10.619695384458481,24.186832271900784,0.6670817441703044,44.92096708951176,0.5497498610339078,-0.07675277836670046,2.358849547133305,18.09244904318061
IS,4h_24,A,venda,16,4213.0,1934.0,-4.340395813482998,3.0951357983320866,4.6739100724743805,-0.928643415508673,0.0,0.49703299311654403,-0.013618784803973206,2.0864490132402365,-1.5015592030194824
IS,4h_24,A,venda,48,4213.0,1934.0,-10.247082062674506,5.093931025700832,7.118064469926258,-1.439588262507078,17.066031217076727,0.5314502729646333,-0.04354028552113985,2.0864490132402365,-4.5692919017608595
IS,4h_24,A,venda,96,4213.0,1934.0,-19.647228281675496,7.142580983737043,10.318590298039426,-1.9040612830037982,17.94101056404873,0.5250415380963683,-0.08453346995868147,2.0864490132402365,-9.187189511953232
IS,4h_24,A,venda,192,4213.0,1934.0,-43.745159135497005,10.079205756375302,15.47076014027834,-2.8276024409172935,-1.6134579410742589,0.49703299311654403,-0.2285713512826069,2.0864490132402365,-18.09244904318061
IS,4h_24,B,ambos,16,2026.0,1004.0,-9.689273640850674,5.343954625255313,11.179944146973696,-0.8666656571333111,-1.7199966091485663,0.49259624876604147,-0.02668872565060083,3.180357609359764,
IS,4h_24,B,ambos,48,2026.0,1004.0,-11.812851635993033,8.017238190811545,16.622530565122236,-0.7106530254051101,11.403014391598854,0.5246791707798618,-0.04544004892360205,3.180357609359764,
IS,4h_24,B,ambos,96,2026.0,1004.0,-1.042256155230809,10.650208818617523,19.07990895691005,-0.054625845311140314,30.129550923121418,0.5424481737413623,-0.058292972297851166,3.180357609359764,
IS,4h_24,B,ambos,192,2026.0,1004.0,-42.074945631844734,15.450815645099487,27.612726288309688,-1.523751953810438,22.980570557704638,0.5172754195459033,-0.2240219873043112,3.180357609359764,
IS,4h_24,B,compra,16,943.0,358.0,-13.496609355265097,8.551440357474332,22.137310409598328,-0.6096770161118226,1.9690207467171206,0.5047720042417816,-0.044875962902317074,3.270704541217012,1.5015592030194824
IS,4h_24,B,compra,48,943.0,358.0,-19.315933513326925,12.256118313132689,33.06727033675855,-0.5841405509621025,20.398030033517145,0.528101802757158,-0.08825511691454449,3.270704541217012,4.5692919017608595
IS,4h_24,B,compra,96,943.0,358.0,21.879916836898932,15.249676731979129,35.72747990041779,0.6124114238643256,42.16213345858755,0.5662778366914104,-0.03633639622525112,3.270704541217012,9.187189511953232
IS,4h_24,B,compra,192,943.0,358.0,3.1235425228653555,21.009433865766084,50.11349401838735,0.06232937024345745,46.007386392137306,0.5418875927889714,-0.09987640028104963,3.270704541217012,18.09244904318061
IS,4h_24,B,venda,16,1083.0,672.0,-6.37411428841042,6.672920651107221,8.199859087994763,-0.7773443689712451,-5.5325035989317595,0.481994459833795,-0.010852562466511789,3.0839223202366406,-1.5015592030194824
IS,4h_24,B,venda,48,1083.0,672.0,-5.27969724049362,10.539621539867962,11.922581459170884,-0.44283171883321143,8.00640555179255,0.5216989843028624,-0.008159708096770373,3.0839223202366406,-4.5692919017608595
IS,4h_24,B,venda,96,1083.0,672.0,-21.001267357057536,14.833804762571972,18.249279168905606,-1.1507998295538686,15.680472263444045,0.5216989843028624,-0.07741120981997661,3.0839223202366406,-9.187189511953232
IS,4h_24,B,venda,192,1083.0,672.0,-81.43060059942702,22.318933562759277,28.440336955559115,-2.863208010744406,-1.455074575138493,0.49584487534626037,-0.33211920666066913,3.0839223202366406,-18.09244904318061
IS,4h_24,C,ambos,16,954.0,564.0,-15.606632477636577,9.235475805136456,19.65029323884358,-0.7942188082357099,-1.7364076483722402,0.49580712788259956,-0.03553295400248442,3.3145133360788406,
IS,4h_24,C,ambos,48,954.0,564.0,-29.34819949641315,13.71494566884633,29.677187621761608,-0.9889144439984867,20.598382736012333,0.5272536687631028,-0.09817209807205407,3.3145133360788406,
IS,4h_24,C,ambos,96,954.0,564.0,-15.234176949498359,17.548428046663986,32.44538404844298,-0.46953295195251143,38.03608149118176,0.5419287211740041,-0.13791119876214056,3.3145133360788406,
IS,4h_24,C,ambos,192,954.0,564.0,-81.76492209235333,24.45834301663007,41.11304437596458,-1.988782960090267,3.2000001092263863,0.5,-0.3727375648910022,3.3145133360788406,
IS,4h_24,C,compra,16,412.0,179.0,-32.94820406756278,16.34392695980004,42.14843899909539,-0.7817182522054952,2.616528850989397,0.5072815533980582,-0.0564310568820634,3.4972448172297783,1.5015592030194824
IS,4h_24,C,compra,48,412.0,179.0,-54.63328998038938,23.089609894675466,63.9173586855051,-0.8547488679750291,23.046093221172903,0.5266990291262136,-0.18994594524002706,3.4972448172297783,4.5692919017608595
IS,4h_24,C,compra,96,412.0,179.0,10.542314960861638,26.82685292444703,66.60612584585917,0.1582784590303122,54.53881418607587,0.5655339805825242,-0.12942273674320162,3.4972448172297783,9.187189511953232
IS,4h_24,C,compra,192,412.0,179.0,-8.97492012535384,35.63053996885581,81.75351078981187,-0.10978024110093992,72.71750052748604,0.558252427184466,-0.20677858175783806,3.4972448172297783,18.09244904318061
IS,4h_24,C,venda,16,542.0,388.0,-2.4244784277295754,10.462195888742647,12.166317395090267,-0.19927792026106245,-6.477311974008582,0.4870848708487085,-0.019647311223173466,3.1460702228621846,-1.5015592030194824
IS,4h_24,C,venda,48,542.0,388.0,-10.127798611914619,16.54580340821917,17.985166896610977,-0.5631195234459039,19.78262953578447,0.5276752767527675,-0.028410428269093055,3.1460702228621846,-4.5692919017608595
IS,4h_24,C,venda,96,542.0,388.0,-34.82811544962441,23.185553408324285,26.656683834220274,-1.3065434420208766,20.69333702657272,0.5239852398523985,-0.14436368280605733,3.1460702228621846,-9.187189511953232
IS,4h_24,C,venda,192,542.0,388.0,-137.0960674990024,33.2950888276766,37.08534307116253,-3.6967722594862003,-51.323073135454145,0.45571955719557194,-0.4988908878630752,3.1460702228621846,-18.09244904318061
IS,1h_24,A,ambos,16,31108.0,4469.0,0.19710756060233192,1.1384642662642623,2.4612580536975517,0.08008406932634184,7.865737599406508,0.5297029702970297,-0.01387149468259726,1.379540418906334,
IS,1h_24,A,ambos,48,31108.0,4469.0,-0.8572912012768497,1.8362008437821762,4.12966283248132,-0.2075935097010677,9.948612036509985,0.51996271055677,-0.06498661725580107,1.379540418906334,
IS,1h_24,A,ambos,96,31108.0,4469.0,-1.9779861629683517,2.6103646876414937,6.282142289520912,-0.3148585421676587,15.596978202545575,0.5207985084222708,-0.09810296988480705,1.379540418906334,
IS,1h_24,A,ambos,192,31108.0,4469.0,-17.10872054126093,3.577064640990329,8.578852610289907,-1.9942900663358956,1.5965919164095954,0.5010286742960011,-0.2272051674858862,1.379540418906334,
IS,1h_24,A,compra,16,14550.0,2536.0,5.488544440311212,1.6976431860912655,4.323877317877485,1.2693571155727057,11.775013590604733,0.5446735395189003,0.009544087057298728,1.4855847441426289,1.5015592030194824
IS,1h_24,A,compra,48,14550.0,2536.0,12.06280439867964,2.6278297514895526,7.237855575180408,1.6666268445649342,14.038138960645874,0.5274914089347079,-0.04306767628800076,1.4855847441426289,4.5692919017608595
IS,1h_24,A,compra,96,14550.0,2536.0,11.382531172541347,3.829427879933677,11.15284296822499,1.0205945878526892,17.20430850149779,0.5227491408934708,-0.08036925799348495,1.4855847441426289,9.187189511953232
IS,1h_24,A,compra,192,14550.0,2536.0,4.52416445965431,5.19620508501688,14.745865040141775,0.3068090239086314,11.84308084438368,0.511340206185567,-0.18000916425066538,1.4855847441426289,18.09244904318061
IS,1h_24,A,venda,16,16558.0,3414.0,-4.45263314478263,1.53190414461761,2.988745328649562,-1.4898001184980565,4.700724354961272,0.5165478922575191,-0.03444745278837614,1.2993807274946292,-1.5015592030194824
IS,1h_24,A,venda,48,16558.0,3414.0,-12.210557959301186,2.559717912771711,5.031848252429159,-2.4266546498906156,6.492663497807971,0.5133470225872689,-0.08424743324091369,1.2993807274946292,-4.5692919017608595
IS,1h_24,A,venda,96,16558.0,3414.0,-13.718264411045782,3.5651668983338127,7.3634900693733085,-1.8630111919487269,14.260253783374422,0.5190844304867738,-0.11368610238986417,1.2993807274946292,-9.187189511953232
IS,1h_24,A,venda,192,16558.0,3414.0,-36.11817076250243,4.926339685739592,10.641936255269824,-3.393947294564645,-8.909829491341448,0.49196762894069335,-0.26867767908586593,1.2993807274946292,-18.09244904318061
IS,1h_24,B,ambos,16,4050.0,1654.0,-0.046071547118917804,3.8608015634111976,6.426675496270573,-0.007168799349780974,8.541064241707197,0.5291358024691358,-0.006103287149318427,2.3985316583325593,
IS,1h_24,B,ambos,48,4050.0,1654.0,-5.95633497412809,5.794019948962743,9.617206306590575,-0.6193414994171721,12.69942237569155,0.5288888888888889,-0.046713072044237317,2.3985316583325593,
IS,1h_24,B,ambos,96,4050.0,1654.0,-7.434876909266215,8.199469820232025,14.593315631006112,-0.5094713975396714,23.356136859153942,0.528395061728395,-0.11626570556049919,2.3985316583325593,
IS,1h_24,B,ambos,192,4050.0,1654.0,-28.641708635573213,10.895841706830726,19.269440524443265,-1.4863798769477108,9.058464598433318,0.5061728395061729,-0.23792573177348678,2.3985316583325593,
IS,1h_24,B,compra,16,1958.0,638.0,11.214402604014511,5.697023310384538,10.87999853031929,1.0307356726899675,13.637521015358312,0.5582226762002043,0.029611547176749894,2.469389093019781,1.5015592030194824
IS,1h_24,B,compra,48,1958.0,638.0,29.425433058188517,7.720368280375338,16.47950046248945,1.785577974597381,22.566509563470838,0.5495403472931563,0.05204030406487131,2.469389093019781,4.5692919017608595
IS,1h_24,B,compra,96,1958.0,638.0,29.34869487111578,10.875710063830695,25.058709031104673,1.1711974002605667,38.028132175793594,0.5485188968335035,-0.02535160846387491,2.469389093019781,9.187189511953232
IS,1h_24,B,compra,192,1958.0,638.0,42.7612025216365,14.27531219385323,32.139064319140275,1.3305055211632362,39.08382799094667,0.5352400408580184,-0.01442613057707635,2.469389093019781,18.09244904318061
IS,1h_24,B,venda,16,2092.0,1127.0,-10.585272497367127,5.228558462980312,7.486887097483511,-1.4138416086072734,1.1790583820903144,0.5019120458891013,-0.03953046000325809,2.332158450394967,-1.5015592030194824
IS,1h_24,B,venda,48,2092.0,1127.0,-39.07177560858121,8.517757699381796,10.906530986526187,-3.5824200799365142,5.424069631303485,0.5095602294455067,-0.13914094509473188,2.332158450394967,-4.5692919017608595
IS,1h_24,B,venda,96,2092.0,1127.0,-41.86233080314191,12.134699092234758,16.381357439286166,-2.555486073623341,8.44535748973474,0.5095602294455067,-0.20135643314902232,2.332158450394967,-9.187189511953232
IS,1h_24,B,venda,192,2092.0,1127.0,-95.47101076072457,16.190223332152467,22.012434571557357,-4.3371400128582005,-24.97635729495462,0.4789674952198853,-0.44710939293150387,2.332158450394967,-18.09244904318061
IS,1h_24,C,ambos,16,1565.0,828.0,-5.838899839338557,7.675628186696005,11.900578868837789,-0.49063998513786455,11.510028275005801,0.5348242811501598,-0.025458785345938782,2.6980748058130093,
IS,1h_24,C,ambos,48,1565.0,828.0,-15.885205751401875,11.478298208499725,17.49307424034889,-0.9080854247312137,35.581950068936386,0.5565495207667731,-0.07751428736476487,2.6980748058130093,
IS,1h_24,C,ambos,96,1565.0,828.0,-15.897103453164437,16.189730558689998,25.15301420172284,-0.6320158421441028,47.05891037412591,0.5482428115015975,-0.19815952456043914,2.6980748058130093,
IS,1h_24,C,ambos,192,1565.0,828.0,-56.52141208985703,20.239312907648827,31.908186806054452,-1.7713764944842405,12.356145880332292,0.5092651757188499,-0.3676878499108856,2.6980748058130093,
IS,1h_24,C,compra,16,609.0,247.0,13.889770512615035,13.54666653940636,23.017178916600354,0.6034523415290269,32.77679109483067,0.5878489326765188,0.05625541312222981,2.811543684570936,1.5015592030194824
IS,1h_24,C,compra,48,609.0,247.0,46.99374152533365,17.225140654651664,34.589233940863224,1.3586233683486098,70.89763484394939,0.6059113300492611,0.0837669393599999,2.811543684570936,4.5692919017608595
IS,1h_24,C,compra,96,609.0,247.0,57.031561308298706,23.852417174586915,47.92326241256392,1.1900600759882092,88.40696871427411,0.5911330049261084,-0.05704319093109749,2.811543684570936,9.187189511953232
IS,1h_24,C,compra,192,609.0,247.0,84.42755498470778,29.629384014530256,62.673974072464,1.347091136858374,96.65065767517689,0.5697865353037767,0.021457163018454642,2.811543684570936,18.09244904318061
IS,1h_24,C,venda,16,956.0,583.0,-18.406640680698118,9.115827234716871,13.025301228606708,-1.4131451056404507,0.6192881252531368,0.5010460251046025,-0.07751312307304618,2.6573199539310073,-1.5015592030194824
IS,1h_24,C,venda,48,956.0,583.0,-55.94093680948968,15.118502219462433,17.899891790083633,-3.1252108932010647,12.948416255382789,0.5251046025104602,-0.1802551525063776,2.6573199539310073,-4.5692919017608595
IS,1h_24,C,venda,96,956.0,583.0,-62.35479889221365,21.590507173717658,26.96902338670802,-2.3120896147446666,18.054604971513566,0.5209205020920502,-0.28805476219670384,2.6573199539310073,-9.187189511953232
IS,1h_24,C,venda,192,956.0,583.0,-146.3100323287796,26.841404379115534,31.344926216585833,-4.667742119340553,-32.73625300071248,0.4707112970711297,-0.6155846206995552,2.6573199539310073,-18.09244904318061
IS,1h_48,A,ambos,16,19927.0,3910.0,-0.4439286007273291,1.5281493325331121,3.2719946732014424,-0.13567522110082553,9.25299898753007,0.5323430521403122,-0.023500955518152834,1.4721642838591669,
IS,1h_48,A,ambos,48,19927.0,3910.0,-1.1136832200279647,2.4128918738031606,5.3048414155105155,-0.20993713719164753,12.779554454915854,0.5252170422040447,-0.07401298000962775,1.4721642838591669,
IS,1h_48,A,ambos,96,19927.0,3910.0,-5.4838585780981655,3.403189326789299,8.181204640991908,-0.6702996464140872,21.359922681492005,0.5265719877553069,-0.14327847834644125,1.4721642838591669,
IS,1h_48,A,ambos,192,19927.0,3910.0,-25.39205277160341,4.606459849726224,11.118186259816602,-2.2838304898142856,3.309066873344868,0.50238370050685,-0.29758485405439167,1.4721642838591669,
IS,1h_48,A,compra,16,9019.0,1811.0,4.891948362020651,2.3742405091265044,5.989714590409499,0.8167247851597889,13.808978028628793,0.5496174742210889,-0.0028614149467170416,1.6269311691009134,1.5015592030194824
IS,1h_48,A,compra,48,9019.0,1811.0,12.180627547248058,3.5677983621695826,9.71007832576924,1.254431441085528,18.220472699446155,0.5364231067745869,-0.0721081209040098,1.6269311691009134,4.5692919017608595
IS,1h_48,A,compra,96,9019.0,1811.0,9.17982232898153,5.117356523778297,15.21089618502104,0.6035030557911096,25.01251929351689,0.5316553941678679,-0.15119504775735257,1.6269311691009134,9.187189511953232
IS,1h_48,A,compra,192,9019.0,1811.0,-2.321513501251029,6.802494948420673,19.854082427991504,-0.11692877319669112,19.845964081266487,0.5187936578334627,-0.2605272077166735,1.6269311691009134,18.09244904318061
IS,1h_48,A,venda,16,10908.0,2811.0,-4.855761597337524,1.9839707121274393,3.6219758711964345,-1.3406388584619524,5.560705693236079,0.518060139347268,-0.04056623021688581,1.3596455736566453,-1.5015592030194824
IS,1h_48,A,venda,48,10908.0,2811.0,-12.105743066935048,3.2717243316143203,5.831875638351385,-2.075788960128996,8.292142671972869,0.5159515951595159,-0.07558796389976054,1.3596455736566453,-4.5692919017608595
IS,1h_48,A,venda,96,10908.0,2811.0,-17.608146999527555,4.5520268821809,8.526241059721992,-2.0651711435545184,18.49258312748292,0.5223689035570224,-0.1367328659961471,1.3596455736566453,-9.187189511953232
IS,1h_48,A,venda,192,10908.0,2811.0,-44.46733638723488,6.253852028371288,12.513813613068587,-3.553460021235747,-12.704181134224335,0.4888155482214888,-0.32822501836681195,1.3596455736566453,-18.09244904318061
IS,1h_48,B,ambos,16,3183.0,1399.0,0.2948069347753535,4.518965653675873,7.51070366596882,0.039251573206267064,10.081971660111932,0.5362865221489161,-0.009261741793369107,2.4504881350449272,
IS,1h_48,B,ambos,48,3183.0,1399.0,-4.986857524609873,6.7622047757691215,11.364786321626323,-0.4387990573232568,17.47615678171055,0.5378573672635878,-0.057132243512835724,2.4504881350449272,
IS,1h_48,B,ambos,96,3183.0,1399.0,-7.557178453781498,9.554184508071438,16.996909141488747,-0.44462074785907635,33.89218277858319,0.5403707194470625,-0.14760681430868663,2.4504881350449272,
IS,1h_48,B,ambos,192,3183.0,1399.0,-28.356213414432077,12.703480062480155,22.255360443419356,-1.2741295961718144,17.83007325419028,0.5127238454288408,-0.27278283129092906,2.4504881350449272,
IS,1h_48,B,compra,16,1485.0,492.0,13.205250728156367,6.871629524644823,13.165519272687144,1.0030178418827467,17.873105740959794,0.5737373737373738,0.030945089755174498,2.5103470568041617,1.5015592030194824
IS,1h_48,B,compra,48,1485.0,492.0,33.388130688604,9.232086556388362,20.333318201361056,1.6420404361925094,32.77616831304009,0.5643097643097643,0.04765139845908492,2.5103470568041617,4.5692919017608595
IS,1h_48,B,compra,96,1485.0,492.0,34.903585496067734,12.92352786736554,30.43334819584747,1.1468861484268174,54.016228134798894,0.571043771043771,-0.04655462914440197,2.5103470568041617,9.187189511953232
IS,1h_48,B,compra,192,1485.0,492.0,52.66936877012017,17.02978582271319,38.90118900107429,1.3539269652828776,50.161337711163156,0.5501683501683502,-0.025738549484338687,2.5103470568041617,18.09244904318061
IS,1h_48,B,venda,16,1698.0,957.0,-10.996128891591432,5.958599830128162,8.368914169608201,-1.3139253992499993,1.7942057885234064,0.5035335689045937,-0.04442496019713072,2.3788082590732156,-1.5015592030194824
IS,1h_48,B,venda,48,1698.0,957.0,-38.54802212803897,9.701663982910876,12.175224621979103,-3.1661035689190373,7.69663606948523,0.5147232037691402,-0.14877164771089355,2.3788082590732156,-4.5692919017608595
IS,1h_48,B,venda,96,1698.0,957.0,-44.69159215550478,13.833912749167913,17.82655367181329,-2.507023678175638,13.0665803814084,0.5135453474676089,-0.235982841970031,2.3788082590732156,-9.187189511953232
IS,1h_48,B,venda,192,1698.0,957.0,-99.21780914120481,18.41448986392765,23.913799753349007,-4.148977166512815,-21.296756221753643,0.4799764428739694,-0.48883745937266465,2.3788082590732156,-18.09244904318061
IS,1h_48,C,ambos,16,1437.0,773.0,-3.8450723469250163,8.195115366710258,12.646698401622213,-0.3040376408780178,14.454350866396904,0.5427974947807933,-0.021750736013005516,2.7639235162074742,
IS,1h_48,C,ambos,48,1437.0,773.0,-10.64182001614407,12.056463518851567,18.589339605781912,-0.5724689656449176,38.36208283892972,0.5629784272790536,-0.06432874608218911,2.7639235162074742,
IS,1h_48,C,ambos,96,1437.0,773.0,-9.414439051594432,17.095167005029452,26.569952393608297,-0.3543265306662417,54.18109696540885,0.5553235908141962,-0.19050947793962061,2.7639235162074742,
IS,1h_48,C,ambos,192,1437.0,773.0,-45.94647182082713,21.404824530957608,34.06713650532851,-1.3487036638268832,33.335376085661395,0.5212247738343772,-0.33096051508778557,2.7639235162074742,
IS,1h_48,C,compra,16,563.0,226.0,12.948446518046376,14.52510193045946,24.58064296885609,0.526774117928981,37.51969507788999,0.5985790408525755,0.056928976521715705,2.8607872632829285,1.5015592030194824
IS,1h_48,C,compra,48,563.0,226.0,48.08448086333759,18.322684525376054,37.05921211442679,1.2975041324372563,72.79610787895407,0.6127886323268206,0.09226851119155702,2.8607872632829285,4.5692919017608595
IS,1h_48,C,compra,96,563.0,226.0,66.0477041348925,25.134945405915794,50.93161815313388,1.2967917873001744,104.9327571583869,0.6092362344582594,-0.03694186933008969,2.8607872632829285,9.187189511953232
IS,1h_48,C,compra,192,563.0,226.0,100.517111051527,31.15124574917627,66.76924268810886,1.5054403345723195,112.79897370851887,0.5879218472468917,0.09768287010546008,2.8607872632829285,18.09244904318061
IS,1h_48,C,venda,16,874.0,549.0,-14.662865391523288,9.68511439249237,13.70819859346257,-1.0696420314858874,1.936460638533588,0.5068649885583524,-0.0724334341331978,2.6938540919564096,-1.5015592030194824
IS,1h_48,C,venda,48,874.0,549.0,-48.471233511736955,15.802456467939088,18.795571755629982,-2.578864540112646,20.590266262732747,0.5308924485125858,-0.1652031806875885,2.6938540919564096,-4.5692919017608595
IS,1h_48,C,venda,96,874.0,549.0,-58.024492385681555,22.835949801151898,28.03434682958081,-2.069764376477509,27.422901878489945,0.5205949656750573,-0.2894323196411835,2.6938540919564096,-9.187189511953232
IS,1h_48,C,venda,192,874.0,549.0,-140.2931504903184,28.47229113463787,33.25500476423196,-4.218707875249301,-27.071432018629938,0.4782608695652174,-0.607077478318675,2.6938540919564096,-18.09244904318061
IS,15m4h_12,A,ambos,16,39885.0,4161.0,1.3322650849659483,1.0480489976646155,3.1625904512733762,0.4212575436157182,11.274664520373179,0.5365676319418328,-0.016647545127416518,1.37865407955453,
IS,15m4h_12,A,ambos,48,39885.0,4161.0,-0.17410902833635375,1.726758481883643,5.588316612174687,-0.03115589906932625,16.034477554800475,0.5317287200702018,-0.06604488426392903,1.37865407955453,
IS,15m4h_12,A,ambos,96,39885.0,4161.0,0.1200501526408016,2.3700800836616778,7.686294310930373,0.015618729622424561,26.41057957724069,0.533433621662279,-0.09276402467826513,1.37865407955453,
IS,15m4h_12,A,ambos,192,39885.0,4161.0,-19.39092259106744,3.2520541609373734,10.66431710581221,-1.818299512164647,9.978381004225323,0.5089632693995236,-0.25314179336441145,1.37865407955453,
IS,15m4h_12,A,compra,16,18274.0,2069.0,5.7469779815532025,1.566567357658992,5.751120552680054,0.9992796932199725,17.357194298668333,0.5566378461201708,0.004333795829809953,1.4953895479782968,1.5015592030194824
IS,15m4h_12,A,compra,48,18274.0,2069.0,10.453322401184654,2.557659294104619,10.265496062551902,1.0182968594491926,23.938975444797727,0.5460763926890664,-0.0547029411941054,1.4953895479782968,4.5692919017608595
IS,15m4h_12,A,compra,96,18274.0,2069.0,18.224704498334727,3.5812960392500726,14.096819032625886,1.292823895671442,35.74380248964282,0.5463500054722557,-0.05026402408619921,1.4953895479782968,9.187189511953232
IS,15m4h_12,A,compra,192,18274.0,2069.0,8.93203857982421,4.759217476567085,18.54648540353027,0.4816027611422282,30.908701686875872,0.5314654700667615,-0.13523390504718488,1.4953895479782968,18.09244904318061
IS,15m4h_12,A,venda,16,21611.0,3047.0,-2.4007627005245658,1.409014575660186,3.4920476092463226,-0.6874942638719392,6.385016711547564,0.5195965017815002,-0.034389113062836284,1.2712943176289326,-1.5015592030194824
IS,15m4h_12,A,venda,48,21611.0,3047.0,-9.160536400649843,2.339005993748688,6.029121403191366,-1.519381645856549,9.33968499758464,0.5195965017815002,-0.0756354940301572,1.2712943176289326,-4.5692919017608595
IS,15m4h_12,A,venda,96,21611.0,3047.0,-15.189026406204734,3.1527377794608116,8.298375760822694,-1.8303613675718762,17.899766115778704,0.5225116838646985,-0.1287015107186803,1.2712943176289326,-9.187189511953232
IS,15m4h_12,A,venda,192,21611.0,3047.0,-43.340475709242156,4.446471465384229,12.562772861010277,-3.449913183080251,-10.667378836750618,0.48993568090324374,-0.3528432764567717,1.2712943176289326,-18.09244904318061
IS,15m4h_12,B,ambos,16,3368.0,1230.0,7.166567334520712,4.469986816324183,10.63518136437243,0.6738547363685323,18.47850971571141,0.5528503562945368,0.038704331934114204,2.073007105008503,
IS,15m4h_12,B,ambos,48,3368.0,1230.0,-0.8907787003582143,7.069539725909922,18.999921272691687,-0.04688328375541838,22.72078192329864,0.5451306413301663,-0.04234348536337424,2.073007105008503,
IS,15m4h_12,B,ambos,96,3368.0,1230.0,-2.474843966233791,8.844075465258715,19.70954565440833,-0.12556575426081706,43.65731827806141,0.5463182897862233,-0.12783081692477233,2.073007105008503,
IS,15m4h_12,B,ambos,192,3368.0,1230.0,-40.90685952648101,12.295707839123768,25.0024564630048,-1.6361136189561756,23.793503721385445,0.5207838479809976,-0.33806570242689415,2.073007105008503,
IS,15m4h_12,B,compra,16,1663.0,486.0,16.830652657286098,6.894970411833391,19.6663530701527,0.855809544212328,31.475678643166916,0.5874924834636199,0.09025118401082749,2.107327728270008,1.5015592030194824
IS,15m4h_12,B,compra,48,1663.0,486.0,21.64561156083991,10.135231290537996,35.40046572545648,0.6114499094082412,37.74966702504656,0.566446181599519,0.05031891952406368,2.107327728270008,4.5692919017608595
IS,15m4h_12,B,compra,96,1663.0,486.0,29.993128903289538,12.240532615471565,34.41063508622105,0.8716238113053484,53.92724211029876,0.5616355983162958,-0.05207696398930063,2.107327728270008,9.187189511953232
IS,15m4h_12,B,compra,192,1663.0,486.0,40.67884863187448,15.808948515248668,39.87586597705341,1.0201370587232677,69.76925070185658,0.5592303066746843,-0.053410541288849374,2.107327728270008,18.09244904318061
IS,15m4h_12,B,venda,16,1705.0,798.0,-2.259458408446344,5.714616864169392,8.650187704998334,-0.2612033964466184,5.853087670756318,0.5190615835777126,-0.011572744314316404,2.047640622506456,-1.5015592030194824
IS,15m4h_12,B,venda,48,1705.0,798.0,-22.87202034515146,9.837612411680166,15.289429572172645,-1.4959367998122979,9.887616529677956,0.5243401759530791,-0.132723297285843,2.047640622506456,-4.5692919017608595
IS,15m4h_12,B,venda,96,1705.0,798.0,-34.14301926360464,12.711011141328553,20.152045791445033,-1.6942706272580559,27.66418954966099,0.5313782991202346,-0.20171859254453148,2.047640622506456,-9.187189511953232
IS,15m4h_12,B,venda,192,1705.0,798.0,-120.48283176539314,18.56931344895354,30.039106210812133,-4.010866066382066,-20.99811788550454,0.48328445747800586,-0.6157088302700429,2.047640622506456,-18.09244904318061
IS,15m4h_12,C,ambos,16,1578.0,691.0,-0.6627296471321835,7.732639543944787,16.215385855695363,-0.04087042103283726,23.862294648013815,0.5621039290240811,0.004791848432037307,2.3006617453680884,
IS,15m4h_12,C,ambos,48,1578.0,691.0,-3.569197667489231,12.078138730159452,34.155771558025926,-0.10449764431248929,41.23569364387958,0.5722433460076045,-0.04873608849003912,2.3006617453680884,
IS,15m4h_12,C,ambos,96,1578.0,691.0,-17.100252671559275,14.772217391234749,34.16414100422278,-0.5005322003982374,54.0541695378538,0.5583016476552598,-0.21360537489727102,2.3006617453680884,
IS,15m4h_12,C,ambos,192,1578.0,691.0,-80.4465737570966,20.183986332665636,39.29023191554738,-2.0474955182248085,22.432634674267593,0.5126742712294043,-0.5115437108509328,2.3006617453680884,
IS,15m4h_12,C,compra,16,657.0,227.0,7.219798520279057,13.908104553312128,34.50066797757884,0.2092654705981644,46.13736589387685,0.6149162861491628,0.07461610267081126,2.3570877292191437,1.5015592030194824
IS,15m4h_12,C,compra,48,657.0,227.0,10.164201469492859,20.81399523246272,76.46688261179108,0.13292292195426253,59.35501296635726,0.6118721461187214,0.029504130614007747,2.3570877292191437,4.5692919017608595
IS,15m4h_12,C,compra,96,657.0,227.0,18.055141559854672,23.636678736730623,72.03726769773976,0.2506361240075346,68.70097302231315,0.5722983257229832,-0.15352374028933613,2.3570877292191437,9.187189511953232
IS,15m4h_12,C,compra,192,657.0,227.0,43.24208683221683,29.11416115003314,70.85468000937603,0.6102925992537784,92.46896610843436,0.5646879756468798,-0.08128681327983936,2.3570877292191437,18.09244904318061
IS,15m4h_12,C,venda,16,921.0,468.0,-6.285770913135646,8.782649846918305,13.018944219780547,-0.4828172551492506,7.97059777397191,0.5244299674267101,-0.045017635862071775,2.2311261354862175,-1.5015592030194824
IS,15m4h_12,C,venda,48,921.0,468.0,-13.365987279864077,14.416335355752087,21.70738153015682,-0.6157346643258413,25.288726281706975,0.5439739413680782,-0.1045491438118185,2.2311261354862175,-4.5692919017608595
IS,15m4h_12,C,venda,96,921.0,468.0,-42.17853064119984,18.84319616004487,28.656925167958434,-1.4718442538406051,47.631075260405886,0.5483170466883822,-0.25646491228859913,2.2311261354862175,-9.187189511953232
IS,15m4h_12,C,venda,192,921.0,468.0,-168.6805042752062,27.294733197687137,43.41479738721785,-3.8853228490447584,-34.502966977756344,0.4755700325732899,-0.818469641040084,2.2311261354862175,-18.09244904318061
IS,15m4h_24,A,ambos,16,25524.0,3480.0,-1.869375857957593,1.4193040293694084,4.287083167377118,-0.43604842382875825,11.956728633397695,0.5358486130700517,-0.03646672119014503,1.474422910788154,
IS,15m4h_24,A,ambos,48,25524.0,3480.0,-8.551126710169203,2.3148058849614666,7.320981085827052,-1.1680301601548506,19.533741292616646,0.5357702554458549,-0.11738434206114794,1.474422910788154,
IS,15m4h_24,A,ambos,96,25524.0,3480.0,-9.823649735010806,3.0787658984935162,9.520504676410177,-1.0318412803631891,27.78334375775127,0.5348691427675912,-0.1604294639023479,1.474422910788154,
IS,15m4h_24,A,ambos,192,25524.0,3480.0,-34.712211782950256,4.185851284599645,12.97383564351241,-2.675555073823381,8.556516559400373,0.5075615107349946,-0.3652448331238683,1.474422910788154,
IS,15m4h_24,A,compra,16,10843.0,1418.0,3.496029177193327,2.2386358850382506,8.367485519543234,0.4178112013493116,21.271493936923513,0.5633127363275846,0.0026654934893093935,1.6176226593131275,1.5015592030194824
IS,15m4h_24,A,compra,48,10843.0,1418.0,2.7056890926201147,3.5637742872564155,14.21298788109234,0.190367367879031,25.900829593585307,0.5480955455132344,-0.08603184434994007,1.6176226593131275,4.5692919017608595
IS,15m4h_24,A,compra,96,10843.0,1418.0,13.713497715837871,4.727192572443822,18.015494870906654,0.7612057184165334,43.12895717341725,0.5531679424513511,-0.07533290955905285,1.6176226593131275,9.187189511953232
IS,15m4h_24,A,compra,192,10843.0,1418.0,4.577022977917372,6.144953678417937,23.29273772170948,0.1965000006697993,40.9946949819151,0.5412708659964954,-0.18135810613119124,1.6176226593131275,18.09244904318061
IS,15m4h_24,A,venda,16,14681.0,2457.0,-5.832122727798983,1.831085969059167,4.293281927298232,-1.3584299439354883,5.242043777009542,0.515564334854574,-0.06536874446984835,1.367425498128792,-1.5015592030194824
IS,15m4h_24,A,venda,48,14681.0,2457.0,-16.865114432370998,3.0426686301698904,7.4147239888502,-2.274543793906787,14.224753465429396,0.52666712076834,-0.1405404712541611,1.367425498128792,-4.5692919017608595
IS,15m4h_24,A,venda,96,14681.0,2457.0,-27.207567030123684,4.051408878631398,10.096144498180287,-2.6948472295565433,16.792615197199765,0.5213541311899734,-0.22327953806244247,1.367425498128792,-9.187189511953232
IS,15m4h_24,A,venda,192,14681.0,2457.0,-63.73020595991965,5.677122801914765,14.896426849388359,-4.278220985761856,-19.902833942211373,0.48266466861930385,-0.5010587273260069,1.367425498128792,-18.09244904318061
IS,15m4h_24,B,ambos,16,2727.0,1032.0,-0.7899510217704416,5.20176201906463,12.599779580084293,-0.06269562231224023,15.902468233348621,0.5430876420975431,0.010800391297651328,2.1693668706279556,
IS,15m4h_24,B,ambos,48,2727.0,1032.0,-13.449788416470629,8.295551116441192,22.744193819233836,-0.5913504133567791,25.407359704757855,0.5471213788045471,-0.08244044827786887,2.1693668706279556,
IS,15m4h_24,B,ambos,96,2727.0,1032.0,-14.597498738259105,10.071981350917902,22.746517887767087,-0.6417465218317893,40.74985264024944,0.5408874220755409,-0.16637363429944527,2.1693668706279556,
IS,15m4h_24,B,ambos,192,2727.0,1032.0,-58.36539802808135,13.894980802499255,27.701270173883678,-2.106957466632968,23.081100239492613,0.5192519251925193,-0.40427886016396647,2.1693668706279556,
IS,15m4h_24,B,compra,16,1253.0,365.0,6.585340554622523,8.692958932907022,25.207476920393997,0.2612455255009946,30.211503341763812,0.5770151636073424,0.07609359838845738,2.290890163551378,1.5015592030194824
IS,15m4h_24,B,compra,48,1253.0,365.0,6.36064723475913,12.593047391502902,45.58420205462762,0.1395362197442131,41.64786463635828,0.5778132482043097,0.0252073157551036,2.290890163551378,4.5692919017608595
IS,15m4h_24,B,compra,96,1253.0,365.0,12.957511618362963,14.768249752547248,42.64152820368928,0.3038707139309772,48.380688376163384,0.553072625698324,-0.09540313658172796,2.290890163551378,9.187189511953232
IS,15m4h_24,B,compra,192,1253.0,365.0,36.6232606678034,18.415067884853173,46.6296601902251,0.7854069817021886,73.11399308169264,0.5642458100558659,-0.0639733888637962,2.290890163551378,18.09244904318061
IS,15m4h_24,B,venda,16,1474.0,690.0,-7.059449220698786,6.163198226064219,9.347593490758216,-0.7552156849437587,3.557074348049527,0.514246947082768,-0.04470326439080184,2.1036883377058464,-1.5015592030194824
IS,15m4h_24,B,venda,48,1474.0,690.0,-30.29000271157979,10.982392899438224,17.023571886456743,-1.7792977239798466,9.609634326134264,0.5210312075983717,-0.1739483508106467,2.1036883377058464,-4.5692919017608595
IS,15m4h_24,B,venda,96,1474.0,690.0,-38.02112694507556,13.74531077721324,21.841631665225247,-1.7407640385040555,28.61202437409782,0.5305291723202171,-0.22670337218295936,2.1036883377058464,-9.187189511953232
IS,15m4h_24,B,venda,192,1474.0,690.0,-139.11220219764962,20.15898672162909,32.28644379239694,-4.308687667559375,-28.18005990066874,0.48100407055630934,-0.693561597978833,2.1036883377058464,-18.09244904318061
IS,15m4h_24,C,ambos,16,1478.0,651.0,-2.5647514656569204,8.164182502479536,17.21793526277872,-0.14895813153632495,23.862294648013815,0.5615696887686062,-0.0011417706847322753,2.32743230174328,
IS,15m4h_24,C,ambos,48,1478.0,651.0,-11.573398542346265,12.730924920169691,36.015620026635084,-0.32134386507263357,40.56565505823784,0.5690121786197564,-0.0673066215489078,2.32743230174328,
IS,15m4h_24,C,ambos,96,1478.0,651.0,-26.69725143321553,15.400471730534344,35.70057812361114,-0.7478100590073886,52.94305558471768,0.557510148849797,-0.24207444588249946,2.32743230174328,
IS,15m4h_24,C,ambos,192,1478.0,651.0,-91.65267736308272,20.7801428336723,40.09221589192629,-2.2860466882185877,20.934749667869124,0.5115020297699594,-0.5553956180372203,2.32743230174328,
IS,15m4h_24,C,compra,16,581.0,201.0,7.792656224015018,15.594052889335838,38.776088145733304,0.20096550726642798,53.429978883139384,0.6265060240963856,0.09103216500096413,2.514273026302425,1.5015592030194824
IS,15m4h_24,C,compra,48,581.0,201.0,1.1899820358717244,23.132195371275987,85.37076577335614,0.013938987487015289,66.8722245664488,0.6230636833046471,0.025755127896292338,2.514273026302425,4.5692919017608595
IS,15m4h_24,C,compra,96,581.0,201.0,4.48601683923489,26.267077430655913,79.96381888675879,0.05610058275965769,69.40455853029937,0.5714285714285714,-0.19950125147444006,2.514273026302425,9.187189511953232
IS,15m4h_24,C,compra,192,581.0,201.0,45.45230154868768,31.475592541007664,77.00095048098149,0.5902823441109857,92.75145819539699,0.5679862306368331,-0.10235656355189833,2.514273026302425,18.09244904318061
IS,15m4h_24,C,venda,16,897.0,454.0,-9.273395688287236,8.88573923133757,13.23711638728039,-0.7005601081817251,6.542606620838498,0.5195094760312151,-0.06084417495829926,2.2443292030373496,-1.5015592030194824
IS,15m4h_24,C,venda,48,897.0,454.0,-19.840426542284554,14.685870973028347,22.014982354208822,-0.90122382217088,18.294885308272058,0.5340022296544036,-0.12758407576034736,2.2443292030373496,-4.5692919017608595
IS,15m4h_24,C,venda,96,897.0,454.0,-46.89510970110149,18.808471117235374,28.417971621252914,-1.6501920096939677,47.74544879152742,0.5484949832775919,-0.2696497256495925,2.2443292030373496,-9.187189511953232
IS,15m4h_24,C,venda,192,897.0,454.0,-180.4575745177523,27.112696124678397,42.58116683997586,-4.237966873851281,-34.849804509136106,0.47491638795986624,-0.8488356299167877,2.2443292030373496,-18.09244904318061
