regra,limiar,stop_atr,alvo_atr,n,media,ep,PF,acerto,dd,n_pos,metades_pos,R_pct,R_bruto,dur_h,frac_stop,frac_alvo
div,16.0,1.5,1.5,9054,-0.1412406108535375,0.010348281311682585,0.7471201545299783,0.4801192842942346,1289.619950849902,0,0,1.3536323909169845,-0.0328832714499715,6.693478020764303,0.49569251159708416,0.46134305279434507
div,16.0,1.5,3.0,6937,-0.14067766211569602,0.015493049255726914,0.7918213294036401,0.36139541588582963,980.2877880279093,0,0,1.3638746829107184,-0.03312052664605264,10.393469799625198,0.5953582240161454,0.2453510162894623
div,16.0,3.0,1.5,6899,-0.07768216467724305,0.007997088329308984,0.7683810639929485,0.6047253225105088,538.4416662256803,0,0,2.709669333184224,-0.02348684000334284,10.490650818959269,0.28062037976518334,0.5658791129149152
div,16.0,3.0,3.0,5316,-0.07139000196010988,0.011478885766222998,0.8279402522338057,0.48382242287434163,385.5838033908574,0,0,2.717063822617221,-0.017380051278677703,15.236126787057938,0.3384123401053424,0.31094808126410833
div,32.0,1.5,1.5,7168,-0.14518726291502895,0.011648243677959056,0.7416281389225332,0.47963169642857145,1046.451174227186,0,0,1.3327437025861402,-0.035277137687048536,6.314243861607143,0.4994419642857143,0.46219308035714285
div,32.0,1.5,3.0,5792,-0.14671749874620965,0.017028835347060265,0.7855311597660042,0.3573895027624309,852.775600782713,0,0,1.3447479877663566,-0.03721450907667325,9.961541781767956,0.6042817679558011,0.2451657458563536
div,32.0,3.0,1.5,5643,-0.08110189497548223,0.008914331138277241,0.7614054956798904,0.6067694488747121,460.582472003027,0,0,2.6612604124124206,-0.025728493993241033,10.087187666135035,0.2884990253411306,0.570795676058834
div,32.0,3.0,3.0,4514,-0.08862014130096678,0.012522312655914624,0.7925648726470415,0.4811696942844484,404.373941745045,0,0,2.6854634137431312,-0.03354056309261323,14.890008861320336,0.35423128046078867,0.3017279574656624
div,96.0,1.5,1.5,3781,-0.1381695983787628,0.016096643007928728,0.7537569572650046,0.4837344617825972,529.0212581758634,0,0,1.3589941861144972,-0.030078706712990323,5.715617561491669,0.5009256810367627,0.46892356519439304
div,96.0,1.5,3.0,3589,-0.15077233434526185,0.021734448954851167,0.7821217482266118,0.35385901365282807,543.2537164568377,0,0,1.3602866267343687,-0.04285671861076945,9.514628030091947,0.6138200055725829,0.24742268041237114
div,96.0,3.0,1.5,3195,-0.08361064068949976,0.01204762840437965,0.7598614354056418,0.6172143974960876,269.551119087611,0,0,2.689552175638241,-0.028780406876406525,9.20547730829421,0.3032863849765258,0.5843505477308294
div,96.0,3.0,3.0,2935,-0.09252451550325624,0.01583375471427845,0.7903682031061838,0.4882453151618399,273.18789352551687,0,0,2.6834726319589084,-0.03762948581686608,14.339608177172062,0.37717206132879044,0.30971039182282795
abs,1.5,1.5,1.5,4673,-0.12391867031812795,0.014275067519863262,0.7710814427641252,0.4887652471645624,585.468517747088,0,0,1.268212888425429,-0.006831822718138359,7.9224267066124545,0.4731435908410015,0.46608174620158355
abs,1.5,1.5,3.0,4024,-0.11679788311375468,0.020208347584743044,0.8209259572012733,0.36754473161033796,499.07389120758563,0,0,1.2770075238219196,-0.0006646998381575817,11.455765407554672,0.5648608349900597,0.24950298210735586
abs,1.5,3.0,1.5,4018,-0.06537031914852678,0.010180548347854307,0.7943605012066416,0.5998008959681433,269.59158959526263,0,0,2.5703279352804254,-0.0076319019852745095,11.668616226978596,0.2538576406172225,0.5607267297162768
abs,1.5,3.0,3.0,3452,-0.06259265553007234,0.013851870319663862,0.8410779193218845,0.4762456546929316,237.58516890725855,0,0,2.5945124389922922,-0.005154688447544365,16.183009849362687,0.30677867902665124,0.3047508690614137
abs,2.0,1.5,1.5,2141,-0.13674448599145336,0.021064056411372965,0.7500279774431613,0.4885567491826249,304.9418411576039,1,0,1.166568748728068,-0.009147713979252549,8.07204577300327,0.47314339093881363,0.4624007473143391
abs,2.0,1.5,3.0,1983,-0.11372887993531434,0.02894233557715401,0.8266015717676856,0.37165910237014627,256.00631439126033,1,0,1.1689992065174177,0.013014150685764732,11.542486132123045,0.5627836611195158,0.25315179021684314
abs,2.0,3.0,1.5,1971,-0.08423151638034979,0.01461551277925093,0.7439581382471522,0.5910705225773719,168.99911737547077,0,0,2.3659483418132328,-0.021172713971623038,11.701166920345003,0.2617960426179604,0.5489599188229325
abs,2.0,3.0,3.0,1804,-0.0626610386930468,0.019099462873331433,0.8403935157090285,0.4728381374722838,126.01501966496059,0,0,2.353570714547757,0.00015297009915369732,16.192488913525498,0.3004434589800443,0.3054323725055432
abs,2.5,1.5,1.5,833,-0.1407817839467924,0.03369668873477569,0.7431159186500494,0.4921968787515006,129.54817476249372,0,0,1.0834299570436123,-0.006507614119308825,8.081032412965186,0.4729891956782713,0.4645858343337335
abs,2.5,1.5,3.0,801,-0.09703422523821001,0.04595935789372024,0.8517468638928855,0.38701622971285893,109.2031469126087,3,0,1.092341448001794,0.0365182464377569,11.392322097378278,0.5580524344569289,0.26092384519350814
abs,2.5,3.0,1.5,796,-0.06385943130091316,0.02280948916198898,0.7975805624332264,0.6130653266331658,56.05594571902506,1,0,2.1886317481448834,0.0029921773887424796,11.689070351758794,0.25251256281407036,0.5728643216080402
abs,2.5,3.0,3.0,755,-0.02651278363220807,0.02986660236803195,0.9304827938819651,0.5072847682119205,32.076433748995235,3,0,2.199895577229155,0.039917397735898766,16.085761589403972,0.295364238410596,0.3271523178807947
clim,0.98,1.5,1.5,2146,-0.13023550247657553,0.021325084424153685,0.7663828487028237,0.4743709226467847,291.2719024849999,0,0,1.8871709699748163,-0.05426576564914554,5.142590866728797,0.5144454799627214,0.45619757688723206
clim,0.98,1.5,3.0,1950,-0.13496214845333493,0.029210952173154916,0.7997060973223125,0.3558974358974359,278.79674028988774,1,0,1.8286344792757485,-0.057311048980177796,9.13076923076923,0.6164102564102564,0.24
clim,0.98,3.0,1.5,1860,-0.07222091330677252,0.015653053625084803,0.788312460569112,0.6112903225806452,142.40301430895806,1,0,3.6230761792306025,-0.03284078289528716,8.878897849462366,0.29731182795698924,0.5725806451612904
clim,0.98,3.0,3.0,1653,-0.06306600834403434,0.020967879247382665,0.8504639208256655,0.4954627949183303,116.71352589370805,2,0,3.525601788398541,-0.02273492724152094,14.129612825166364,0.3629764065335753,0.31699939503932245
clim,0.99,1.5,1.5,1306,-0.13303101346588364,0.027345038679794095,0.762081534535455,0.47090352220520676,181.44649018317267,0,0,2.005883626918567,-0.06133324353851844,4.919984686064319,0.5176110260336907,0.45252679938744256
clim,0.99,1.5,3.0,1206,-0.16605576887975526,0.036615861474098683,0.7560017155063806,0.35074626865671643,213.1842716560407,0,0,1.9682185719215581,-0.09312522474655688,8.932421227197347,0.6268656716417911,0.22802653399668324
clim,0.99,3.0,1.5,1168,-0.06662780458350102,0.019760888309482104,0.8031094659471504,0.6164383561643836,83.26973926212186,1,0,3.8567654386896737,-0.029765755850739716,8.627568493150685,0.2970890410958904,0.577054794520548
clim,0.99,3.0,3.0,1054,-0.0795524635001075,0.026316605489247365,0.815513000829788,0.49335863377609107,95.30072199115546,2,0,3.790716923940994,-0.04188501853670093,13.98600569259962,0.3757115749525617,0.3092979127134725
clim,0.995,1.5,1.5,765,-0.12798157194139995,0.035735341192036287,0.7699612409252973,0.47320261437908495,108.38757661112541,0,0,2.135747868479162,-0.06130999100006593,4.702287581699347,0.5176470588235295,0.45098039215686275
clim,0.995,1.5,3.0,719,-0.1497489539828237,0.047074312454533807,0.7744747648713113,0.36300417246175243,127.22255626305481,1,0,2.111977460325239,-0.08235721511269078,8.957579972183588,0.6133518776077886,0.22253129346314326
clim,0.995,3.0,1.5,697,-0.055973900948588125,0.025680976288635454,0.8331426356861209,0.6269727403156384,43.83616426789303,2,0,4.1728556597447986,-0.02190685029520788,8.312410329985653,0.29555236728837875,0.5882352941176471
clim,0.995,3.0,3.0,650,-0.0673268731619464,0.03338905089316508,0.8406757055327891,0.5061538461538462,58.16649592507504,2,0,4.112414864249956,-0.0328238815222027,13.976923076923077,0.36923076923076925,0.3046153846153846
des4h,1.5,1.5,1.5,6969,-0.16041769448337548,0.011795652670585159,0.7182114647176796,0.47567800258286697,1128.0959450657117,0,0,1.2741609817366555,-0.043894355944906344,6.734718037021094,0.5029415985076768,0.4560195149949778
des4h,1.5,1.5,3.0,5746,-0.15957109886511023,0.017009902111381456,0.7680666114073793,0.35885833623390184,925.2385962156011,0,0,1.286788985170664,-0.04429471389616458,10.362861120779673,0.6049425687434737,0.2424295161851723
des4h,1.5,3.0,1.5,5483,-0.09207787078202652,0.00905718476349451,0.7336408617800343,0.6027722049972642,508.280320473565,0,0,2.5438945180330905,-0.03366553970250604,10.445832573408717,0.291446288528178,0.561371511946015
des4h,1.5,3.0,3.0,4496,-0.09531642745734639,0.012567770742855498,0.779218764825615,0.48576512455516013,432.85843144902503,0,0,2.578117406537816,-0.03784443404424265,15.168594306049823,0.36054270462633453,0.30226868327402134
des4h,2.0,1.5,1.5,3421,-0.16123408275713394,0.01677859841296177,0.7154486461187326,0.47763811750950014,554.2825910511192,0,0,1.22684954265737,-0.039335477187454934,6.813285589009062,0.49780765857936277,0.45513007892429114
des4h,2.0,1.5,3.0,3057,-0.1539745123655676,0.023376255045156474,0.7754392105025167,0.3621197252208047,471.99954745029635,0,0,1.2357369170611339,-0.033082924949800654,10.342001962708538,0.5999345763820739,0.24730127576054955
des4h,2.0,3.0,1.5,2870,-0.10647298837684764,0.01254212923397346,0.6985417486895813,0.5912891986062718,306.16523714416496,0,0,2.4513589862281275,-0.04560117818575914,10.53937282229965,0.29965156794425085,0.5505226480836237
des4h,2.0,3.0,3.0,2528,-0.10790064525173859,0.016734935883628618,0.7535208836630074,0.47270569620253167,273.745896187124,0,0,2.4793909367745828,-0.04770760372896028,15.050830696202532,0.3635284810126582,0.30063291139240506
des4h,2.5,1.5,1.5,1402,-0.17294715321915605,0.026269531173587386,0.6986862863953984,0.47788873038516405,245.60498391228978,0,0,1.1534242149668843,-0.04012075926849943,6.775677603423681,0.4992867332382311,0.4572039942938659
des4h,2.5,1.5,3.0,1313,-0.1790941603199705,0.03559303128275065,0.7435564326322183,0.3511043412033511,246.514323110863,0,0,1.1536036665037652,-0.04734867580226394,10.235529322162986,0.6062452399086062,0.24904798172124903
des4h,2.5,3.0,1.5,1248,-0.11464879251147743,0.019207396460301913,0.682181267851224,0.5961538461538461,146.1094627847564,0,0,2.2891186098255285,-0.048611560129567334,10.41025641025641,0.3076923076923077,0.5568910256410257
des4h,2.5,3.0,3.0,1149,-0.12598212232620734,0.025110692080359265,0.7221113186152163,0.4656222802436902,153.28538257373395,0,0,2.3068884666465213,-0.060870749357610054,15.027850304612707,0.3785900783289817,0.30809399477806787
