coluna,h,decil,x_min,x_max,n,media_bps,excesso_bps,ep_agrupado_bps,t_excesso,frac_pos
d4h,16,1,-0.28659668539018757,-0.07038253894774396,11823,3.706362599656379,0.951519328788911,2.449556184432604,0.3884456028549161,0.5442781020045674
d4h,16,2,-0.0703807926565103,-0.0505190110606395,11822,0.9804707482595773,-1.7743725226078908,2.237865856868786,-0.7928860066217671,0.5284215868719336
d4h,16,3,-0.050518585956774345,-0.03700510949670729,11821,3.6573778434673754,0.9025345725999072,2.4571152030018117,0.36731471584942277,0.5270281702055664
d4h,16,4,-0.03700440436991682,-0.025702995340192925,11822,3.3168469905096782,0.5620037196422101,2.3842693005654287,0.23571318873624345,0.5240230079512773
d4h,16,5,-0.025702961986652083,-0.015209945282725153,11820,2.9821184675321084,0.22727519666464024,2.437414227439728,0.09324438747671185,0.5136209813874788
d4h,16,6,-0.015209715854698345,-0.004639308534287202,11819,3.2333870087224534,0.4785437378549853,2.324080927150414,0.20590665852661766,0.5052034859125137
d4h,16,7,-0.004638775689692164,0.0066496230787665075,11822,2.6097583014526275,-0.14508496941484061,2.4053211836735477,-0.0603183351976547,0.4963627135848418
d4h,16,8,0.006650382898125106,0.020217136277401987,11819,2.6804054646696813,-0.07443780619778684,2.2512908395354554,-0.03306450010392561,0.4895507234114561
d4h,16,9,0.020218314984089363,0.040592244334472276,11812,1.2288127991390043,-1.5260304717284638,2.1676459547470257,-0.704003561276481,0.4843379613951913
d4h,16,10,0.04059608077765952,0.24881110580689786,11820,3.151805655920922,0.3969623850534538,2.116647882329252,0.1875429486252664,0.4713197969543147
d4h,96,1,-0.28659668539018757,-0.07038253894774396,11820,14.184652436556307,-2.3666709333190195,12.635593936861154,-0.18730191434965748,0.5333333333333333
d4h,96,2,-0.0703807926565103,-0.0505190110606395,11818,15.88738264192549,-0.6639407279498375,10.221194580466575,-0.06495725355025284,0.5275850397698426
d4h,96,3,-0.050518585956774345,-0.03700510949670729,11810,15.324715716058273,-1.2266076538170534,9.906637273622,-0.1238167523386661,0.5237933954276037
d4h,96,4,-0.03700440436991682,-0.025702995340192925,11811,12.486460511447895,-4.064862858427432,9.712082792415012,-0.4185366769733499,0.5091863517060368
d4h,96,5,-0.025702961986652083,-0.015209945282725153,11802,19.069863442274762,2.5185400723994356,10.002401273142652,0.25179354473229765,0.5126249788171496
d4h,96,6,-0.015209715854698345,-0.004639308534287202,11806,14.396865049968698,-2.154458319906629,9.74917640232946,-0.22098875135666277,0.5041504319837371
d4h,96,7,-0.004638775689692164,0.0066496230787665075,11806,22.90904879110503,6.357725421229702,9.553095832483406,0.6655146700833378,0.5110960528544808
d4h,96,8,0.006650382898125106,0.020217136277401987,11801,20.838522923949753,4.2871995540744265,9.665787911620912,0.4435437227957427,0.506397762901449
d4h,96,9,0.020218314984089363,0.040592244334472276,11798,16.42953740131303,-0.12178596856229618,9.4907568180478,-0.012832060803697521,0.4975419562637735
d4h,96,10,0.04059608077765952,0.24881110580689786,11808,13.994822790098484,-2.556500579776843,9.731277316313507,-0.2627096625322893,0.48467140921409213
