regra,limiar,confirmado,h,lado,n,n_blocos,media_bps,ep_bps,ep_agrupado_bps,t_agrupado,mediana_bps,frac_pos
div,16.0,False,4,ambos,80251.0,5107.0,1.48793944186487,0.5091754518785105,0.8497199102180066,1.7510940063568945,6.411284079201884,0.5334886792687942
div,16.0,False,4,compra,28052.0,4259.0,1.6296448464109652,0.8809841711320968,1.6687043957854886,0.9765928887865503,7.33494486163222,0.5386425210323684
div,16.0,False,4,venda,52199.0,4760.0,1.4117862586941763,0.6234154197036331,1.072682569949979,1.3161267818120792,5.764242642071066,0.530718979290791
div,16.0,False,16,ambos,43031.0,5093.0,3.70982386215693,1.3102587911978345,2.3252481227658697,1.5954529006324345,8.184422773052091,0.5211824033836072
div,16.0,False,16,compra,15977.0,3969.0,4.046515753701899,2.1994246411590104,4.476033613958444,0.9040405195088125,10.777235604750857,0.527320523252175
div,16.0,False,16,venda,27054.0,4563.0,3.5109872261247737,1.6297921670838982,3.16140995658169,1.1105763802683368,6.799218479524027,0.517557477637318
div,16.0,False,32,ambos,27083.0,2556.0,5.384501857636169,2.294381754790656,3.7258956381696025,1.445156381320809,9.850600041327873,0.5180740686039212
div,16.0,False,32,compra,9920.0,2267.0,9.690695551312572,3.857786497284793,7.789882517161297,1.2440104879584177,10.893894222796519,0.5221774193548387
div,16.0,False,32,venda,17163.0,2471.0,2.895575595253725,2.8523274509009258,5.484152263788804,0.5279896428793309,8.780163451227452,0.5157023830332692
div,16.0,False,96,ambos,10899.0,852.0,0.2806713587731541,6.2322956288418725,8.440491469621469,0.033252963975300524,19.12412133824315,0.5183961831360675
div,16.0,False,96,compra,4035.0,830.0,13.194169456886517,9.551780845830674,17.240436766130177,0.765303665786891,26.462820500161577,0.5286245353159851
div,16.0,False,96,venda,6864.0,848.0,-7.310523982993662,8.147838353940752,15.344076716520402,-0.47643948332992175,13.127141601583652,0.5123834498834499
div,16.0,True,4,ambos,39828.0,5049.0,-0.7202727742733654,0.7033660500221752,1.1433525610599853,-0.6299655931199483,3.0980425391158306,0.515516721904188
div,16.0,True,4,compra,14824.0,3614.0,-1.5333705331538463,1.1934997974441584,2.212823877704435,-0.6929473911609052,3.796594876508408,0.5184835402050728
div,16.0,True,4,venda,25004.0,4394.0,-0.23821545633846525,0.8686509941131759,1.3592912761330864,-0.1752497500139491,2.5718529008189606,0.5137577987521996
div,16.0,True,16,ambos,28044.0,5005.0,-0.20221588059222032,1.6253014186841077,2.662739896824187,-0.07594278390968656,5.1021903233939945,0.5118741976893453
div,16.0,True,16,compra,10567.0,3346.0,0.4906851852535188,2.760138418774229,5.259782625131552,0.09329001219727141,7.6493540026056905,0.5206775811488596
div,16.0,True,16,venda,17477.0,4199.0,-0.6211599535333372,2.004203046944271,3.3134001453778423,-0.1874690427595498,3.069203423056166,0.5065514676431881
div,16.0,True,32,ambos,20197.0,2552.0,-1.905234673366845,2.6593427629416877,4.281162171745069,-0.44502744743963796,5.716735899579106,0.510323315343863
div,16.0,True,32,compra,7627.0,2105.0,2.590002780067191,4.5971539879701435,9.217479646646863,0.28098817457214376,10.012537193970772,0.519076963419431
div,16.0,True,32,venda,12570.0,2419.0,-4.6327745347305225,3.2367713626271697,5.499369179591444,-0.842419263635379,3.166695659229113,0.5050119331742243
div,16.0,True,96,ambos,9581.0,852.0,1.77574820305653,6.517747492677056,8.893592388131305,0.19966602083386517,8.91879898582193,0.5078801795219706
div,16.0,True,96,compra,3581.0,818.0,10.978366529181992,10.910740344454299,19.411139406341675,0.5655704335210393,16.416954683586837,0.517173973750349
div,16.0,True,96,venda,6000.0,848.0,-3.716681167919345,8.118787267388251,15.108512003355004,-0.24599915379449788,3.451291809231649,0.5023333333333333
div,32.0,False,4,ambos,52674.0,5019.0,2.5077089538744297,0.6723318901678628,1.1147226891733424,2.2496258291235645,8.443656963168788,0.5413486729695866
div,32.0,False,4,compra,17298.0,3210.0,3.143777773936195,1.2071627771454307,2.2358595784300515,1.4060712060207532,9.067757475720306,0.543877904960111
div,32.0,False,4,venda,35376.0,4194.0,2.1966868357879186,0.8085552710162027,1.312189643396393,1.6740620129436061,8.170388401194106,0.5401119402985075
div,32.0,False,16,ambos,31316.0,4961.0,6.094805057809553,1.571671251444088,2.854203545872857,2.1353785600268647,14.155429647986217,0.5381274747732788
div,32.0,False,16,compra,11308.0,3038.0,10.137132929333772,2.6653191915559327,5.498328305397243,1.8436754530250599,15.593505794275764,0.5440396179695791
div,32.0,False,16,venda,20008.0,4003.0,3.8101867265822507,1.944640302610025,3.508533230928857,1.085977095212957,13.042070042955656,0.5347860855657737
div,32.0,False,32,ambos,22114.0,2551.0,2.8764926149798633,2.5576835457494886,4.611792301042329,0.6237255338514998,11.332014278863657,0.521117843899792
div,32.0,False,32,compra,8045.0,1939.0,7.129964263153855,4.39532013865491,9.212958293362622,0.7739060610195709,10.343936789907193,0.5182100683654444
div,32.0,False,32,venda,14069.0,2275.0,0.4442529810641795,3.1376595907908644,5.888498831552516,0.07544418259603376,12.14329232402056,0.5227805814201436
div,32.0,False,96,ambos,9967.0,852.0,14.04473957567672,6.515965012981193,10.133801829896939,1.385929961077555,27.44512901465157,0.5301494933279823
div,32.0,False,96,compra,3671.0,780.0,36.01360708610055,10.496060650195558,20.13892761658665,1.7882584302274036,36.066259440517,0.5445382729501498
div,32.0,False,96,venda,6296.0,839.0,1.235382423394965,8.300000307793084,16.142836342435995,0.07652821333184269,21.918192472560882,0.5217598475222364
div,32.0,True,4,ambos,25618.0,4713.0,0.5760936676061873,0.9299777868340766,1.481740799404255,0.38879517108377526,5.407617713615309,0.5288859395737372
div,32.0,True,4,compra,9246.0,2514.0,-0.18877468138165482,1.6296975903832684,2.9859276983759933,-0.06322145090262128,6.182794919080692,0.5316893791910016
div,32.0,True,4,venda,16372.0,3627.0,1.0080490032244125,1.1271775644807769,1.6933272763924696,0.5953066588356146,4.807277375655644,0.527302711947227
div,32.0,True,16,ambos,19412.0,4617.0,3.0495153702141717,1.998680288915189,3.374573432127772,0.9036743255254513,10.19732768444026,0.5260148361838038
div,32.0,True,16,compra,7228.0,2402.0,8.479892997549278,3.3988481199036054,6.605981444458941,1.2836689095852916,14.350433006194985,0.5402600996126176
div,32.0,True,16,venda,12184.0,3459.0,-0.1719857370066224,2.4643286663091626,3.9025838110274904,-0.04406971005225925,7.130215701961918,0.517564018384767
div,32.0,True,32,ambos,15407.0,2514.0,1.5565257830379502,3.0729085812779227,5.3090092360213985,0.2931857365168985,8.580394970767458,0.5163886545076913
div,32.0,True,32,compra,5780.0,1684.0,8.527995231368005,5.395454735293203,10.99555174643698,0.7755859303860247,13.061041269422091,0.5257785467128028
div,32.0,True,32,venda,9627.0,2126.0,-2.6291076865109964,3.699797362032967,6.156606732970843,-0.4270384321335938,5.982975893030762,0.5107510127765659
div,32.0,True,96,ambos,8348.0,852.0,21.53764342119413,7.115118769547769,10.45551042179448,2.0599322799486646,27.355095766117277,0.5285098227120268
div,32.0,True,96,compra,3155.0,765.0,40.99841392637914,11.54643315709117,20.675168537600616,1.9829784628753053,46.432800631168725,0.5543581616481775
div,32.0,True,96,venda,5193.0,828.0,9.714279095398108,9.031026916177726,16.57704967754478,0.5860077205750936,14.036844836624596,0.5128056999807433
div,96.0,False,4,ambos,26612.0,4352.0,2.564206330938667,1.0785976650815499,1.5665122827139277,1.6368887491237984,10.710087069787932,0.547985871035623
div,96.0,False,4,compra,7944.0,1808.0,3.9826947842950724,2.0520578346311464,3.520344098979836,1.1313367876308515,11.90691186653492,0.5503524672708963
div,96.0,False,4,venda,18668.0,3275.0,1.9605812895060937,1.2655658288550664,1.6842460314181384,1.164070600692038,10.347157338825852,0.5469787872294836
div,96.0,False,16,ambos,16812.0,4195.0,5.114788259424852,2.232612714019841,3.7551299301333017,1.3620802354615955,20.25203853357027,0.5502617178206043
div,96.0,False,16,compra,5658.0,1735.0,8.504250349510299,3.9536265288313643,7.739979467720894,1.0987432699242614,20.315391927896442,0.5514316012725344
div,96.0,False,16,venda,11154.0,3102.0,3.3954430464336856,2.7022012089978227,4.194993937950129,0.8094035645002287,20.222536507346067,0.5496682804375113
div,96.0,False,32,ambos,13152.0,2404.0,0.46372630889866956,3.399209063143599,5.793549894879042,0.08004182535970915,20.28975070403921,0.5369525547445255
div,96.0,False,32,compra,4631.0,1215.0,3.024641523606347,5.770141041337421,11.896744240729461,0.25424111524993903,20.74037843785348,0.538112718635284
div,96.0,False,32,venda,8521.0,1878.0,-0.9280819717387272,4.206443697075718,6.639740025499215,-0.13977685393923966,19.90659871825784,0.536322027930994
div,96.0,False,96,ambos,7592.0,851.0,13.79543643916465,7.7355526438553674,13.781202163338477,1.0010328762075662,42.66639372407788,0.5383298208640674
div,96.0,False,96,compra,2756.0,621.0,27.4094250062216,12.397275766375955,26.434663607021026,1.0368743636647482,51.170948565892886,0.5515239477503628
div,96.0,False,96,venda,4836.0,769.0,6.036926825680592,9.876493487518486,18.22383624092948,0.33126542325496044,40.42083884308268,0.5308105872622002
div,96.0,True,4,ambos,12519.0,3592.0,0.988564843087894,1.4719668906387549,2.152423724526151,0.45927984895516955,7.577910753839845,0.5387810527997444
div,96.0,True,4,compra,4266.0,1344.0,0.6743195327030336,2.6266938742106904,4.635605802760893,0.14546524475860728,10.143789126214052,0.5450070323488045
div,96.0,True,4,venda,8253.0,2570.0,1.1509991692846488,1.7727000599617826,2.253012507279317,0.5108711849427625,6.660746249811389,0.5355628256391615
div,96.0,True,16,ambos,9950.0,3481.0,1.4399685228239087,2.9290438350417745,4.519878432038035,0.3185856753617641,15.901057301492827,0.5417085427135678
div,96.0,True,16,compra,3546.0,1311.0,3.243510077494889,4.9155797323465364,9.243135647489481,0.3509101457767587,19.959815151888716,0.5561195713479977
div,96.0,True,16,venda,6404.0,2465.0,0.4413179368052812,3.647461183848038,4.9292968569343065,0.0895295920724384,14.224391910595546,0.5337289194253592
div,96.0,True,32,ambos,8533.0,2198.0,-8.425762816386301,4.196636296036178,7.132846875966839,-1.1812622593617939,13.516559841151299,0.5250205086136177
div,96.0,True,32,compra,3131.0,996.0,-9.385006366206236,7.378094577705387,15.151993228347607,-0.619390876485345,16.69859432275267,0.5330565314595975
div,96.0,True,32,venda,5402.0,1619.0,-7.869785112853126,5.06575751540663,7.479164087743441,-1.0522278988035334,11.323637117959251,0.5203628285820067
div,96.0,True,96,ambos,5750.0,840.0,13.99675016587873,8.907748808480298,14.914279203061984,0.9384798269704593,45.96748850197119,0.5398260869565218
div,96.0,True,96,compra,2163.0,573.0,38.60002935975009,14.154487670602975,27.766992766655402,1.3901407935721355,61.85922379038811,0.5640314378178456
div,96.0,True,96,venda,3587.0,722.0,-0.8392946895279506,11.441859577347863,19.517943944391714,-0.04300118352215647,33.07183818625603,0.525229997212155
abs,1.5,False,4,ambos,31498.0,4727.0,-0.24669892688029005,0.5768442676790225,0.6624541110245201,-0.3724015335926547,1.408550011992027,0.5073020509238682
abs,1.5,False,4,compra,16140.0,4148.0,-1.3341262068608573,0.7778984048788868,1.0011268034591072,-1.332624600850927,1.9406514030251287,0.512453531598513
abs,1.5,False,4,venda,15358.0,4140.0,0.8960980713542689,0.8550975875211126,1.1401775829414489,0.7859285121555366,0.6965729032026857,0.5018882667013934
abs,1.5,False,16,ambos,21045.0,4678.0,-1.1007521049657887,1.4593902872481663,1.7088451229799133,-0.6441497185223424,0.5743690427095771,0.500784034212402
abs,1.5,False,16,compra,10681.0,3946.0,-3.0515589475468485,1.8742276949350967,2.644612348386335,-1.1538775992666073,1.6643088995671462,0.5041662765658647
abs,1.5,False,16,venda,10364.0,3881.0,0.9097233760848007,2.24735370974604,3.253159359282491,0.279643040999211,0.0,0.4972983404091085
abs,1.5,False,32,ambos,15383.0,2436.0,-3.5535014291741995,2.4562097732882804,2.898606801142391,-1.2259342756574307,-1.9994001866052713,0.49463693687837224
abs,1.5,False,32,compra,7724.0,2198.0,-3.9395366734581123,3.275558104180002,5.035179075653858,-0.7824024953763005,-0.3347808136333619,0.49754013464526153
abs,1.5,False,32,venda,7659.0,2235.0,-3.164190001200716,3.664215962201803,5.845275619253187,-0.5413243459005589,-3.00086640168562,0.4917091004047526
abs,1.5,False,96,ambos,7818.0,822.0,-4.41332055308671,6.517164889286948,8.077619961624809,-0.5463639752864745,-8.244004563515706,0.49066257354822207
abs,1.5,False,96,compra,3949.0,796.0,-7.770679892979174,8.870747392806502,15.383222931826607,-0.5051399129698813,-8.535936430780211,0.4887313243859205
abs,1.5,False,96,venda,3869.0,803.0,-0.9865404979729001,9.563632120195042,16.843274349927132,-0.058571776334995586,-7.709704329252887,0.4926337554923753
abs,1.5,True,4,ambos,19060.0,4480.0,-1.3340392847517617,0.7455993126525869,0.8473586922550563,-1.5743501505855961,0.0,0.4952256033578174
abs,1.5,True,4,compra,9839.0,3606.0,-3.0282192043825122,1.0072363936347775,1.1744283360712326,-2.5784623134287536,0.0,0.4957820916759833
abs,1.5,True,4,venda,9221.0,3594.0,0.4736861495012424,1.1043416786013278,1.4337472884709255,0.3303832923069888,0.0,0.49463181867476413
abs,1.5,True,16,ambos,14459.0,4395.0,-0.8262221676513762,1.731615421995755,1.9674390431837783,-0.4199480388039646,0.0,0.4973372985683657
abs,1.5,True,16,compra,7357.0,3394.0,-4.938199540267267,2.2348138078611566,2.9110736012358114,-1.696349943941953,-0.5402922982611358,0.495990213402202
abs,1.5,True,16,venda,7102.0,3380.0,3.4333973100077495,2.6579769451196325,3.6013152111505886,0.9533731730499673,0.0,0.4987327513376514
abs,1.5,True,32,ambos,11413.0,2388.0,-2.2716126968440213,2.837630347855249,3.3647329485472666,-0.6751242168638664,-3.069838857570062,0.4917199684570227
abs,1.5,True,32,compra,5731.0,2059.0,-3.2704378611399303,3.736765630906135,5.339239610860363,-0.6125287680454807,-2.5493945326093836,0.4936311289478276
abs,1.5,True,32,venda,5682.0,2060.0,-1.2641739399661884,4.275996488919935,6.611922547976412,-0.19119612046167883,-3.7985263333961683,0.48979232664554734
abs,1.5,True,96,ambos,6566.0,820.0,0.8427302546972196,6.926927854095839,8.730439726624892,0.09652781315552492,-3.993753105299147,0.4955833079500457
abs,1.5,True,96,compra,3313.0,788.0,-7.135280515409868,9.261478325204669,14.61347710470243,-0.48826712932775096,-11.36579019872297,0.4841533353456082
abs,1.5,True,96,venda,3253.0,790.0,8.96789154623265,10.320221358778891,18.414839263884826,0.4869926594374611,6.568144735306092,0.507224100830003
abs,2.0,False,4,ambos,12175.0,3846.0,0.906123657719456,0.9122630614192165,0.9571363019353928,0.9467028425180554,1.6936235115427856,0.5098151950718686
abs,2.0,False,4,compra,6233.0,2867.0,0.23514146912741624,1.2225790409298347,1.4034894908211537,0.16754059839082916,2.9208166811001135,0.5169260388256056
abs,2.0,False,4,venda,5942.0,2795.0,1.609966131885425,1.359911307334912,1.621115291825431,0.9931225373073548,0.734419215187021,0.5023561090541905
abs,2.0,False,16,ambos,9532.0,3734.0,-0.4646155241100089,2.0965232342906908,2.2986224005105798,-0.20212781534140037,1.2098306645169643,0.5018883759966429
abs,2.0,False,16,compra,4845.0,2679.0,-3.115812960205413,2.6496758395984794,3.343606049123418,-0.9318720311031484,3.0085744598418174,0.5108359133126935
abs,2.0,False,16,venda,4687.0,2601.0,2.275954473304591,3.267411270329448,4.042766280177381,0.5629695895268848,-1.325117606123527,0.49263921484958395
abs,2.0,False,32,ambos,7825.0,2207.0,-5.243294071208583,3.289032395430277,3.6865534872957526,-1.4222753282374772,-2.898634763330854,0.48996805111821085
abs,2.0,False,32,compra,3948.0,1738.0,-4.590041535934048,4.308014754599481,5.74896780471614,-0.7984114178146253,-2.278471160028772,0.4926545086119554
abs,2.0,False,32,venda,3877.0,1751.0,-5.908509704240275,4.982715075061292,6.84851203520666,-0.8627435673422132,-3.6556388635933246,0.48723239618261543
abs,2.0,False,96,ambos,4957.0,815.0,0.7597211255234437,7.934354115637372,9.415944290476379,0.08068453912709028,-3.5580857873984684,0.49425055477103086
abs,2.0,False,96,compra,2473.0,751.0,-15.483487520800702,10.367186275446306,15.464284654081858,-1.0012417559006699,-15.310031058906048,0.47917509098261224
abs,2.0,False,96,venda,2484.0,758.0,16.930999298776108,12.000529432697672,18.596975213203454,0.9104168341717992,8.681898006648314,0.5092592592592593
abs,2.0,True,4,ambos,7014.0,3172.0,-1.5659475912789662,1.2323364762391211,1.3186354628563626,-1.187551552638277,0.0,0.49543769603649845
abs,2.0,True,4,compra,3669.0,2141.0,-3.2895323866569335,1.6442004211834682,1.76727977734208,-1.8613534929960338,0.0,0.49931861542654676
abs,2.0,True,4,venda,3345.0,2064.0,0.32458532777686777,1.8503253158286725,2.2185308021245307,0.14630643282754302,-0.42584738797479815,0.49118086696562036
abs,2.0,True,16,ambos,5974.0,3070.0,-0.9897361683956957,2.7411222473944736,2.9942937316931837,-0.3305407742466299,0.0,0.4989956478071644
abs,2.0,True,16,compra,3073.0,2017.0,-3.9269892759797163,3.3306775130172444,3.892983128601878,-1.0087352413957291,2.77443819406642,0.5089489098600716
abs,2.0,True,16,venda,2901.0,1946.0,2.1216663823129216,4.4061813436419035,5.233357401603064,0.4054120939003745,-1.7721070399057126,0.4884522578421234
abs,2.0,True,32,ambos,5209.0,1990.0,-2.549294682095684,4.037907556092055,4.599000049901271,-0.5543149933539164,-2.286846829342437,0.49376079861777694
abs,2.0,True,32,compra,2664.0,1456.0,-5.062485887404339,5.054042692318341,6.161608808193388,-0.8216175425925301,-4.456615109715845,0.4894894894894895
abs,2.0,True,32,venda,2545.0,1423.0,0.08140919646708937,6.350114748213729,8.487541000963065,0.00959161157016526,0.0,0.49823182711198427
abs,2.0,True,96,ambos,3642.0,798.0,-0.6121509952580245,9.276180209722705,10.389146319392006,-0.05892216515570731,0.0,0.49917627677100496
abs,2.0,True,96,compra,1865.0,688.0,-19.33478577401908,11.420659173281067,15.497421586779925,-1.247613073294245,-11.06704899455302,0.48471849865951744
abs,2.0,True,96,venda,1777.0,693.0,19.037659844578414,14.746257778725207,20.514588686426965,0.9280059247385384,11.518732605886317,0.5143500281373101
abs,2.5,False,4,ambos,4423.0,2321.0,1.252654990091748,1.5312686287596402,1.511918961176196,0.8285199288176439,0.7348348461988508,0.5019217725525661
abs,2.5,False,4,compra,2264.0,1477.0,0.3680104068049792,2.0369413829324774,2.184560006777727,0.16845973819130858,2.246568392784143,0.5110424028268551
abs,2.5,False,4,venda,2159.0,1426.0,2.1803230477857016,2.297772938001387,2.311949564439361,0.9430668736557936,0.0,0.49235757295044
abs,2.5,False,16,ambos,3755.0,2239.0,-0.3097432990464293,3.2595210688788407,3.443436131021309,-0.08995180606255668,2.1436955825215875,0.5067909454061251
abs,2.5,False,16,compra,1911.0,1377.0,1.5843037853066104,4.222091439311027,4.642160753430286,0.3412858514509439,3.54337687520051,0.5143903715332286
abs,2.5,False,16,venda,1844.0,1337.0,-2.2726087969849615,4.991871011317029,5.640000387573678,-0.4029447944705967,0.0,0.49891540130151846
abs,2.5,False,32,ambos,3354.0,1610.0,-3.9713857519254487,4.978903361515746,5.299181351515031,-0.7494338254323063,-2.41906293502292,0.4907573047107931
abs,2.5,False,32,compra,1686.0,1068.0,-1.5136832747551416,6.329907768400894,7.30777358647058,-0.2071333022081493,-2.5126400291597406,0.4887307236061684
abs,2.5,False,32,venda,1668.0,1060.0,-6.455610198273853,7.701706250669747,9.105551686637686,-0.7089751857372247,-2.1773393416391063,0.49280575539568344
abs,2.5,False,96,ambos,2482.0,742.0,-7.310422215477788,11.222739109206401,11.850682171934865,-0.6168777551718115,8.055286785684789,0.5100725221595488
abs,2.5,False,96,compra,1238.0,566.0,-18.782437893271638,13.632231419780094,17.23692083583833,-1.0896631754680877,-2.241270489334868,0.49353796445880455
abs,2.5,False,96,venda,1244.0,603.0,4.106262196989087,17.813331873359772,22.44858994220487,0.18291849098588756,17.120712948480165,0.5265273311897106
abs,2.5,True,4,ambos,2466.0,1638.0,-0.0032866374277608456,2.145376661249888,2.1817644859576064,-0.0015064125614448688,0.0,0.49391727493917276
abs,2.5,True,4,compra,1291.0,971.0,-1.6501375402942509,2.912136151019544,3.1109129009325405,-0.5304351464805069,0.0,0.4918667699457785
abs,2.5,True,4,venda,1175.0,909.0,1.8061469928706553,3.1683213646773307,3.2684946578428264,0.5525929156826874,0.0,0.49617021276595746
abs,2.5,True,16,ambos,2193.0,1591.0,-2.494489486149493,4.346931379038047,4.602795047415858,-0.5419510233352604,-2.2686025505658236,0.4911080711354309
abs,2.5,True,16,compra,1121.0,917.0,-3.6917271549690143,5.7735518558564225,6.237861714690329,-0.5918257447539915,-2.9598934654462283,0.4897413024085638
abs,2.5,True,16,venda,1072.0,872.0,-1.2425273343335574,6.5314692526099885,7.231095024818925,-0.17183114453189913,-1.1963586110668585,0.4925373134328358
abs,2.5,True,32,ambos,2028.0,1240.0,-7.21058986902072,6.609629732304386,6.925161807833431,-1.0412160855020636,-2.8260137287272613,0.4921104536489152
abs,2.5,True,32,compra,1029.0,780.0,-9.608574482452713,8.178593446601122,9.005302899168601,-1.0669907042593545,-7.630444325616992,0.4849368318756074
abs,2.5,True,32,venda,999.0,732.0,-4.740593705635818,10.44730823002788,11.930979400038554,-0.3973348328487181,0.0,0.4994994994994995
abs,2.5,True,96,ambos,1635.0,664.0,-28.112058554198153,14.68857105998707,15.524863515937712,-1.810776534385537,-10.967318493477762,0.490519877675841
abs,2.5,True,96,compra,833.0,476.0,-50.31948913262077,17.37016620079047,21.18088609329571,-2.3757027402431556,-32.02899270609905,0.45138055222088835
abs,2.5,True,96,venda,802.0,473.0,-5.046236020749242,23.88409897631586,27.958528657337272,-0.18049004232649193,18.81478105018264,0.5311720698254364
clim,0.98,False,4,ambos,8079.0,2201.0,13.624028447966156,3.3191572070597144,4.840459654675956,2.814614606859731,17.23581165676613,0.5493254115608367
clim,0.98,False,4,compra,3793.0,1199.0,29.929875409298344,4.820540381893975,9.283565253778052,3.2239634872085423,25.05038613244068,0.5707882942262061
clim,0.98,False,4,venda,4286.0,1730.0,-0.8062276239734113,4.565767365497213,5.526490912589401,-0.14588418523168414,9.99311920068191,0.5303313112459169
clim,0.98,False,16,ambos,5007.0,2055.0,26.34079845810396,6.078239104556421,9.248791741098138,2.84802590386541,27.802781831312018,0.5476333133612942
clim,0.98,False,16,compra,2330.0,833.0,55.84115035323832,8.455406928010433,15.2483873527279,3.662102034891478,35.124647660499384,0.5660944206008584
clim,0.98,False,16,venda,2677.0,1530.0,0.6643621803067732,8.6359976809871,12.247995354745706,0.05424252386325033,21.042231648342735,0.5315651849084796
clim,0.98,False,32,ambos,4115.0,1392.0,9.193946458965899,8.493899711121273,12.670290517453742,0.7256302802450295,14.510918712735688,0.5246658566221142
clim,0.98,False,32,compra,1922.0,633.0,39.49041930613538,12.07497826903425,21.69610251027699,1.8201619063806318,33.88224118239691,0.5520291363163371
clim,0.98,False,32,venda,2193.0,1074.0,-17.358639410737585,11.891252939023685,16.06745967280889,-1.080359917760601,0.7472602030667019,0.5006839945280438
clim,0.98,False,96,ambos,2809.0,682.0,-15.473711134269909,17.099567265659708,26.14179596685231,-0.5919146164972946,18.253731870983003,0.512993948024208
clim,0.98,False,96,compra,1292.0,383.0,50.019907273194235,22.756400831197627,46.467862359392804,1.0764408934142295,42.5133859050697,0.5340557275541795
clim,0.98,False,96,venda,1517.0,567.0,-71.25337822882737,24.955891163076068,34.798528468606136,-2.047597452090808,-6.655097234560259,0.4950560316413975
clim,0.98,True,4,ambos,5218.0,1893.0,15.31215417519478,3.993814860127774,6.900340663074367,2.2190432216099643,14.187444401566607,0.544269835185895
clim,0.98,True,4,compra,2437.0,834.0,21.192209451037147,6.355920880239118,12.795290233549373,1.6562507816720695,19.838676941406064,0.5613459171112023
clim,0.98,True,4,venda,2781.0,1443.0,10.159441227611946,5.012284877656472,6.78290112460811,1.4978017578280591,9.553868442040425,0.5293060050341604
clim,0.98,True,16,ambos,3920.0,1750.0,19.30380581141429,6.688204144158995,10.245382322075795,1.884146945870458,17.244409184389298,0.5280612244897959
clim,0.98,True,16,compra,1829.0,682.0,38.87694578388465,8.773447451620195,15.31454324314401,2.538563845270999,23.531939407543945,0.5418261344997266
clim,0.98,True,16,venda,2091.0,1280.0,2.183158747976555,9.902379782248673,14.692531570013452,0.14858969249603296,11.141170852129179,0.5160210425633668
clim,0.98,True,32,ambos,3354.0,1263.0,-6.2748515791159445,9.33093613660774,14.067493520358225,-0.44605327665764277,1.5445935433226754,0.5008944543828264
clim,0.98,True,32,compra,1566.0,553.0,14.627615096300305,13.224604870411538,23.62933177695702,0.6190448055989862,9.532199525701945,0.5185185185185185
clim,0.98,True,32,venda,1788.0,949.0,-24.58204554651072,13.11100689865791,18.301131732395156,-1.3431981096009276,-9.652085041421833,0.4854586129753915
clim,0.98,True,96,ambos,2389.0,646.0,-27.27961385713473,18.438725328276824,27.431604142777076,-0.9944593001250944,19.53507165493029,0.513604018417748
clim,0.98,True,96,compra,1110.0,346.0,42.81865201302678,24.405360458910966,48.152773750886944,0.8892250368492653,36.90886653801684,0.5333333333333333
clim,0.98,True,96,venda,1279.0,530.0,-88.11548181325614,27.052206905130088,36.39303661723523,-2.4212181780820643,-2.348244697882862,0.49648162627052383
clim,0.99,False,4,ambos,4731.0,1617.0,13.794788451613648,5.142565324151843,6.941346341520934,1.9873361409871735,18.744147943503542,0.5459733671528219
clim,0.99,False,4,compra,2121.0,773.0,34.510103002114725,7.912730700432895,14.148557034148226,2.4391252704302584,26.482287067342014,0.5681282413955682
clim,0.99,False,4,venda,2610.0,1271.0,-3.039380958965961,6.732115741190656,7.671872678252359,-0.3961719760524398,10.836445962798535,0.5279693486590038
clim,0.99,False,16,ambos,3094.0,1483.0,38.83505882847549,8.962599829450761,13.185477057846242,2.9452903871510685,27.939463367014916,0.5462184873949579
clim,0.99,False,16,compra,1354.0,533.0,75.69874859917091,11.473129170897613,21.022830773178107,3.600787611140877,46.766935251150166,0.5753323485967504
clim,0.99,False,16,venda,1740.0,1125.0,10.149176098865361,13.163350033005882,18.131933659481955,0.5597404165196649,17.186747302820326,0.5235632183908046
clim,0.99,False,32,ambos,2616.0,1077.0,8.918233348326487,11.790536641994764,17.454024404551745,0.5109557052069176,19.703065877938464,0.5252293577981652
clim,0.99,False,32,compra,1161.0,409.0,44.21155882669671,17.098623255523595,29.643264984752864,1.4914537534727401,40.67681113285815,0.549526270456503
clim,0.99,False,32,venda,1455.0,834.0,-19.24365729111531,16.19180452874994,21.589421731352434,-0.8913465830893202,5.860119128116015,0.5058419243986254
clim,0.99,False,96,ambos,1909.0,581.0,-5.167260218776371,22.138155627670827,33.18941966206149,-0.1556899840789629,35.44652654834613,0.5285489785227868
clim,0.99,False,96,compra,842.0,284.0,95.46906033376072,27.67391998962774,55.68445449640402,1.7144652164981862,75.1631917435358,0.5700712589073634
clim,0.99,False,96,venda,1067.0,471.0,-84.58223857419928,32.85176957068816,43.884546335257646,-1.9273809492760865,-5.9224165189775135,0.4957825679475164
clim,0.99,True,4,ambos,3129.0,1359.0,14.975432463155261,6.003235786107037,9.66588427403635,1.5493080652104385,12.763243596047857,0.5353147970597635
clim,0.99,True,4,compra,1375.0,525.0,16.94798422804977,10.505466692127667,19.06689337703992,0.8888697226606558,16.6182007500959,0.5461818181818182
clim,0.99,True,4,venda,1754.0,1057.0,13.429104825338875,6.848546005702428,9.21450663688173,1.4573872866495001,9.05919902776775,0.5267958950969214
clim,0.99,True,16,ambos,2448.0,1263.0,30.020494703259274,9.24290404592642,14.189315446088969,2.1157112770746025,18.601685084060904,0.5294117647058824
clim,0.99,True,16,compra,1056.0,422.0,49.26211556182808,11.95759284010935,20.90351067009782,2.3566431657959184,24.441062965179228,0.5388257575757576
clim,0.99,True,16,venda,1392.0,959.0,15.423403017448452,13.478682570208191,20.614070739247,0.7481978311097929,15.57303407323074,0.5222701149425287
clim,0.99,True,32,ambos,2137.0,959.0,-20.762589472948807,12.356355914053335,19.52658496044353,-1.063298549900515,-2.0331401920170578,0.4955545156761816
clim,0.99,True,32,compra,918.0,348.0,-16.582000412273526,18.19479152959806,33.42494884828157,-0.4960965082561684,-0.6377754401354352,0.49782135076252726
clim,0.99,True,32,venda,1219.0,734.0,-23.91089198131625,16.783232280458964,24.252334188066254,-0.9859212641512248,-4.008176734089375,0.4938474159146842
clim,0.99,True,96,ambos,1614.0,546.0,-39.07260258155236,23.576852019596696,33.88284995100928,-1.1531675357311109,17.38475654221805,0.5111524163568774
clim,0.99,True,96,compra,692.0,239.0,42.280247185914234,29.024255280220636,57.23694157087827,0.7386880924368976,38.88496129284435,0.5404624277456648
clim,0.99,True,96,venda,922.0,444.0,-100.13135750464008,34.93399563497584,45.32384336531242,-2.2092424223068723,-10.542181399900151,0.4891540130151844
clim,0.995,False,4,ambos,2846.0,1159.0,20.702193543705754,7.560977604329765,9.96715630111226,2.077041125701575,16.592122078724625,0.5354884047786367
clim,0.995,False,4,compra,1213.0,499.0,45.885091766340864,12.377242850113863,21.99534950424922,2.086126967770003,23.8777572856419,0.5539983511953833
clim,0.995,False,4,venda,1633.0,907.0,1.9962195424464821,9.416705084191289,9.816507126447343,0.20335334317318698,8.68055610063756,0.5217391304347826
clim,0.995,False,16,ambos,1958.0,1046.0,54.775311361363904,11.804398481276191,18.13750185977157,3.020003073458197,38.614118571131954,0.5643513789581205
clim,0.995,False,16,compra,830.0,349.0,102.36598483724505,16.410568165746444,30.095198118331012,3.401405913154426,52.757531691924875,0.5891566265060241
clim,0.995,False,16,venda,1128.0,796.0,19.757351268295334,16.48268750476018,23.89495594748438,0.8268419206010444,25.044832789732908,0.5460992907801419
clim,0.995,False,32,ambos,1735.0,817.0,24.601351287179206,15.222658936113145,21.921936123054504,1.1222252974866969,24.45819593244636,0.5285302593659942
clim,0.995,False,32,compra,723.0,276.0,64.92994779965542,23.206255179518333,39.14040312525719,1.658898289623295,33.21594140738071,0.5380359612724758
clim,0.995,False,32,venda,1012.0,635.0,-4.210481991991036,20.11623111371012,26.546470095113403,-0.15860797977679483,19.822550377682767,0.5217391304347826
clim,0.995,False,96,ambos,1333.0,495.0,3.901503559393658,28.322622754811274,41.422720663449496,0.09418752551510359,57.74853631406174,0.5371342835708928
clim,0.995,False,96,compra,539.0,190.0,139.26221870774538,34.75048026016228,71.41783507613613,1.949964158942688,97.26129865855526,0.5899814471243042
clim,0.995,False,96,venda,794.0,397.0,-87.98694161058316,40.982762858889764,52.29398436202667,-1.6825442292072694,3.067581079960746,0.5012594458438288
clim,0.995,True,4,ambos,1883.0,942.0,21.04669465971049,8.411595862842965,13.914724433655767,1.5125484345780151,15.157701263944501,0.5432819968135953
clim,0.995,True,4,compra,773.0,326.0,26.33209575164925,15.537807866887277,29.672343478607807,0.8874289208276824,17.208746287797894,0.5485122897800776
clim,0.995,True,4,venda,1110.0,740.0,17.36596038577476,9.307244381562302,11.605308318519914,1.4963807862012521,13.666280117047847,0.5396396396396397
clim,0.995,True,16,ambos,1545.0,881.0,32.477541368746216,12.69821098830479,19.639596042710608,1.653676648853504,25.688257885878585,0.5372168284789643
clim,0.995,True,16,compra,639.0,269.0,61.955750066543985,16.977362702955116,29.97214728279894,2.067110823991596,31.97209580848792,0.5414710485133021
clim,0.995,True,16,venda,906.0,674.0,11.686619340166981,18.01811347418396,26.85203841372746,0.43522279985241186,20.574601473798417,0.5342163355408388
clim,0.995,True,32,ambos,1399.0,712.0,-10.290690608096453,16.462895365077678,24.52544085626844,-0.4195924822882955,7.46800672883019,0.5060757684060043
clim,0.995,True,32,compra,576.0,226.0,7.611955184674544,24.623657781504075,42.30565183784936,0.1799276185094588,6.752999663840464,0.5052083333333334
clim,0.995,True,32,venda,823.0,550.0,-22.82036737193132,22.050924884293643,30.04441272905886,-0.7595544495319602,7.46800672883019,0.5066828675577156
clim,0.995,True,96,ambos,1124.0,456.0,-11.356555879405962,30.029433839356884,42.63640891205121,-0.26635817061497463,44.7413089098303,0.5302491103202847
clim,0.995,True,96,compra,456.0,164.0,85.70610872788045,35.44034423644875,68.74544393668637,1.2467169287147906,73.45750208669787,0.5635964912280702
clim,0.995,True,96,venda,668.0,361.0,-77.61490177899068,44.19933350014143,58.2783987521899,-1.331795372570599,17.299377339197175,0.5074850299401198
des4h,1.5,False,4,ambos,52407.0,4834.0,1.4239607980294942,0.5700676782779756,0.8874790623034551,1.6045007240324056,6.275494401117854,0.5370847405880894
des4h,1.5,False,4,compra,28346.0,3989.0,2.3756065630607024,0.7856815299590776,1.2722587844243667,1.8672353393382506,7.400751171484643,0.5443448811119734
des4h,1.5,False,4,venda,24061.0,3870.0,0.30283736776580483,0.8275911677359307,1.2944060762445169,0.23395854927105428,4.934616433711625,0.5285316487261543
des4h,1.5,False,16,ambos,23374.0,4763.0,-0.2259333892318042,1.55195137052586,2.484576156971172,-0.09093437872607969,7.257622735952207,0.5216052023615984
des4h,1.5,False,16,compra,12247.0,3701.0,1.3652406586501118,2.0477545204520626,3.7397860470601842,0.36505849304489396,9.564098577117264,0.5304156119866089
des4h,1.5,False,16,venda,11127.0,3596.0,-1.9772687504621291,2.3554922822189246,3.77411633637811,-0.5239024381425523,4.797313596438535,0.5119079716006111
des4h,1.5,False,32,ambos,16914.0,2448.0,-2.137586075606709,2.5161777939935495,3.946974083855388,-0.541575908580257,6.338369959070847,0.5121201371644791
des4h,1.5,False,32,compra,8835.0,2149.0,-0.6289453570577682,3.3816332000169744,6.259368170497613,-0.10048064595755642,7.217216110522173,0.5130730050933786
des4h,1.5,False,32,venda,8079.0,2118.0,-3.7873992639196064,3.7516766166877504,6.3110538195171415,-0.6001215283899101,5.615273691592648,0.5110781037257086
des4h,1.5,False,96,ambos,8376.0,822.0,-3.553014402593616,6.44107281843208,9.773217670108338,-0.3635460216404072,-5.651610939154672,0.49343361986628465
des4h,1.5,False,96,compra,4331.0,795.0,2.0334934024345523,8.744672243651461,16.165513232933552,0.12579207187135713,-9.246759669814253,0.489725236665897
des4h,1.5,False,96,venda,4045.0,799.0,-9.534513859596581,9.498928971183576,18.49124930939516,-0.5156230225478718,-2.0567962839734832,0.49740420271940666
des4h,1.5,True,4,ambos,33365.0,4710.0,-0.220337595009181,0.6798100817825781,1.1304821362018977,-0.19490586180287056,3.6522892890822334,0.5205454817922973
des4h,1.5,True,4,compra,18458.0,3641.0,-0.1934403032172109,0.8896238456166848,1.683643421686122,-0.11489386691125239,4.610977203545197,0.5290930761729331
des4h,1.5,True,4,venda,14907.0,3464.0,-0.2536420970482354,1.0496738404492647,1.5233107794018956,-0.16650712413905722,2.1439674199097425,0.509961762930167
des4h,1.5,True,16,ambos,17360.0,4586.0,-2.238026960236862,1.7788111783503473,2.705445135103349,-0.8272305844233535,4.406750319967401,0.5129608294930875
des4h,1.5,True,16,compra,9365.0,3358.0,-0.20367182452508614,2.3618167713091998,4.089186731937159,-0.049807415967184576,7.706482601177456,0.5238654564869194
des4h,1.5,True,16,venda,7995.0,3184.0,-4.620983288684739,2.695228297131848,3.9216088668069715,-1.1783386476395867,0.5291145269614717,0.500187617260788
des4h,1.5,True,32,ambos,13387.0,2426.0,-5.223717076927767,2.7727466644281034,4.1941253774429335,-1.2454842444678067,1.3031330146695552,0.50183013371181
des4h,1.5,True,32,compra,7200.0,2033.0,-2.539231098883244,3.6678452288287944,6.351455961557724,-0.39978724787701836,4.1592623626796055,0.5081944444444444
des4h,1.5,True,32,venda,6187.0,1988.0,-8.347735024547054,4.215970061527043,6.7715760043166915,-1.2327610321770892,-1.5919764421079563,0.4944237918215613
des4h,1.5,True,96,ambos,7343.0,822.0,-5.034492071916968,6.826813025780698,10.329858968185754,-0.4873727789916944,-8.807281281164592,0.4912161241999183
des4h,1.5,True,96,compra,3889.0,777.0,0.382031913182494,8.995892321639595,15.849380012687476,0.02410390266853822,-8.893178383457823,0.4919002314219594
des4h,1.5,True,96,venda,3454.0,785.0,-11.133178168631453,10.39490229629797,20.147177441181512,-0.552592451281779,-8.608138981003322,0.49044585987261147
des4h,2.0,False,4,ambos,21708.0,4163.0,1.8066336908948888,0.9335263642368704,1.2166307687909368,1.4849482170258483,6.532674503798019,0.5382808181315644
des4h,2.0,False,4,compra,12355.0,2838.0,2.71700157929912,1.2891374514564191,1.7152835601666254,1.5839955809027786,7.5321464797362125,0.5435046539862404
des4h,2.0,False,4,venda,9353.0,2630.0,0.6040681759548394,1.3396126712773548,1.7398640266105574,0.3471927499596789,5.5560701494128395,0.5313803057842403
des4h,2.0,False,16,ambos,10941.0,3940.0,1.1711671722807027,2.2120546840904822,3.1717452218064444,0.3692500785462437,9.76909491546607,0.5296590805228041
des4h,2.0,False,16,compra,6062.0,2576.0,4.414923364159546,2.875873653445569,4.568681616597794,0.966345159207494,12.218366697443889,0.5372814252721874
des4h,2.0,False,16,venda,4879.0,2374.0,-2.8590951837696266,3.4401792319015447,4.643241605647915,-0.6157541275241633,7.0832282243049605,0.5201885632301702
des4h,2.0,False,32,ambos,9032.0,2290.0,-1.7819750620123078,3.3431527458028008,4.927228858031313,-0.36165867536428997,6.261528897379964,0.5146147032772365
des4h,2.0,False,32,compra,4976.0,1712.0,-2.779103899039957,4.418397771605456,7.494643985097269,-0.37081199648256385,5.827951303942758,0.5138665594855305
des4h,2.0,False,32,venda,4056.0,1655.0,-0.5586730173748372,5.103421878534842,7.346360497193341,-0.07604759085648967,8.315051972577203,0.5155325443786982
des4h,2.0,False,96,ambos,5624.0,819.0,-5.137516636909693,7.4525632334398795,10.845060098006176,-0.4737195175021857,-5.452635891962654,0.4937766714082504
des4h,2.0,False,96,compra,3034.0,737.0,-11.519432355697377,9.785680041073027,16.67700226716592,-0.6907375900749927,-13.922342834733481,0.4871456822676335
des4h,2.0,False,96,venda,2590.0,735.0,2.3384417765273167,11.422856698921452,19.913879486226687,0.11742773567273447,3.528295718517871,0.5015444015444015
des4h,2.0,True,4,ambos,13078.0,3630.0,-1.0628705434558798,1.052899832455069,1.5427745853683419,-0.6889344389881277,3.684693241099435,0.5201101085792935
des4h,2.0,True,4,compra,7615.0,2357.0,-0.8785233307923802,1.3765531891892466,2.1783063581104716,-0.4033056817381912,4.311738775437668,0.5255416940249508
des4h,2.0,True,4,venda,5463.0,2081.0,-1.319836317651843,1.6345843051614752,2.131351627998668,-0.6192485089338191,2.8442759139402085,0.5125388980413692
des4h,2.0,True,16,ambos,7524.0,3375.0,-2.871827412214989,2.632079284916142,3.8378310474278163,-0.7482943820936931,4.770760237640115,0.5118288144603934
des4h,2.0,True,16,compra,4289.0,2130.0,-0.5547387500180758,3.4987240374531323,5.723452686784386,-0.09692379414596775,6.172628020824078,0.5159710888318956
des4h,2.0,True,16,venda,3235.0,1865.0,-5.943850062033402,3.9947778377406697,5.098402318987986,-1.1658260157101987,2.6447870800083706,0.506336939721793
des4h,2.0,True,32,ambos,6480.0,2127.0,-5.92704176667308,3.8020787716019706,5.202978478599886,-1.139163229494664,0.0,0.49969135802469133
des4h,2.0,True,32,compra,3678.0,1512.0,-5.315503711078335,4.950455015838535,7.702466612675947,-0.6901040898159315,0.6239188403911466,0.5008156606851549
des4h,2.0,True,32,venda,2802.0,1354.0,-6.729767308599376,5.924485554171675,8.023321152847336,-0.8387757613580131,0.0,0.4982155603140614
des4h,2.0,True,96,ambos,4404.0,812.0,-7.90371493559912,8.330254845701662,11.712687970796349,-0.6747994102895702,-1.0055264825266363,0.49727520435967304
des4h,2.0,True,96,compra,2464.0,702.0,-10.721378414932127,10.741411736114461,17.3157477162903,-0.6191692435461897,-5.234825578751545,0.492288961038961
des4h,2.0,True,96,venda,1940.0,673.0,-4.324991836075136,13.097943264475012,22.327385421162152,-0.19370794002489244,2.3488644688129945,0.5036082474226804
des4h,2.5,False,4,ambos,8390.0,2709.0,1.0495027056887647,1.5216542844010188,1.919181167348917,0.5468492102486121,6.523225368518792,0.5367103694874851
des4h,2.5,False,4,compra,5044.0,1695.0,3.7702339933360602,1.9874526818977132,2.5687399154012325,1.467736757127923,8.964733156087146,0.5521411578112609
des4h,2.5,False,4,venda,3346.0,1379.0,-3.051922463137584,2.361194464588217,2.884608745814948,-1.0580022221611087,2.9206916954649387,0.5134488942020323
des4h,2.5,False,16,ambos,4629.0,2492.0,-0.706594079496398,3.493600699742978,4.7708249105761595,-0.14810731744315148,8.67294740800606,0.5266796284294664
des4h,2.5,False,16,compra,2728.0,1539.0,4.638145389694444,4.546711478945728,6.843985376662501,0.6776965663179507,10.454827265512362,0.531524926686217
des4h,2.5,False,16,venda,1901.0,1238.0,-8.37647796795122,5.455388675149999,6.574105138255427,-1.2741624588885248,6.478782215606493,0.5197264597580221
des4h,2.5,False,32,ambos,4131.0,1747.0,-3.8250507892682846,4.978458780761922,6.801260168405957,-0.5624032450687414,6.182380413302102,0.5131929314935851
des4h,2.5,False,32,compra,2430.0,1163.0,-1.2789851906298095,6.406281464151469,9.755695522010445,-0.1311013845957174,6.273538887326957,0.5127572016460905
des4h,2.5,False,32,venda,1701.0,977.0,-7.462287358751817,7.902391496280306,9.715785868661415,-0.7680580304699457,6.005483528515043,0.5138154027042916
des4h,2.5,False,96,ambos,3059.0,776.0,-22.343463101801,12.123329002168042,14.031452967811116,-1.5923841353463584,0.0,0.4995096436744034
des4h,2.5,False,96,compra,1806.0,629.0,-12.470608126280972,12.585088945913581,19.23393052874172,-0.6483650394622069,9.653713034700335,0.5105204872646734
des4h,2.5,False,96,venda,1253.0,553.0,-36.57361161400308,23.388323325679938,28.142151945752072,-1.2996025209622855,-14.87833853513365,0.4836392657621708
des4h,2.5,True,4,ambos,4743.0,2097.0,-2.23693500804522,1.7465382631343798,2.5312002672491087,-0.8837447739669788,3.7976567887909596,0.5190807505798019
des4h,2.5,True,4,compra,2896.0,1294.0,-1.8820046789889673,2.2401851919937994,3.4062511445669137,-0.5525149494601502,5.443200644472679,0.5272790055248618
des4h,2.5,True,4,venda,1847.0,1002.0,-2.79344731608361,2.7895777005859945,3.7449329454882965,-0.7459271919538673,1.4112666141308239,0.5062263129399025
des4h,2.5,True,16,ambos,2882.0,1884.0,-2.6999349070906926,4.408956783328966,6.479680486647232,-0.4166771668224207,5.590908873305267,0.5128383067314365
des4h,2.5,True,16,compra,1724.0,1151.0,0.8554736142017363,5.97162726119299,9.673433606617008,0.08843536318030433,5.9946837495583605,0.5168213457076566
des4h,2.5,True,16,venda,1158.0,886.0,-7.993133776441424,6.431527085217719,7.6096333688911,-1.0503966996778202,4.606251464649436,0.5069084628670121
des4h,2.5,True,32,ambos,2632.0,1415.0,-12.01670400870991,6.109541828454101,7.985413443041515,-1.5048317904167203,-1.3254918374816516,0.49544072948328266
des4h,2.5,True,32,compra,1563.0,912.0,-11.227442189627999,7.888317347437547,11.413300520182938,-0.983715636837366,0.7439092434147199,0.5009596928982726
des4h,2.5,True,32,venda,1069.0,727.0,-13.17069486298964,9.66092273610608,11.335970504417704,-1.161849782324057,-3.144159749216696,0.48737137511693174
des4h,2.5,True,96,ambos,2064.0,703.0,-23.895481632197747,12.005871816847147,15.367737503209003,-1.5549121415698328,-23.009605030082092,0.4757751937984496
des4h,2.5,True,96,compra,1223.0,545.0,-29.577322947563342,15.218357031644713,23.237885477961644,-1.2728061241034128,-22.826312149248906,0.4783319705641864
des4h,2.5,True,96,venda,841.0,451.0,-15.63282773363399,19.460430434581106,25.696234866441948,-0.6083703630079174,-23.192897910915278,0.47205707491082044
