activo,ano,n_h,VR2,z2,VR4,z4,VR8,z8,VR24,z24
BTC,2020,2927,0.9517406383776074,-1.6915530980691174,0.8795359809763716,-2.3096495572442675,0.8440170014689807,-1.9814456976741732,0.9667345980351771,-0.24311510765260202
BTC,2021,8760,1.007733988003463,0.48260119517883066,0.9888502528918065,-0.36830229469731424,0.9377160001275971,-1.3022995462927813,0.9509167481538581,-0.5664555574973221
BTC,2022,8760,1.0050112739628074,0.2242309070055,0.9915835920046068,-0.2176543113938478,0.9743219680460665,-0.4554560535791858,1.0041656703959487,0.04415172900903876
BTC,2023,8760,0.956659044065342,-2.0851516909688916,0.9750565093928351,-0.6896326332473496,0.9902276240393371,-0.18728587839032654,1.0818515364672037,0.9652109959243629
BTC,2024,8784,0.9870448253863762,-0.6471866530303833,0.9657914928067827,-0.9906623851038261,0.9490176405852025,-1.0212437976646374,0.9520497266740467,-0.5767662676013638
BTC,2025,8760,0.9873839387839219,-0.6193222262511417,0.9845291893739803,-0.43884770942718554,0.9945037802562072,-0.10698832503574854,0.9197247900401981,-0.9236287351729919
BTC,2026,6045,0.9966178433272088,-0.14601074216506835,0.976424476788426,-0.5685223751927668,0.9617795686044417,-0.6218474289700466,1.0145222085308812,0.1406081850617398
BTC,todos,52796,0.9940564637097429,-0.6988881944618351,0.9778230108531273,-1.4401840155338348,0.953364238366555,-1.9906986741774972,0.9766488801278129,-0.5693800691774619
ETH,2020,2927,0.9813811261703702,-0.6006606368312121,0.9230655875851326,-1.4169183186365657,0.8953582250151488,-1.28615811772447,0.9567333688091871,-0.30519938203597546
ETH,2021,8760,1.018379509884844,0.9255706910448864,0.9756037952275678,-0.6767916588261242,0.9134847666423916,-1.58379771618861,0.9349257291684411,-0.6768505189569368
ETH,2022,8760,1.0130817895856972,0.6240701598639744,0.9992835725122934,-0.01932971237146919,0.9724635002044361,-0.5006781977367687,1.0319519638189425,0.341531062519125
ETH,2023,8760,0.959444571836185,-1.8753061833805937,0.96313348032425,-1.0252632687019057,0.9624870906705991,-0.7503819486366416,0.9837800022320047,-0.20690145802198584
ETH,2024,8784,0.9856625208705314,-0.6538618589579116,0.9726427726661095,-0.7130330051669259,0.9764667661846432,-0.43277025706461286,0.9921400054730255,-0.08785156994643614
ETH,2025,8760,1.0187985358122997,1.173962975120676,1.0356705306498337,1.233539943020573,1.0782348081784763,1.7591036510090419,1.0601480834380081,0.769360533315333
ETH,2026,6046,1.0101110465654146,0.43733091299294086,0.9995094154463119,-0.01201534810420218,1.0098138767143334,0.16031021970434112,1.0777048883134213,0.7611425632863688
ETH,todos,52797,1.007063580542657,0.7688219240259765,0.986397653996955,-0.8261362454998105,0.9650323759715715,-1.4160018250758424,0.9922818753126877,-0.18022704793647798
SOL,2020,2608,0.9815009427653717,-0.5747335183125749,0.921217353593972,-1.3990172685135418,0.9206260586131235,-0.9501793716652569,0.889615359910699,-0.7707185075358219
SOL,2021,8760,0.9686874105536698,-0.8941104197449097,0.9348944576934866,-1.140660051634268,0.8841818109926539,-1.527429135280644,0.8598371380785151,-1.2560464769126953
SOL,2022,8760,0.9939329172382809,-0.20914809453344624,0.9763283597682008,-0.41584407319746763,0.9427341651757833,-0.6322550669768096,1.030299683674754,0.17921763921182454
SOL,2023,8760,0.9961836729935476,-0.236330016353264,0.9894861311067242,-0.34801517961556755,0.9908488118350788,-0.195009724374769,1.0597470920207956,0.7285385409841393
SOL,2024,8784,0.9771329851808133,-1.21597134592625,0.9171949088908817,-2.4538924561678335,0.8649131313655982,-2.685607606477732,0.8311861668469284,-1.9964722536573758
SOL,2025,8760,0.9827408672405955,-0.8057005120110259,0.9752427219161506,-0.6772034751686522,0.9965179656990614,-0.06589603290137339,0.9747904043718788,-0.28525775805964776
SOL,2026,6048,0.9790673273022323,-0.9401678474653794,0.9745734674623865,-0.6488076763438332,0.9832065824649072,-0.2852076278541305,1.0369754710351375,0.3659321242161837
SOL,todos,52480,0.9807584730417488,-1.2741593372730586,0.9524835454710487,-1.8526942655376464,0.9247208849515242,-2.093377458644401,0.9404404276255905,-1.0280350321408704
BNB,2020,2927,0.9580779104808755,-1.2259449764155796,0.9069137903243071,-1.5752235995226183,0.8887793307949414,-1.306325021814344,0.9460536427452724,-0.36062526953100704
BNB,2021,8760,0.9903460839141703,-0.37632946593569233,0.9610401720069799,-0.8692495989251732,0.93011917318948,-1.054721599532234,1.079909491078284,0.6946057590319619
BNB,2022,8760,1.0126659413002244,0.40840928711672936,0.9839389302657526,-0.29994023081066834,0.9359375523767679,-0.8593055652119471,0.9502845850384015,-0.42939111341124797
BNB,2023,8760,0.9570026600215326,-2.0797852055856207,0.9419771191114592,-1.5730749317672017,0.9145576085834455,-1.5415061074708916,0.8819385036842536,-1.2653385554948116
BNB,2024,8784,0.9787301488035482,-1.0124289690097008,0.9396990380736885,-1.6032697578628057,0.9223610104884774,-1.3978383406412518,0.8763722730934518,-1.3084171322669074
BNB,2025,8760,1.002782018238483,0.13483277706654564,0.9804171414129257,-0.5368464651412285,0.9705445485225827,-0.5260231307022074,0.9399748573151376,-0.6288279487778788
BNB,2026,6049,1.00112148277021,0.050949011801323905,0.9871322697428403,-0.32057840960332595,0.9954108947538535,-0.07400190387690529,1.0764687899031287,0.7252816965232
BNB,todos,52800,0.9892965586703008,-0.7856101535226363,0.9594424477951816,-1.7048649149556825,0.9317567489462766,-1.9548610948330991,1.0015052125373134,0.025150520862748015
XRP,2020,2927,0.9581745069422931,-1.1184044990144373,0.8709399399658005,-1.6624830576218796,0.8270834726428337,-1.3879188573244177,1.0346629635463738,0.15546420108974596
XRP,2021,8760,0.9655066715040641,-1.2307733591494348,0.930315920213992,-1.43444766382463,0.8892094255782977,-1.584099040447835,0.9026240055373068,-0.8526484982890453
XRP,2022,8760,0.9827865433748468,-0.5090684435511389,0.9657324993290569,-0.6243973917111522,0.9537919309268964,-0.6222064573347048,0.9589858543347496,-0.33774432274358224
XRP,2023,8760,0.9945540301844636,-0.14001338776959665,1.0718321508815447,0.6929477406450857,1.1007990246535033,0.6679629935775987,1.0747500914405734,0.37883259667101277
XRP,2024,8784,0.9850399691928395,-0.4646002573563289,0.9323125433453012,-1.2129923100128215,0.8977054112310404,-1.308684373832823,0.9234278599639658,-0.6378929273056705
XRP,2025,8760,0.9973993257145912,-0.08242284964057259,0.9676024921157003,-0.6196649149818741,0.9629673076031359,-0.5062418817791119,0.9309408092031375,-0.6030630205434729
XRP,2026,6048,0.9931245315012204,-0.2279570794150707,0.9879401524041863,-0.2229957271141435,1.0193148350604206,0.23918715225198767,1.0776598942862758,0.5865399169685902
XRP,todos,52799,0.9762869224510391,-1.698407698254341,0.9452640880232657,-2.141228008213718,0.9211170349291936,-2.1140809986031197,0.9528441856033842,-0.779631320811907
ADA,2020,2927,0.9402809204474969,-1.8105377392960693,0.8565025022345989,-2.4481861202113104,0.8629690206816424,-1.5242901793161132,0.9203215579073666,-0.5042893673551884
ADA,2021,8760,0.9350794569609873,-2.378672987108827,0.8825444652068912,-2.5152530422327235,0.824847691858943,-2.64168294078153,0.8216276446941682,-1.6424510008222784
ADA,2022,8760,0.9805135000905261,-0.7131236310747284,0.9713201617065158,-0.6073602077724546,0.9683992806512637,-0.46338972444153775,0.9727485101501705,-0.23876311236842032
ADA,2023,8760,0.9807908864977645,-0.9521614383740381,0.9683308360661779,-0.8832997834737465,0.9765208284183848,-0.44220541221599835,0.9773981846030224,-0.2512774220839847
ADA,2024,8784,0.985451046288343,-0.6294950102687545,0.949013899056695,-1.2663610227044184,0.9425441735678277,-0.9969034636392584,0.9335524226939452,-0.7021014127616936
ADA,2025,8760,1.044053252222483,0.8008231966891263,1.0426352070250693,0.5011053397600976,1.0595877238220943,0.5613364217958277,1.0052107431340045,0.036630698765832505
ADA,2026,6050,0.9840647812584885,-0.7058293988092551,0.971457197232512,-0.6912943297378359,0.98845569052104,-0.1872686947150014,1.018198238646472,0.1827408850607651
ADA,todos,52801,0.9742936835683429,-1.8088816668687782,0.9424269641114476,-2.452776505776867,0.9269433571943428,-2.274870129418198,0.9223282413326126,-1.5472388401162345
DOGE,2020,2927,0.9188311656615962,-1.6710913345816458,0.8130742108487828,-2.268267118620892,0.7262132593980087,-2.2743815464999146,0.8031506663810036,-0.961993585608959
DOGE,2021,8760,0.9793486861912367,-0.40858179064030165,0.9328429993808824,-0.7664666221373527,0.9319089613677983,-0.5234408178612172,1.2726662798637085,1.2788110680353952
DOGE,2022,8760,0.9736855887114443,-0.9535848996059793,0.9408689397869288,-1.2462634467818927,0.9348344058568142,-0.9606629243573795,0.9638306979213742,-0.31573602106098475
DOGE,2023,8760,0.9740715860824374,-0.8285868188825423,0.9141984731298881,-1.6405232503175564,0.83199956369169,-2.3342792548313094,0.7483080408595434,-2.366788962103331
DOGE,2024,8784,0.9878260945415905,-0.51754340308541,0.950338054776953,-1.1753018137040918,0.9088105984423296,-1.4677836808957005,0.9277853969380273,-0.6914945030667164
DOGE,2025,8760,1.0000111166554706,0.000532404955324274,0.9827193907410858,-0.48850615971455386,1.0013294689242138,0.025609839185849453,0.9948450454968208,-0.05928820886964002
DOGE,2026,6050,0.9818641384698952,-0.7991813517658889,0.9669323311243175,-0.8184463084045509,0.9930802361163573,-0.11619428654900857,0.9678943691208559,-0.3224302817969697
DOGE,todos,52801,0.9794217449366094,-0.7410455491655739,0.9367588531152917,-1.3139662818019842,0.9254726738844361,-1.0441199944940718,1.110858058565745,0.9467675292364925
LTC,2020,2927,0.9184831739162148,-2.879266778201464,0.8127653883669932,-3.5701658949990405,0.7784466992847453,-2.847236701223401,0.9001178400431441,-0.7403283398423759
LTC,2021,8760,0.9565093591871957,-1.2433481876554946,0.9047967357749868,-1.7114636550981295,0.8721126798204081,-1.774258003955691,0.8712008875430269,-1.2289848272940396
LTC,2022,8760,0.991051553319578,-0.3452181351864663,0.9607809498840729,-0.906780091461017,0.9506434948598813,-0.8106128392159515,0.9559754113129563,-0.4534299392121783
LTC,2023,8760,0.9560575171023387,-1.9501965679231315,0.9221571995228653,-2.011383239747145,0.8879860766219448,-1.9835903868820426,0.9162286664813013,-0.9316970694445398
LTC,2024,8784,0.979060699503731,-0.9031935230691275,0.9461449420705254,-1.3207552876652895,0.9366215092309801,-1.0706416048638028,0.847598078096608,-1.5414264014499788
LTC,2025,8760,0.9976514399954514,-0.11026934415027483,0.989463391352238,-0.28880655275408146,0.9866445448252298,-0.24957809557930954,0.9783642515047443,-0.23888527347664865
LTC,2026,6053,0.955670564142095,-1.8998908682119644,0.9116170023999934,-2.137336629707396,0.8774223865487852,-1.9776550211276405,0.8058059703706115,-1.9048431748308774
LTC,todos,52804,0.968208656207236,-2.2671404322873583,0.926962086605038,-3.210189452175558,0.9046307955706279,-3.1342734768538794,0.8987609260478908,-2.191479774272306
LINK,2020,2927,0.9391301173942954,-1.5704600836943605,0.8410971949145417,-2.443436072425253,0.8279276477154501,-1.8023309691889242,0.8569141531470582,-0.8936500864877341
LINK,2021,8760,0.9931327500161424,-0.2615947464297193,0.9528900062179473,-1.089526543817198,0.9377827208055142,-1.0385372242307809,0.9192671705489335,-0.8212372612975858
LINK,2022,8760,0.9912621987476841,-0.37535918619504294,0.9617852051657902,-0.9455278790620547,0.9463788604056121,-0.9141999021057673,0.9416874654490339,-0.5933713385917567
LINK,2023,8760,0.9747522533908709,-1.444285355510668,0.9788583615231742,-0.6763488562966816,0.9542041723352532,-0.9870705544929691,0.927129340856588,-0.9335312744957521
LINK,2024,8784,0.9986550881336945,-0.06460979508824491,0.9655118075943109,-0.9299129303780088,0.9566951460272687,-0.7966393178385734,0.9393815397798638,-0.678187697425831
LINK,2025,8760,0.9979089380150769,-0.11285659062519385,0.9948495283983658,-0.15623505245112457,1.0007505399856331,0.014964770636241822,0.982637443886681,-0.20039029117252483
LINK,2026,6051,0.9957747315843265,-0.21776522987428024,0.9699797530765654,-0.8528992018063615,0.9419872653130686,-1.0955499323893152,0.9494459513616443,-0.5627502112563011
LINK,todos,52802,0.9880750472216091,-1.0913479189493627,0.9554787188500901,-2.41927161374114,0.9422723709668678,-2.206500602470905,0.929168453951743,-1.6327521669723943
DOT,2020,2927,0.9520494722053515,-1.6134854074312726,0.8892195537528345,-2.083171397259677,0.8602485542399954,-1.6871060867198955,0.9044155224398808,-0.6333920418813712
DOT,2021,8760,0.9524506048239393,-1.7751104168466036,0.8682087884199337,-2.906631149735713,0.8175871765249074,-2.8631744306814952,0.8098366372024138,-1.8310426320364601
DOT,2022,8760,0.9741811620239741,-0.5303370560608962,0.9280277159102479,-0.9436693731795335,0.918463996722784,-0.8243621493831055,0.9277769631826398,-0.5070686043171789
DOT,2023,8760,0.9713189541879432,-1.5940670065072648,0.9494195269993149,-1.5832910500282293,0.9095660380219676,-1.894148729507192,0.8840532602055801,-1.4406816103581677
DOT,2024,8784,0.9755327987753364,-0.9696164014998675,0.9508495117715499,-1.1485638208134972,0.9328717064253018,-1.1214507428239457,0.8911217873510804,-1.124996983322106
DOT,2025,8760,1.0237975807918518,0.945482678555933,1.0114050602538787,0.2694862879144865,1.0093454528362675,0.15118176063137076,0.9510562845312306,-0.48562303220344033
DOT,2026,6053,0.9752510470085501,-1.0927468799966102,0.9851847663521921,-0.37462125697203225,1.0268428131528446,0.46304050314369033,0.9933156423710052,-0.06899434411540029
DOT,todos,52804,0.970369861694604,-2.135757814606561,0.9204222896731913,-3.451525961703689,0.8946480904315485,-3.29264046868107,0.8800438565597491,-2.345855222256862
AVAX,2020,2392,0.9372763322188403,-2.212391312989261,0.8570348480118377,-2.689370873296693,0.7923765584548849,-2.538846175697227,0.656417841555222,-2.3413744125108744
AVAX,2021,8760,0.9517486208466452,-2.0323402758199847,0.8886081262098914,-2.794261846095659,0.8285676309702116,-3.0849494224164786,0.8757020399246668,-1.3859126418201069
AVAX,2022,8760,0.9559892158858053,-0.9091738046929546,0.9169929946787718,-1.0825674065942021,0.8972985659953014,-1.0119878042875372,0.9294539626415254,-0.47093522795926224
AVAX,2023,8760,1.003129634389148,0.166055292204892,1.002827905282163,0.08444466189877689,1.0222038296387954,0.4283590772053381,0.9892516461594368,-0.12129032193364409
AVAX,2024,8784,0.9901930997460465,-0.5051215043079204,0.9623805492677296,-1.0801318112832348,0.9377885616611489,-1.2167402540106036,0.9069869262918675,-1.1087216407466558
AVAX,2025,8760,1.01517253671762,0.7366958835202414,1.0174623844325312,0.4949480361149051,1.0298538284988283,0.5755830042290138,1.0174010591066687,0.20191422838837236
AVAX,2026,6052,0.9945553703197231,-0.26948065564125423,0.9814245172073754,-0.5170666850371429,0.9668458277639425,-0.6106357835596634,0.932122277493213,-0.7418558328077477
AVAX,todos,52268,0.969815761513961,-2.1949678252489715,0.9282297172697205,-3.156398024576698,0.8954119462492393,-3.33132126551851,0.9093612907814679,-1.8255902987461892
NEAR,2020,1863,0.9759586017581319,-0.4728852228861545,0.9457224889491888,-0.6245164535536213,0.971895582201422,-0.22708292390113666,1.0253467491918191,0.132749338139251
NEAR,2021,8760,0.9538575975084166,-2.8563712398180177,0.8987823862578196,-3.1289429784136895,0.8386895859696397,-3.2695678551288947,0.7959074849343649,-2.3716274858143582
NEAR,2022,8760,0.9790201884803873,-0.4017390758937994,0.9311773743192346,-0.8395870864595903,0.9203576226032325,-0.7678179818523461,0.9683490083485061,-0.21801578358570006
NEAR,2023,8760,0.9888162777272984,-0.654393303524556,0.9656793015491733,-1.1358513401703696,0.9410832944118805,-1.3064838662495555,0.925973863112455,-0.9347087052568941
NEAR,2024,8784,0.9791327652913943,-1.191691460187388,0.9526202447105011,-1.483389440890089,0.9302216405568579,-1.452755904440768,0.8714393795546294,-1.5865381672496746
NEAR,2025,8760,1.012411479769336,0.6146460105857652,1.0020392847285378,0.05821228905333218,1.0090190502753924,0.17574004554948,1.0077561624366511,0.0899733260642116
NEAR,2026,6052,0.9589065102134386,-2.160752647066609,0.9408221129670943,-1.7004613580002739,0.9639309156477534,-0.6717115750466902,1.0345517577899979,0.36185420336978624
NEAR,todos,51739,0.9736352834846475,-2.221078067573505,0.9359994590760751,-3.1511896113312856,0.9115081812481934,-3.1341432533508757,0.9036122437599886,-2.147524070287491
TRX,2020,2927,0.9557365766932326,-1.0317327821923499,0.878782743194808,-1.6002211793908152,0.8123788444021955,-1.6663355343341493,0.8256340096332369,-0.9171241291769548
TRX,2021,8760,0.9994539566391689,-0.020380686082065495,0.9552086269485344,-0.9361905973642747,0.9117977546664483,-1.3143972586304233,0.9578471639160568,-0.4144012985379038
TRX,2022,8760,1.0600337626775596,1.582734309065832,1.009295114432242,0.1380428490820516,0.9118479366868185,-0.9167532820943411,0.7856835635350491,-1.4525160511038635
TRX,2023,8760,0.9853807925364213,-0.3060314296826513,0.9540666401452528,-0.6186524709486654,0.9369573798846321,-0.6794404763918163,0.8826717912791816,-0.9413066837925265
TRX,2024,8784,1.0483432211446562,0.4430205152193585,1.0757908036620054,0.4285764783798854,1.2669407107295783,1.0927097189712855,1.4845083162727732,1.35917425797
TRX,2025,8760,1.0125291469067792,0.5665839268288116,1.0253893679867727,0.5980591810737627,1.028667526936796,0.44459863633775637,0.9502618980220883,-0.47782111845535086
TRX,2026,6051,0.9961535515568959,-0.18441125754211374,1.0385530667670029,1.0527722203319845,1.0758593262237632,1.3987233235957568,1.09505245671048,1.0238434791809776
TRX,todos,52802,1.0083764500030135,0.4459024070650122,0.9699328568494626,-0.9241208539495378,0.9403116890128005,-1.3055692715609877,0.95301861725922,-0.6762764222321574
BCH,2020,2927,0.915451193097762,-2.6658687908267917,0.8114871538587546,-3.307668279501185,0.7617436760524792,-2.839741224108284,0.8276703525449058,-1.1998752925589842
BCH,2021,8760,1.0216062041047933,0.41324689909338735,0.9477094420798947,-0.4915349983703518,0.8753980594088695,-0.8432999536112505,0.915134181693114,-0.42870578377211005
BCH,2022,8760,1.0087630692084042,0.3756345464589405,0.9691139190400824,-0.7421222327654335,0.9175511295963161,-1.3324193468888834,0.8946828689135586,-1.0156202868648967
BCH,2023,8760,0.9809278881099421,-0.8549769755091597,0.9517779644514097,-1.0142145904336943,0.9125598658560199,-1.2097218819319784,0.9368785515033047,-0.5463213440456214
BCH,2024,8784,1.003492877385354,0.1737017376459707,1.0124522238081397,0.3586092856048728,1.0072234476016653,0.14502447474449456,0.9819149520551749,-0.2150167690801356
BCH,2025,8760,0.9922083402988405,-0.3521963429879578,1.0128446427859534,0.34303596030923655,1.0291015872559097,0.5328990313923211,0.949044071610725,-0.5607034605384332
BCH,2026,6054,0.9889933806345002,-0.4435371118308765,0.9754939320543108,-0.5600807796466922,0.980410600634463,-0.30978361703978846,1.0902082887764644,0.8319183349473556
BCH,todos,52805,0.9997848104590942,-0.011501372874396846,0.9618221636811497,-1.0151830547534866,0.9230513080586519,-1.4639977609802617,0.9319098320562719,-0.9393447956673857
APT,2022,1773,1.009977144184923,0.22978821037020622,0.9624677665910034,-0.45131691952887226,0.919512312351237,-0.6308008624785227,1.0133690569524896,0.06288995551989478
APT,2023,8760,0.9945597476868451,-0.25878835213654966,0.9876871159101875,-0.34152112165254095,0.9615713686891582,-0.7459412238528295,1.0524467678172909,0.5938720247481767
APT,2024,8784,0.9729514106286737,-1.4337022437292273,0.9473608994988144,-1.5682632997571364,0.9295548283308314,-1.4251468113230652,0.8554335844998692,-1.7398399481779527
APT,2025,8760,1.0084073174968224,0.4398598059054755,1.0246374310390334,0.7264386857079911,1.0225028666015146,0.43613832704810956,0.9959767459903841,-0.0462062210596425
APT,2026,6056,0.9660323973249864,-1.667910510598471,0.9517181396433189,-1.3477763996637406,0.9448767298032439,-1.027844088077656,0.8767501443026796,-1.365554621178572
APT,todos,34133,0.9895900170428917,-1.0143878874586494,0.9772600467247681,-1.2412526496528125,0.9593417531878043,-1.4951651700412427,0.9574617665653227,-0.9270392691179408
ARB,2023,6800,0.968195693603229,-1.4813323522320185,0.9569051746181788,-1.1253277237120487,0.877062665630459,-2.152635949639932,0.8566637791536396,-1.4756623712240806
ARB,2024,8784,1.0085998811534909,0.4067389864795325,0.9816034441075265,-0.5009881094743054,0.9503568681908858,-0.9406143087542622,0.8920260508156733,-1.2570191311736105
ARB,2025,8760,1.035118207989143,1.4468231997593657,1.0378845138495463,0.9002022033609464,1.0636708896015397,1.0508804848108968,1.0654224647605963,0.687040434295184
ARB,2026,6056,1.0048358072173362,0.1952055792813178,1.0370297457194455,0.8432006564050437,1.092917389631667,1.3971821006827037,1.1367526278190954,1.235031903404648
ARB,todos,30400,1.0092095731276136,0.7722152643597612,1.0047343369646156,0.22750189153305594,0.997656792084381,-0.07740288780363097,0.982398315889543,-0.35939237738584334
OP,2022,5121,1.0044410643869872,0.1911642495470911,0.98112427208331,-0.44503702355088204,0.950751054933174,-0.7649889596518096,0.9843098700640129,-0.1423992516206463
OP,2023,8760,0.9734885984115584,-1.423754815372121,0.976435079657306,-0.7226043597430487,0.9616595800718765,-0.7909731400023782,1.0206168227903434,0.25552798250530473
OP,2024,8784,1.0038802770432385,0.19807313580022962,0.9801712411112389,-0.5834398141085483,0.9296763115565366,-1.4527625673163815,0.8558470350175567,-1.8187892458692838
OP,2025,8760,1.0377778203235086,1.3670032381396613,1.031146867869791,0.6723105400520459,1.0363348800102823,0.5610532970189621,1.0359468163078274,0.36619699174103154
OP,2026,6056,0.9922518743036541,-0.35967326745437134,0.9779170485860392,-0.5773833982872546,0.987553683135628,-0.21808725076472937,1.002090033415706,0.021717314439202183
OP,todos,37481,1.00343885583691,0.32698387243506644,0.9896100083135447,-0.5621791361070463,0.9692564130027539,-1.1333011049598865,0.975233762333532,-0.553729311685711
SUI,2023,5815,0.9666762094648631,-1.656175000110262,0.9096928181235256,-2.5081879898579085,0.8426761935155107,-2.8895297212426883,0.7962102768381041,-2.1857511501715443
SUI,2024,8784,0.9797705984914092,-1.2276809969243325,0.9761366474757335,-0.7927240992592319,0.9669408000313062,-0.7330918030415288,0.9582233957719307,-0.5522332645330115
SUI,2025,8760,1.0012144210978868,0.06699666139239084,0.9942198172636971,-0.18391082870193137,1.0094177670260363,0.19475304363384147,1.0107962602289082,0.1270488910183439
SUI,2026,6056,0.9786044406165683,-0.9737089834034942,0.9694415054470057,-0.7775948899434254,0.9737742715819855,-0.4409973980486702,0.9642688058143074,-0.36282813156670507
SUI,todos,29415,0.9835381860555223,-1.702990587133859,0.9683826434204791,-1.8263119934276189,0.9574217989616706,-1.6254664803795464,0.9445688934321845,-1.2407923557115041
