periodo,h,n,n_horas,media_bps,ep_naive,ep_hora,mediana_bps,frac_pos,t_hora
a) 2020-22,4,1165,747,-0.3071496231495324,21.30774493041723,27.898074513180017,-23.43311342642096,0.47725321888412015,-0.011009706888711057
a) 2020-22,24,1165,747,181.83912748365333,49.48464549979614,68.50420567555011,104.950899893268,0.5450643776824035,2.6544228298169097
a) 2020-22,96,1165,747,139.88335755989777,62.04406241476174,83.31376856801097,32.06844009579157,0.5064377682403434,1.678994480314592
b) IS 2023-25.03,4,1860,1038,48.02423086314164,8.99183581554426,11.64655127855438,11.055396933265516,0.5193548387096775,4.123472237792148
b) IS 2023-25.03,24,1860,1038,126.47375464386838,18.481337786578017,24.965715260328004,41.49821420128319,0.532258064516129,5.065897504841074
b) IS 2023-25.03,96,1860,1038,255.9313757855165,26.59513803326667,36.21232324549369,148.4598264558712,0.553763440860215,7.067521574091907
c) OOS 2025.04-,4,747,361,13.447297248661258,11.835036934438492,18.854608757996445,-4.702562983439629,0.48058902275769744,0.7132100920926355
c) OOS 2025.04-,24,746,360,-38.01258362480297,22.817908748894904,34.59004177783739,-71.68436584454429,0.435656836461126,-1.0989458720214231
c) OOS 2025.04-,96,733,350,-105.70502241914835,38.152446572998166,63.88516669651276,-122.37965450038857,0.42155525238744884,-1.6546097926190175
