activo,inicio,acf_15m,z_15m,acf_1h,z_1h,acf_4h,z_4h,acf_24h,z_24h
BTC,2020-09-01,-0.004292714114108071,-1.9727251664568288,-0.005980471684516122,-1.3741557155914739,-0.026997004018071855,-3.1014846293528033,-0.03022483509980411,-1.4170258867321903
ETH,2020-09-01,0.00443975833709271,2.04032860967548,0.007033614055450554,1.6161555474577392,-0.018737296739608403,-2.1525884055362807,-0.037257350598468957,-1.7467301341680352
SOL,2020-09-14,-0.0005784841777231713,-0.2650480419888524,-0.019268321202968595,-4.41408600278141,-0.028379444065772752,-3.2505305320643605,-0.04215282420453454,-1.9703909220492741
BNB,2020-09-01,-0.004336931064843894,-1.9931253681046845,-0.010732113626131065,-2.4660519622029726,-0.026495470172837265,-3.0439824562294184,-0.06640704479344416,-3.114058512687021
XRP,2020-09-01,-0.012985963016829397,-5.967894246064196,-0.023736196459403305,-5.454111052550492,0.004345834931983695,0.4992795071887092,-0.031093484038231797,-1.4580821802796544
ADA,2020-09-01,-0.020364934385039224,-9.359232874279469,-0.02571419652181281,-5.908728466071021,-0.0015671367260666391,-0.18004348175523718,-0.03797146001769969,-1.7806145217735392
DOGE,2020-09-01,-0.0014265750007418808,-0.6556148214986263,-0.02061371094340325,-4.736715010298901,0.007722370099213964,0.8871991683550758,-0.004627691451460692,-0.21700863219157734
LTC,2020-09-01,-0.021734827437214808,-9.989039158262484,-0.03182485708968957,-7.313072405333822,-0.01641861230263817,-1.8863549388344993,-0.03639220316915481,-1.7065576465093661
LINK,2020-09-01,-0.011418831956972986,-5.2478571454689655,-0.011946502242329236,-2.7451492115080485,-0.009648208187500479,-1.1084527379668507,-0.07178990220429957,-3.3664795170397026
DOT,2020-09-01,-0.017893316592629865,-8.223512126997404,-0.029666595974753653,-6.817122973144342,-0.022151959770671935,-2.545066412924302,-0.029668465075201104,-1.3912580587369916
AVAX,2020-09-23,-0.00957002090938455,-4.375865244792334,-0.030158268726583302,-6.894842467284005,-0.037082495468513964,-4.238774170591309,0.007007157553154371,0.32686718889636035
NEAR,2020-10-15,-0.007948062617611171,-3.6158181986559708,-0.02638484289421484,-6.001551370587991,-0.032682589124047326,-3.71691716431301,-0.01901306825714178,-0.8824194188945967
TRX,2020-09-01,0.021746289165215527,9.994117546840434,0.008667255705022341,1.9916214538743315,-0.0351204654604291,-4.034881435157767,-0.14063969456836886,-6.595087004015694
BCH,2020-09-01,-0.035293388907154305,-16.220566625707644,-0.0002503404010610165,-0.05752656827658885,-0.02091857197585923,-2.403360943828763,-0.07456269578440919,-3.496505502670021
APT,2022-10-19,-0.012455117752166634,-4.602246065304813,-0.009886833248134488,-1.8266041488869886,-0.027627445982754295,-2.5519147483201734,0.0209760470251852,0.7904380173675535
ARB,2023-03-23,-0.016719978878727264,-5.830551756507548,0.009188669835192512,1.602099329486588,-0.0003312461784285517,-0.028875472454455667,0.011975274324019104,0.42592264772658156
OP,2022-06-01,-0.02178966274836838,-8.437102604304044,0.004431392618678464,0.857918068764522,-0.027427721435501616,-2.654827755721869,0.03862082393769291,1.5254003228454445
SUI,2023-05-03,-0.015110253683726236,-5.183125376868872,-0.016402368962931516,-2.813137779942609,-0.015043336940572668,-1.2899606603768077,-0.0021830453385743506,-0.07637539412095985
