activo,vela_extrema,horizonte_h,n,media_bps,erro_padrao_bps,t,mediana_bps,frac_pos
BTC,subida,4,239.0,-3.268727533597527,15.244822904501026,-0.214415579247722,-6.5760320306651465,0.4895397489539749
BTC,subida,24,239.0,72.67085382700252,27.288754881207677,2.6630329651664355,50.02834782448673,0.5523012552301255
BTC,subida,96,239.0,59.69819375137322,42.612583677843716,1.4009522211255432,66.48033279773813,0.5313807531380753
BTC,queda,4,268.0,37.26123971061233,15.083580413431518,2.470317967571692,26.135838711560666,0.5783582089552238
BTC,queda,24,268.0,89.19029585185653,29.3868947031776,3.03503642534277,49.30044435923264,0.582089552238806
BTC,queda,96,268.0,142.6388232523656,45.76668714127444,3.116651699347658,148.1911709679107,0.5970149253731343
ETH,subida,4,230.0,13.225995801950882,20.62754080738547,0.6411814149564283,5.851469615332228,0.508695652173913
ETH,subida,24,230.0,137.43850100362152,42.26647209635081,3.251714519497066,84.41698502338113,0.5739130434782609
ETH,subida,96,230.0,166.95963126416373,66.32195148481335,2.5174113174639436,125.22706652041471,0.5391304347826087
ETH,queda,4,257.0,60.950711412744226,21.545071067754662,2.8289863245782394,38.836933897608006,0.5680933852140078
ETH,queda,24,257.0,115.16490194044358,42.505496151231945,2.709412014170919,125.45353196209419,0.5992217898832685
ETH,queda,96,257.0,59.86704791411303,65.68128477389307,0.9114780278766551,151.16081337978926,0.5758754863813229
SOL,subida,4,231.0,64.47861577941268,38.77827158604959,1.6627511526998726,1.288992010031187,0.5021645021645021
SOL,subida,24,231.0,191.9834862855714,77.307859494557,2.4833631087546584,200.5333016087718,0.5844155844155844
SOL,subida,96,231.0,264.0458992416721,118.64895654206732,2.2254380226938943,202.09845560298146,0.5800865800865801
SOL,queda,4,191.0,183.3803608831221,47.985007479035644,3.8216178451829954,135.02927483971305,0.6701570680628273
SOL,queda,24,191.0,254.3576648078561,112.37402289167001,2.2634916706066504,208.84909616951663,0.5863874345549738
SOL,queda,96,191.0,312.3255193467258,126.98310372287077,2.4595832846261834,409.2091790417518,0.6649214659685864
BNB,subida,4,203.0,19.064911698646114,27.39365254664416,0.6959609225598377,18.446389828774556,0.5369458128078818
BNB,subida,24,203.0,168.43548218670114,62.855272428757,2.6797351388081805,39.87942598820737,0.5221674876847291
BNB,subida,96,203.0,228.6639323190957,106.67683572790877,2.1435200131200807,114.38752088424486,0.541871921182266
BNB,queda,4,231.0,111.20889199092284,25.063363231217462,4.437109695334405,83.02163712996524,0.696969696969697
BNB,queda,24,231.0,205.42956884108722,57.09252416920149,3.598186834974552,130.02359054254953,0.6363636363636364
BNB,queda,96,231.0,87.15132584583503,83.94518070217231,1.03819331993623,164.0925496643053,0.5887445887445888
XRP,subida,4,236.0,-27.460071735545796,42.01788759939293,-0.6535328952601258,-29.903820433964494,0.461864406779661
XRP,subida,24,236.0,76.4295027138162,75.8631638114972,1.007465268700449,46.35187567990501,0.5296610169491526
XRP,subida,96,236.0,161.14676627663837,105.9672064649447,1.5207229826328184,-37.58707564817332,0.4915254237288136
XRP,queda,4,235.0,69.3016246182098,36.474380357139374,1.9000082781295264,92.32296924768735,0.6127659574468085
XRP,queda,24,235.0,252.64583383548157,68.20607975766467,3.7041541565374962,228.06721335585257,0.625531914893617
XRP,queda,96,235.0,355.4106604682936,104.43372848242586,3.4032171946068384,206.7043417356751,0.5872340425531914
ADA,subida,4,259.0,35.25599288433292,26.482488407294472,1.3312945650009924,21.42967297978693,0.5405405405405406
ADA,subida,24,259.0,112.24141832237822,53.575196601696845,2.0950257851004,16.025644455412436,0.528957528957529
ADA,subida,96,258.0,126.93599694260527,77.1702594897735,1.6448823391532934,74.45457550978918,0.5310077519379846
ADA,queda,4,235.0,99.2824099481205,32.46479550949933,3.058156023778744,97.13274504155933,0.5914893617021276
ADA,queda,24,235.0,305.6569447025777,58.19907559213267,5.251920955663706,233.6625803450576,0.6425531914893617
ADA,queda,96,235.0,324.82763108309405,84.73964295917328,3.8332428570603345,215.14322927711493,0.5617021276595745
DOGE,subida,4,263.0,38.627398190738816,65.48145757540881,0.589898264653857,-61.7728237441284,0.43346007604562736
DOGE,subida,24,263.0,358.85224444546947,167.10478902953986,2.147468343244391,-19.058749736311498,0.49049429657794674
DOGE,subida,96,263.0,460.11214001331973,161.7645837877053,2.8443317396170986,-82.39904679003595,0.4752851711026616
DOGE,queda,4,218.0,120.37309368475873,64.40526724261366,1.8689945533696044,60.577287621710326,0.5688073394495413
DOGE,queda,24,218.0,310.84079044610365,141.0427117223498,2.2038770146309337,234.3470194785191,0.591743119266055
DOGE,queda,96,218.0,369.3490181454298,135.97245805169388,2.71635170414446,160.97459926871284,0.5504587155963303
LTC,subida,4,213.0,-0.5681545611418028,26.98485574692675,-0.02105457099604873,-1.2955885229004593,0.49295774647887325
LTC,subida,24,213.0,3.2914827152957056,52.3134137758231,0.06291852275977601,28.64607233150629,0.5211267605633803
LTC,subida,96,212.0,-128.59500767786582,85.13237943785471,-1.510529936165336,-11.319363571340446,0.49528301886792453
LTC,queda,4,255.0,39.37813468106289,28.158816528842696,1.3984300313448328,77.2985607919896,0.5882352941176471
LTC,queda,24,255.0,150.3567619330098,47.35878010436922,3.174844487160644,155.43449502396277,0.6274509803921569
LTC,queda,96,253.0,204.38293243900736,69.31216389338171,2.9487310878563253,201.8902818398072,0.5889328063241107
LINK,subida,4,207.0,31.756619794433472,26.674066335388503,1.19054288143169,-1.0870155997455555,0.4927536231884058
LINK,subida,24,207.0,65.87854105866025,55.35011057211087,1.1902151662882912,50.75270740550142,0.5458937198067633
LINK,subida,96,206.0,13.836183325494346,82.72665947942616,0.1672518074894026,54.03720357455954,0.5145631067961165
LINK,queda,4,248.0,55.554009875365324,29.694420002651956,1.8708568771642582,39.345196449183106,0.6008064516129032
LINK,queda,24,248.0,218.9266916514396,65.5624049296038,3.339210815809874,167.81754709628504,0.6169354838709677
LINK,queda,96,248.0,214.89356468036536,99.39042076261583,2.162115453697669,269.91229727092446,0.5967741935483871
DOT,subida,4,242.0,19.649980142557293,23.93101313513019,0.8211094127774959,-10.693127190073426,0.4793388429752066
DOT,subida,24,242.0,103.39147433432127,57.6689750204977,1.7928439736890087,36.87235616797957,0.512396694214876
DOT,subida,96,236.0,77.61288676212368,90.80843166959829,0.8546881091891785,-58.534661783862795,0.4788135593220339
DOT,queda,4,235.0,42.73947551749081,32.265623063710805,1.3246133642948295,54.24267464719357,0.5829787234042553
DOT,queda,24,235.0,209.61439459167664,52.219098731810675,4.014132753769347,212.94179997648934,0.6553191489361702
DOT,queda,96,234.0,244.89003599044446,89.89504952525435,2.7241771074573706,101.33722807854073,0.5384615384615384
AVAX,subida,4,231.0,23.479302984229285,30.909384660172712,0.7596172891297568,14.627905332789126,0.5411255411255411
AVAX,subida,24,231.0,167.5099964531316,68.2354344520376,2.454882830281878,74.01958295667922,0.5454545454545454
AVAX,subida,96,231.0,450.908297568375,120.13693247878034,3.7532862564808576,207.3414831663234,0.5670995670995671
AVAX,queda,4,190.0,90.74229628499717,37.59594714007723,2.413619104923839,78.08020122555658,0.6
AVAX,queda,24,190.0,297.62059702959255,66.17520440415117,4.497463962663979,299.03618465085157,0.6684210526315789
AVAX,queda,96,190.0,457.2062833724708,125.177808291544,3.652454773034686,389.9846922974492,0.6210526315789474
NEAR,subida,4,234.0,33.41106160142568,28.40891164971469,1.1760767893324497,-0.16548910718283683,0.5
NEAR,subida,24,233.0,53.28670229322657,62.33261072535793,0.8548767919895366,-16.597514183642748,0.4892703862660944
NEAR,subida,96,232.0,89.42545862890637,104.81883169066991,0.853143058232219,-28.320008669056044,0.49137931034482757
NEAR,queda,4,189.0,80.23823903463936,37.926553102295685,2.1156217075203325,88.23448617790386,0.6084656084656085
NEAR,queda,24,189.0,179.11760344627703,75.42867800347192,2.3746618419857817,130.36577894494084,0.5873015873015873
NEAR,queda,96,188.0,155.79718965898073,104.45230030431277,1.4915630312121326,246.5187957007181,0.5797872340425532
TRX,subida,4,173.0,60.45585402201923,39.8451322154926,1.517270759576317,-1.328638811495253,0.49710982658959535
TRX,subida,24,173.0,183.74400832107256,102.5029470480777,1.792572931926433,1.5611583826879993,0.5028901734104047
TRX,subida,96,173.0,118.85880112537073,102.78731268822695,1.1563567333051268,100.45287885182219,0.5260115606936416
TRX,queda,4,222.0,82.18085361356226,30.428191121263136,2.700812982475797,28.582391223244684,0.581081081081081
TRX,queda,24,222.0,188.93520640121778,55.67299380652311,3.3936598965346203,114.662937900738,0.581081081081081
TRX,queda,96,222.0,209.23010148687743,72.06181490941519,2.903480876104615,158.46634157247297,0.5900900900900901
BCH,subida,4,254.0,21.499727795641114,27.715848148421887,0.7757196417193275,-18.476652874865884,0.47244094488188976
BCH,subida,24,254.0,87.63223171921506,55.5350994804137,1.577961191014369,8.456587046339337,0.5039370078740157
BCH,subida,96,254.0,32.976554617038445,78.65613313706571,0.4192496287552516,-55.21223544868281,0.4881889763779528
BCH,queda,4,226.0,76.53860898518465,35.442882841211706,2.1594916341339006,67.40627417749056,0.6017699115044248
BCH,queda,24,226.0,151.0518839089967,59.476864109728595,2.539674647781056,108.66778992244086,0.5796460176991151
BCH,queda,96,226.0,80.43771515011636,89.85880661617631,0.8951567261926671,45.309947861063016,0.5265486725663717
APT,subida,4,125.0,1.8262596705341898,36.65859525384466,0.04981804834277321,34.2365124099242,0.528
APT,subida,24,125.0,-64.2913672594106,67.40888314544235,-0.9537521504501811,-143.56565715983206,0.432
APT,subida,96,124.0,62.19560802111271,102.87939798922106,0.6045487166208836,-59.10312768859005,0.46774193548387094
APT,queda,4,136.0,3.93166382218798,35.551353619134936,0.11059111459744322,23.211107882051827,0.5294117647058824
APT,queda,24,135.0,132.22851962216126,63.26456608503928,2.0900881457785023,116.51189984068999,0.6222222222222222
APT,queda,96,135.0,111.69784300134704,97.51870920128414,1.1453991128081522,98.02429773220655,0.5481481481481482
ARB,subida,4,137.0,89.20740248827548,38.139618592777985,2.3389694438414637,18.467225931646514,0.5255474452554745
ARB,subida,24,137.0,46.03816749613463,68.5326194299511,0.6717701421465642,-23.581440551890264,0.48905109489051096
ARB,subida,96,136.0,147.93680227988793,107.56976147691486,1.3752638311058827,27.24340735100153,0.5073529411764706
ARB,queda,4,136.0,21.37329387484073,38.989370286295014,0.5481825871487226,68.21562437949868,0.6102941176470589
ARB,queda,24,135.0,205.93816756404243,69.12316329468898,2.9792931594591177,193.65438642315215,0.6222222222222222
ARB,queda,96,132.0,423.69541048776375,108.11593536727845,3.918898810322795,473.4234756742356,0.6212121212121212
OP,subida,4,144.0,28.688135544425993,36.78128642392837,0.7799655295841608,-5.633466515849451,0.4861111111111111
OP,subida,24,144.0,-68.47333421204975,60.919396496178585,-1.123998892804938,-130.95149279958503,0.4097222222222222
OP,subida,96,144.0,-86.29219197134908,98.62822998588268,-0.8749238629112644,-144.44499389559053,0.4722222222222222
OP,queda,4,130.0,15.820771684205319,41.2968401383516,0.3830988431851682,64.88318375607594,0.5692307692307692
OP,queda,24,130.0,117.49677756959841,70.49030047672869,1.6668502868474535,115.7140365940208,0.5692307692307692
OP,queda,96,129.0,182.02915072974923,97.44788252427611,1.8679641467263521,190.7059508444897,0.5658914728682171
SUI,subida,4,151.0,54.48186765095431,31.410453068840106,1.734513906295786,40.57566312377997,0.5298013245033113
SUI,subida,24,151.0,111.22074407180546,58.803443966763126,1.8913984720804724,-48.59285635970379,0.47019867549668876
SUI,subida,96,150.0,309.91752563035794,123.62908991500771,2.506833350010256,48.78575388900339,0.5133333333333333
SUI,queda,4,113.0,50.06360768468638,36.16019048771493,1.3844951315091938,73.08437195809228,0.6106194690265486
SUI,queda,24,113.0,188.06972505270846,74.03929153705556,2.540134044348363,196.71462553074502,0.6371681415929203
SUI,queda,96,113.0,444.4701497863378,125.97907146379907,3.5281268914103663,191.35998408122467,0.584070796460177
