activo,sinal_em,entrada_em,saida_em,lado,entrada,stop,alvo,saida,motivo,R_bruto,R_liquido,duracao,duracao_h,R_preco,beta,R_btc,R_liquido_so_alt
ETH,2025-04-06 19:00:00+00:00,2025-04-06 19:00:00+00:00,2025-04-07 03:45:00+00:00,1,1617.6,1526.0278598530267,93189.7401469732,1526.0278598530267,stop,-0.5602742635788914,-0.609448799525613,35,8.75,91.5721401469732,1.169662267210252,0.41286539020092256,-1.0223141897265355
ETH,2025-04-07 04:00:00+00:00,2025-04-07 04:00:00+00:00,2025-04-07 07:00:00+00:00,1,1542.78,1450.8629563206964,93459.82367930356,1450.8629563206964,stop,-0.25901147295972493,-0.30608686804614704,12,3.0,91.91704367930356,1.1872490044299058,0.7150829590470473,-1.0211698270931944
ETH,2025-04-07 07:00:00+00:00,2025-04-07 07:00:00+00:00,2025-04-09 07:00:00+00:00,1,1430.49,1332.2368573545473,99683.63264545273,1459.19,tempo,-0.19406769534157725,-0.23660897634494293,192,48.0,98.25314264545273,1.2376192508236685,-0.5095947280250333,0.2729857516800903
ETH,2025-04-21 19:00:00+00:00,2025-04-21 19:00:00+00:00,2025-04-23 19:00:00+00:00,1,1566.81,1468.0801802498727,100296.62975012726,1797.55,tempo,0.5866638608468404,0.5355353201005495,192,48.0,98.72981975012726,1.4046559137887389,-1.779400193591659,2.3149355136922085
ETH,2025-05-08 14:00:00+00:00,2025-05-08 14:00:00+00:00,2025-05-08 15:45:00+00:00,-1,1975.37,2070.060870469863,-92715.50046986307,2070.060870469863,stop,-0.42482060903149543,-0.4901876168906212,7,1.75,94.69087046986306,1.3863532512061343,0.5375820091858685,-1.0277696260764897
ETH,2025-05-08 16:00:00+00:00,2025-05-08 16:00:00+00:00,2025-05-08 20:45:00+00:00,-1,2050.56,2153.0603069303966,-100449.74693039662,2153.0603069303966,stop,-0.6248234996372737,-0.6878188574116595,19,4.75,102.50030693039662,1.3972506975805283,0.3388381671508149,-1.0266570245624744
ETH,2025-05-08 21:00:00+00:00,2025-05-08 21:00:00+00:00,2025-05-09 07:15:00+00:00,-1,2184.46,2300.412724888188,-113768.26488818818,2300.412724888188,stop,-0.7691746238552142,-0.8284593016551961,41,10.25,115.95272488818819,1.3941317881936934,0.1966816967472854,-1.0251409984024815
ETH,2025-05-09 08:00:00+00:00,2025-05-09 08:00:00+00:00,2025-05-10 17:45:00+00:00,-1,2363.71,2499.648457762085,-133574.7477620849,2499.648457762085,stop,-1.0489018613890297,-1.1041114348253915,135,33.75,135.9384577620849,1.4136581472789895,-0.08085691914537749,-1.0232545156800141
ETH,2025-05-10 19:00:00+00:00,2025-05-10 19:00:00+00:00,2025-05-12 19:00:00+00:00,-1,2494.45,2644.956860839889,-148012.4108398892,2434.19,tempo,0.04726573784744936,-0.003383496237382877,192,48.0,150.5068608398892,1.36285360455683,-0.38247840049358783,0.37909490425620496
ETH,2025-05-14 01:00:00+00:00,2025-05-14 01:00:00+00:00,2025-05-16 01:00:00+00:00,-1,2694.96,2861.108880388707,-163453.92038870687,2543.69,tempo,0.8775199340227426,0.8277175341921998,192,48.0,166.14888038870686,1.3899137285655196,-0.06223656693727342,0.8899541011294733
ETH,2025-05-29 03:00:00+00:00,2025-05-29 03:00:00+00:00,2025-05-31 03:00:00+00:00,-1,2770.2,2928.843450813039,-155873.25081303917,2489.09,tempo,0.5457790599770944,0.49121626530203466,192,48.0,158.64345081303918,1.4543497368295564,-1.2591961222049555,1.7504123875069901
ETH,2025-06-03 09:00:00+00:00,2025-06-03 09:00:00+00:00,2025-06-05 09:00:00+00:00,-1,2606.2,2741.886387974922,-133080.18797492213,2604.23,tempo,-0.09449258074002168,-0.15575955952836282,192,48.0,135.68638797492213,1.4540225243727036,-0.14531798523970202,-0.010441574288660792
ETH,2025-06-06 18:00:00+00:00,2025-06-06 18:00:00+00:00,2025-06-08 18:00:00+00:00,1,2498.41,2360.7406169705846,140167.79302941528,2522.21,tempo,-0.12558797207900343,-0.18452081359288627,192,48.0,137.66938302941526,1.4932096602320803,-0.3336941195821505,0.14917330598926423
ETH,2025-06-10 12:00:00+00:00,2025-06-10 12:00:00+00:00,2025-06-12 12:00:00+00:00,-1,2772.99,2915.6693490449343,-139906.3590449345,2728.76,tempo,-0.37963661553482614,-0.44195453156202347,192,48.0,142.6793490449345,1.4744823326216316,-0.7268861826532848,0.2849316510912613
ETH,2025-06-13 05:00:00+00:00,2025-06-13 05:00:00+00:00,2025-06-15 05:00:00+00:00,1,2506.93,2366.930848825446,142506.08117455384,2542.62,tempo,-0.042465268624288066,-0.10079476881545482,192,48.0,139.99915117455384,1.4985761055582614,-0.33228040446472634,0.23148563564927152
ETH,2025-06-22 02:00:00+00:00,2025-06-22 02:00:00+00:00,2025-06-22 20:15:00+00:00,1,2265.27,2140.7609468596575,126774.32314034253,2140.7609468596575,stop,0.09817379290576622,0.03809221534015683,73,18.25,124.50905314034253,1.5677466256911754,1.0610939171700684,-1.0230017018299116
ETH,2025-07-14 08:00:00+00:00,2025-07-14 08:00:00+00:00,2025-07-16 08:00:00+00:00,1,3043.65,2901.3178267931,145375.82320690027,3160.55,tempo,2.069670236470436,1.9975603700565312,192,48.0,142.33217320690028,1.5747347873947695,1.2045754288659596,0.7929849411905717
ETH,2025-07-16 08:00:00+00:00,2025-07-16 08:00:00+00:00,2025-07-16 18:00:00+00:00,-1,3160.55,3314.593616579856,-150883.066579856,3314.593616579856,stop,-0.771116219720485,-0.8394135662709757,40,10.0,154.043616579856,1.5362289461956884,0.1879088469793978,-1.0273224132503735
ETH,2025-07-16 18:00:00+00:00,2025-07-16 18:00:00+00:00,2025-07-17 09:30:00+00:00,-1,3316.13,3479.7984315738117,-160352.30157381162,3479.7984315738117,stop,-0.9754147620429172,-1.042835819595851,62,15.5,163.66843157381163,1.5350018207538416,-0.01584617084045957,-1.0269896487553913
ETH,2025-07-17 10:00:00+00:00,2025-07-17 10:00:00+00:00,2025-07-18 05:15:00+00:00,-1,3465.65,3638.2903090898812,-169174.65908988117,3638.2903090898812,stop,-0.5474952808367206,-0.6133422788192603,77,19.25,172.64030908988116,1.4982836793715084,0.41340443650609504,-1.0267467153253553
ETH,2025-07-18 06:00:00+00:00,2025-07-18 06:00:00+00:00,2025-07-20 06:00:00+00:00,-1,3670.04,3858.0079703449633,-184297.9303449633,3646.47,tempo,-0.5392001950243688,-0.6021726747938001,192,48.0,187.9679703449633,1.4841753369800386,-0.7022656239567441,0.10009294916294392
ETH,2025-07-20 11:00:00+00:00,2025-07-20 11:00:00+00:00,2025-07-22 11:00:00+00:00,-1,3698.38,3880.921209602476,-178842.8296024761,3697.62,tempo,0.27687192534715693,0.21132144450698193,192,48.0,182.5412096024761,1.488856464512213,0.2334939720628905,-0.02217252755590856
ETH,2025-07-22 20:00:00+00:00,2025-07-22 20:00:00+00:00,2025-07-24 20:00:00+00:00,1,3668.9,3483.18613126125,189382.76873875008,3730.81,tempo,0.42514447187423,0.3622384078841293,192,48.0,185.71386873875008,1.4409510733103763,0.05477516408985675,0.3074632437942726
ETH,2025-07-25 06:00:00+00:00,2025-07-25 06:00:00+00:00,2025-07-27 06:00:00+00:00,-1,3632.16,3826.40696482996,-190614.80482996022,3789.84,tempo,-0.14218228991078974,-0.2032152635810337,192,48.0,194.24696482996023,1.489084242729007,0.633370781108278,-0.8365860446893117
ETH,2025-08-04 18:00:00+00:00,2025-08-04 18:00:00+00:00,2025-08-06 18:00:00+00:00,-1,3679.58,3852.475798229047,-169216.21822904717,3680.75,tempo,0.08081578719121205,0.011628884881761295,192,48.0,172.89579822904716,1.5005705504406637,0.04606705261624902,-0.034438167734487726
ETH,2025-08-07 13:00:00+00:00,2025-08-07 13:00:00+00:00,2025-08-08 18:00:00+00:00,-1,3848.48,4030.3825315067133,-178054.05150671332,4030.3825315067133,stop,-0.9055373932427082,-0.975447255584181,116,29.0,181.90253150671333,1.518185859536228,0.05270661672897241,-1.0281538723131534
ETH,2025-08-08 18:00:00+00:00,2025-08-08 18:00:00+00:00,2025-08-09 10:00:00+00:00,-1,4031.84,4228.075753142621,-192203.91314262053,4228.075753142621,stop,-0.783475422614136,-0.8515080480789041,64,16.0,196.23575314262052,1.5227802570015483,0.1758516208578807,-1.0273596689367848
ETH,2025-08-09 10:00:00+00:00,2025-08-09 10:00:00+00:00,2025-08-11 10:00:00+00:00,-1,4217.98,4424.993438487615,-202795.4584876155,4264.96,tempo,0.8349169556625063,0.7671131000332415,192,48.0,207.01343848761553,1.5542252446271194,1.0206904106827668,-0.25357731064952527
ETH,2025-08-12 12:00:00+00:00,2025-08-12 12:00:00+00:00,2025-08-12 17:15:00+00:00,-1,4289.35,4495.208988476829,-201569.63847682893,4495.208988476829,stop,-0.6989783627423665,-0.7659757584610245,21,5.25,205.85898847682893,1.4493952859479016,0.26176149695229767,-1.0277372554133222
ETH,2025-08-12 18:00:00+00:00,2025-08-12 18:00:00+00:00,2025-08-13 12:45:00+00:00,-1,4498.55,4722.110741586912,-219062.19158691174,4722.110741586912,stop,-0.6826720954944097,-0.747674952787522,75,18.75,223.56074158691172,1.4600700396084692,0.27913400051746373,-1.0268089533049858
ETH,2025-08-22 17:00:00+00:00,2025-08-22 17:00:00+00:00,2025-08-24 17:00:00+00:00,-1,4744.87,5043.894047052891,-294279.1770528916,4819.77,tempo,-0.67701212436998,-0.7325690100992398,192,48.0,299.02404705289155,1.685355213982238,-0.4612964592811027,-0.2712725508181371
ETH,2025-08-25 20:00:00+00:00,2025-08-25 20:00:00+00:00,2025-08-27 20:00:00+00:00,1,4418.77,4144.016933988645,279171.8360113553,4563.23,tempo,0.1888913212069283,0.1325870085143815,192,48.0,274.75306601135526,1.6766730842675,-0.3719449408916719,0.5045319494060534
ETH,2025-09-02 04:00:00+00:00,2025-09-02 04:00:00+00:00,2025-09-04 04:00:00+00:00,1,4365.23,4123.796301404039,245798.92859596078,4396.12,tempo,-0.09032558039284139,-0.15202526065947533,192,48.0,241.43369859596078,1.621467916125603,-0.2563815400294251,0.10435627936994976
ETH,2025-09-12 23:00:00+00:00,2025-09-12 23:00:00+00:00,2025-09-14 23:00:00+00:00,-1,4693.35,4898.207842895524,-200164.49289552338,4626.98,tempo,0.3189205195011444,0.2416660637605964,192,48.0,204.8578428955234,1.600950388409845,-0.052741924957509685,0.2944079887181061
ETH,2025-09-22 06:00:00+00:00,2025-09-22 06:00:00+00:00,2025-09-22 06:15:00+00:00,1,4217.7,4060.1449171277495,161772.7828722503,4060.1449171277495,stop,-0.7754174962137215,-0.85849245819049,1,0.25,157.5550828722503,1.4058488535905955,0.1756581328158044,-1.0341505910062945
ETH,2025-09-22 15:00:00+00:00,2025-09-22 15:00:00+00:00,2025-09-24 15:00:00+00:00,1,4187.99,4031.483172873569,160694.81712643083,4191.77,tempo,-0.23260099735913697,-0.3163019133153089,192,48.0,156.50682712643084,1.40565334240136,-0.3056516175384172,-0.010650295776891697
ETH,2025-09-25 04:00:00+00:00,2025-09-25 04:00:00+00:00,2025-09-25 12:30:00+00:00,1,4059.76,3912.1020605206677,151717.69947933254,3912.1020605206677,stop,-0.5374795432042925,-0.6211920170251685,34,8.5,147.65793947933253,1.360273864951789,0.41390064617743383,-1.0350926632026023
ETH,2025-09-26 18:00:00+00:00,2025-09-26 18:00:00+00:00,2025-09-28 18:00:00+00:00,-1,4042.26,4211.190655089313,-164888.3950893125,4038.01,tempo,0.1180349501329755,0.04361544022883592,192,48.0,168.9306550893125,1.392891992166583,0.049547907012145065,-0.005932466783309144
ETH,2025-10-08 13:00:00+00:00,2025-10-08 13:00:00+00:00,2025-10-09 15:45:00+00:00,1,4476.34,4296.858813082885,183957.52691711535,4296.858813082885,stop,-0.4899625594341359,-0.5658832259125753,107,26.75,179.48118691711534,1.361646775058487,0.4658893477284566,-1.031772573641032
ETH,2025-10-12 18:00:00+00:00,2025-10-12 18:00:00+00:00,2025-10-14 18:00:00+00:00,-1,4125.22,4365.406622732167,-236061.40273216704,4099.36,tempo,-0.11477878668846714,-0.1686930463297793,192,48.0,240.18662273216705,1.4178277746589074,-0.2541017288227916,0.08540868249301228
ETH,2025-11-05 15:00:00+00:00,2025-11-05 15:00:00+00:00,2025-11-07 15:00:00+00:00,1,3347.2,3152.92986836248,197617.33163751964,3286.69,tempo,0.2388243584160002,0.18599269463294532,192,48.0,194.27013163751963,1.3677530192315137,0.5196622502852184,-0.3336695556522731
ETH,2025-11-14 05:00:00+00:00,2025-11-14 05:00:00+00:00,2025-11-16 05:00:00+00:00,1,3161.5,2980.972285176202,183689.21482379784,3193.38,tempo,0.656468500729353,0.603217067120764,192,48.0,180.52771482379785,1.3340034843367388,0.44950477963579494,0.15371228748496896
ETH,2025-12-04 01:00:00+00:00,2025-12-04 01:00:00+00:00,2025-12-06 01:00:00+00:00,-1,3196.49,3384.649754136916,-184963.26413691606,3024.7,tempo,0.04931727266001751,-0.0009303876596703509,192,48.0,188.15975413691604,1.3021046671403596,-0.8924399842226952,0.8915095965630249
ETH,2025-12-10 12:00:00+00:00,2025-12-10 12:00:00+00:00,2025-12-12 12:00:00+00:00,-1,3316.76,3514.6745291797088,-194597.76917970856,3241.17,tempo,0.4526681975586454,0.40253244619768275,192,48.0,197.91452917970855,1.3126663754516348,0.04213775564298306,0.3603946905546997
ETH,2025-12-12 17:00:00+00:00,2025-12-12 17:00:00+00:00,2025-12-14 17:00:00+00:00,1,3067.89,2879.3621007335682,191595.78926643165,3096.95,tempo,0.4446205639969395,0.39543596843911727,192,48.0,188.52789926643163,1.3202565623993878,0.2625492492984413,0.13288671914067596
ETH,2025-12-16 17:00:00+00:00,2025-12-16 17:00:00+00:00,2025-12-18 17:00:00+00:00,1,2937.12,2773.868928997395,166188.19100260493,2942.56,tempo,-0.08579392892668121,-0.13963226790256833,192,48.0,163.25107100260493,1.3009537597308465,-0.14954465616478216,0.009912388262213814
ETH,2026-01-06 15:00:00+00:00,2026-01-06 15:00:00+00:00,2026-01-08 15:00:00+00:00,-1,3276.67,3391.582445624153,-111635.77562415296,3075.75,tempo,0.26415639525315493,0.1808162328609464,192,48.0,114.91244562415295,1.2789130614084372,-1.5317130404577084,1.7125292733186548
ETH,2026-01-14 07:00:00+00:00,2026-01-14 07:00:00+00:00,2026-01-16 07:00:00+00:00,-1,3333.33,3456.6394049203423,-119976.07492034233,3312.61,tempo,0.4081892629882267,0.3318434272856423,192,48.0,123.30940492034233,1.175608537600518,0.19884352342109712,0.13299990386454516
ETH,2026-01-20 15:00:00+00:00,2026-01-20 15:00:00+00:00,2026-01-20 22:45:00+00:00,1,3046.16,2937.406747786353,111799.41221364665,2937.406747786353,stop,-0.31590943124297866,-0.39303320790869456,31,7.75,108.75325221364665,1.1358924399482082,0.6427295698188215,-1.035762777727516
ETH,2026-01-20 23:00:00+00:00,2026-01-20 23:00:00+00:00,2026-01-22 23:00:00+00:00,1,2950.0,2843.342025513286,109607.97448671401,2950.3,tempo,-0.29379964844234424,-0.3705726334571147,192,48.0,106.65797448671401,1.1351384816099794,-0.33742747936045425,-0.03314515409666048
ETH,2026-01-30 21:00:00+00:00,2026-01-30 21:00:00+00:00,2026-01-31 14:30:00+00:00,1,2678.82,2554.67893925983,126819.88074017037,2554.67893925983,stop,-0.2674849095897386,-0.32929588751689787,70,17.5,124.14106074017036,1.2265750921174623,0.6981066035705503,-1.0274024910874482
ETH,2026-01-31 15:00:00+00:00,2026-01-31 15:00:00+00:00,2026-01-31 17:15:00+00:00,1,2536.82,2414.0006080054786,125356.21199452155,2414.0006080054786,stop,-0.16255500115593902,-0.222404212988223,9,2.25,122.81939199452154,1.2531165345677684,0.8037971330935677,-1.0262013460817907
ETH,2026-01-31 18:00:00+00:00,2026-01-31 18:00:00+00:00,2026-01-31 18:45:00+00:00,1,2401.43,2277.9161144157306,125915.31558426924,2277.9161144157306,stop,-0.5798265540694243,-0.6366397143388912,3,0.75,123.51388558426925,1.273484549697299,0.38798565437963284,-1.024625368718524
ETH,2026-01-31 19:00:00+00:00,2026-01-31 19:00:00+00:00,2026-02-01 23:15:00+00:00,1,2378.76,2256.201814817566,124936.94518243404,2256.201814817566,stop,-0.555473426621617,-0.6120880780567945,113,28.25,122.55818518243404,1.2695249609686754,0.4124939208945349,-1.0245819989513294
ETH,2026-02-02 00:00:00+00:00,2026-02-02 00:00:00+00:00,2026-02-03 18:30:00+00:00,1,2269.03,2144.3063900363204,126992.63996367979,2144.3063900363204,stop,-0.12196900404232525,-0.1756665555654412,170,42.5,124.72360996367979,1.297973759254669,0.8473336498837033,-1.0230002054491445
ETH,2026-02-05 22:00:00+00:00,2026-02-05 22:00:00+00:00,2026-02-06 14:45:00+00:00,-1,1848.74,1985.2090954049759,-134620.35540497588,1985.2090954049759,stop,0.4128997412114752,0.3716985808330653,67,16.75,136.46909540497586,1.3025995145399185,1.3899596157187877,-1.0182610348857224
ETH,2026-02-15 20:00:00+00:00,2026-02-15 20:00:00+00:00,2026-02-17 20:00:00+00:00,1,1941.18,1814.3439632160507,128777.21678394933,1997.3,tempo,0.5789081996276628,0.5343511616101474,192,48.0,126.83603678394934,1.2250384234860408,0.11207379188096547,0.4222773697291819
ETH,2026-02-25 18:00:00+00:00,2026-02-25 18:00:00+00:00,2026-02-27 18:00:00+00:00,-1,2073.1,2190.3875399379854,-115214.43993798544,1930.99,tempo,0.3127611282448416,0.26341102140649464,192,48.0,117.28753993798546,1.1819883736902563,-0.926036225707418,1.1894472471139126
ETH,2026-03-16 04:00:00+00:00,2026-03-16 04:00:00+00:00,2026-03-16 21:15:00+00:00,-1,2235.14,2353.480876717639,-116105.73671763927,2353.480876717639,stop,-0.7696476114088578,-0.823157017083268,69,17.25,118.34087671763928,1.1528262247152472,0.20204647686230204,-1.02520349394557
ETH,2026-03-16 22:00:00+00:00,2026-03-16 22:00:00+00:00,2026-03-18 22:00:00+00:00,-1,2359.63,2483.8001097172864,-121810.47971728632,2201.55,tempo,0.345541172507441,0.2931142821481223,192,48.0,124.17010971728632,1.1556850106071792,-0.9561012766781543,1.2492155588262766
ETH,2026-04-23 10:00:00+00:00,2026-04-23 10:00:00+00:00,2026-04-25 10:00:00+00:00,1,2314.77,2218.550027909858,98534.74209014217,2317.8,tempo,0.008876497678783422,-0.06076549790289035,192,48.0,96.21997209014216,1.2261661388423222,-0.06096119012344681,0.0001956922205564593
ETH,2026-05-12 09:00:00+00:00,2026-05-12 09:00:00+00:00,2026-05-14 09:00:00+00:00,1,2286.99,2215.552463828764,73724.52617123594,2265.17,tempo,0.16400439886130036,0.07427585058477287,192,48.0,71.43753617123593,1.1607741088965517,0.4211369732948929,-0.34686112271012004
ETH,2026-05-18 19:00:00+00:00,2026-05-18 19:00:00+00:00,2026-05-20 19:00:00+00:00,1,2080.37,2011.4813039488988,70969.06605110108,2131.15,tempo,0.2291831823827144,0.14582667197924637,192,48.0,68.88869605110108,1.1110572819941997,-0.5515665834303589,0.6973932554096053
ETH,2026-06-01 16:00:00+00:00,2026-06-01 16:00:00+00:00,2026-06-03 16:00:00+00:00,-1,1967.61,2032.6952686495922,-63117.65864959231,1835.99,tempo,-0.5500397335093941,-0.6350785316616621,192,48.0,65.08526864959231,1.1972482912220426,-2.619362574419606,1.9842840427579438
ETH,2026-06-03 17:00:00+00:00,2026-06-03 17:00:00+00:00,2026-06-04 01:30:00+00:00,1,1831.78,1765.3447003572523,68267.07964274762,1765.3447003572523,stop,0.6438076885234025,0.5665689437679837,34,8.5,66.43529964274762,1.1729860474610843,1.6017630509339842,-1.0351941071660005
ETH,2026-06-04 02:00:00+00:00,2026-06-04 02:00:00+00:00,2026-06-06 02:00:00+00:00,-1,1759.17,1834.4203784965748,-73491.20849657473,1582.13,tempo,1.8538811402394808,1.7888748108510852,192,48.0,75.25037849657474,1.189330934977547,-0.5349428030092844,2.3238176138603697
ETH,2026-06-06 02:00:00+00:00,2026-06-06 02:00:00+00:00,2026-06-08 02:00:00+00:00,1,1582.13,1497.8315950980004,85880.53490199968,1686.4,tempo,0.48543236602699913,0.4326595847180488,192,48.0,84.29840490199967,1.129984352441415,-0.7790532065114915,1.2117127912295402
ETH,2026-06-15 14:00:00+00:00,2026-06-15 14:00:00+00:00,2026-06-17 14:00:00+00:00,-1,1813.3,1904.373155279306,-89259.8552793061,1760.14,tempo,0.16275004590348813,0.10639201834539869,192,48.0,91.07315527930609,1.1920329679561228,-0.45181049307622156,0.5582025114216203
ETH,2026-07-03 03:00:00+00:00,2026-07-03 03:00:00+00:00,2026-07-04 15:15:00+00:00,-1,1704.06,1790.9171218604763,-85153.06186047636,1790.9171218604763,stop,-0.480363359075749,-0.5363188251445667,145,36.25,86.85712186047635,1.1684292472049729,0.4898360264156603,-1.026154851560227
ETH,2026-07-14 14:00:00+00:00,2026-07-14 14:00:00+00:00,2026-07-16 14:00:00+00:00,-1,1870.52,1950.8927099851426,-78502.18998514258,1881.94,tempo,0.09333759239144354,0.027589481538318222,192,48.0,80.37270998514259,1.1700797497977724,0.20002486417705237,-0.17243538263873415
ETH,2026-07-27 00:00:00+00:00,2026-07-27 00:00:00+00:00,2026-07-29 00:00:00+00:00,-1,1953.8,2018.0205762276469,-62266.776227646915,1921.13,tempo,-0.2815951741460322,-0.3664567365930852,192,48.0,64.22057622764692,1.1540248745750625,-0.8359526095843296,0.4694958729912444
ETH,2026-08-12 16:00:00+00:00,2026-08-12 16:00:00+00:00,2026-08-14 16:00:00+00:00,-1,1891.64,1943.355372744189,-49823.73274418893,1880.72,tempo,-0.1148793876725924,-0.2200644138660095,192,48.0,51.715372744188926,1.2149200761487557,-0.3838061709231814,0.16374175705717192
ETH,2026-08-18 03:00:00+00:00,2026-08-18 03:00:00+00:00,2026-08-20 03:00:00+00:00,1,1892.13,1847.2097315476267,46812.39845237342,2251.29,tempo,3.9371316123493507,3.81229925920747,192,48.0,44.92026845237342,1.1847778448605477,-4.123244967958997,7.935544227166467
ETH,2026-08-20 03:00:00+00:00,2026-08-20 03:00:00+00:00,2026-08-20 16:45:00+00:00,-1,2251.28,2356.6672258256585,-103135.94582565833,2356.6672258256585,stop,0.3678464260042631,0.3021630785207987,55,13.75,105.38722582565833,1.34180762719546,1.3305836548603027,-1.028420576339504
ETH,2026-08-20 22:00:00+00:00,2026-08-20 22:00:00+00:00,2026-08-22 22:00:00+00:00,1,2317.61,2208.273374535428,111654.23546457208,2406.39,tempo,-0.7517498679720083,-0.8153983657856295,192,48.0,109.33662546457208,1.2906239839352187,-1.5993022007157813,0.7839038349301518
SOL,2025-04-03 12:00:00+00:00,2025-04-03 12:00:00+00:00,2025-04-05 12:00:00+00:00,1,115.68,107.68585190848638,8109.828091513623,120.22,tempo,0.48590971125468047,0.4428232991712125,192,48.0,7.9941480915136225,1.270774543350524,-0.10591121885163483,0.5487345180228473
SOL,2025-04-07 08:00:00+00:00,2025-04-07 08:00:00+00:00,2025-04-09 08:00:00+00:00,1,97.07,89.7281335029075,7438.936497092496,107.32,tempo,0.7483961380461573,0.7056748549589579,192,48.0,7.3418664970924965,1.4327523913013849,-0.6723325637276337,1.3780074186865916
SOL,2025-04-12 22:00:00+00:00,2025-04-12 22:00:00+00:00,2025-04-14 22:00:00+00:00,-1,132.65,144.35081126237372,-11568.16126237372,129.51,tempo,0.1384638993202115,0.10176680136385616,192,48.0,11.700811262373719,1.5018227090617549,-0.15202722482895495,0.2537940261928111
SOL,2025-04-21 17:00:00+00:00,2025-04-21 17:00:00+00:00,2025-04-23 17:00:00+00:00,1,135.51,125.41400604792486,10231.503952075134,151.01,tempo,-0.044532725886110125,-0.09070488494952533,192,48.0,10.095993952075133,1.5889593084727938,-1.607520571715305,1.5168156867657796
SOL,2025-05-09 11:00:00+00:00,2025-05-09 11:00:00+00:00,2025-05-11 11:00:00+00:00,-1,173.96,183.76601306412246,-9632.053064122454,174.55,tempo,0.27213085649875135,0.21427284965096738,192,48.0,9.806013064122453,1.5070877081090974,0.2975412987811721,-0.08326844913020472
SOL,2025-05-14 05:00:00+00:00,2025-05-14 05:00:00+00:00,2025-05-16 05:00:00+00:00,-1,181.59,192.0217308089071,-10250.140808907105,171.86,tempo,0.9758862910400763,0.9197991325631649,192,48.0,10.431730808907105,1.5052660434014569,0.009091439465081771,0.9107076930980832
SOL,2025-05-19 16:00:00+00:00,2025-05-19 16:00:00+00:00,2025-05-21 16:00:00+00:00,1,164.09,154.1663955958459,10087.694404154105,172.12,tempo,-0.16721971780411604,-0.22092564934534598,192,48.0,9.923604404154105,1.4739562190155917,-1.0080855543421692,0.7871599049968232
SOL,2025-05-23 04:00:00+00:00,2025-05-23 04:00:00+00:00,2025-05-25 04:00:00+00:00,-1,184.94,196.22719356939956,-11102.253569399561,173.53,tempo,0.3627250202715777,0.31087848746539837,192,48.0,11.287193569399562,1.4649090003642393,-0.6793583177491127,0.9902368052145111
SOL,2025-06-11 08:00:00+00:00,2025-06-11 08:00:00+00:00,2025-06-13 08:00:00+00:00,-1,166.59,175.69579842278756,-8939.208422787558,144.92,tempo,1.1703650208766105,1.110454333471989,192,48.0,9.105798422787558,1.5840508612906057,-1.2471114178493723,2.3575657513213613
SOL,2025-06-13 08:00:00+00:00,2025-06-13 08:00:00+00:00,2025-06-15 08:00:00+00:00,1,144.92,136.3034224418636,8761.497558136385,145.81,tempo,-0.037990704732450364,-0.09539991351728622,192,48.0,8.616577558136385,1.622626807606227,-0.1767576794365469,0.0813577659192607
SOL,2025-06-15 19:00:00+00:00,2025-06-15 19:00:00+00:00,2025-06-17 19:00:00+00:00,-1,152.64,161.27414173255272,-8481.501732552735,148.06,tempo,0.2386198140114233,0.17886531956327556,192,48.0,8.634141732552735,1.6150307118929543,-0.3289494854067684,0.5078148049700439
SOL,2025-06-28 18:00:00+00:00,2025-06-28 18:00:00+00:00,2025-06-30 18:00:00+00:00,-1,152.1,160.98904966497182,-8736.949664971822,156.69,tempo,-0.5168712103031803,-0.5786738784800637,192,48.0,8.889049664971822,1.763280669863401,-0.039728357804407775,-0.5389455206756559
SOL,2025-07-11 07:00:00+00:00,2025-07-11 07:00:00+00:00,2025-07-13 07:00:00+00:00,1,163.58,155.69008085427245,8053.499145727561,161.53,tempo,-0.31953526315883507,-0.38918543557563556,192,48.0,7.889919145727561,1.5904367134149353,-0.10257647821711424,-0.2866089573585213
SOL,2025-07-16 20:00:00+00:00,2025-07-16 20:00:00+00:00,2025-07-18 05:15:00+00:00,-1,174.13,182.78971813330554,-8485.588133305546,182.78971813330554,stop,-0.6627029614043247,-0.727960751602444,133,33.25,8.659718133305546,1.4715630335048226,0.2988297066105523,-1.0267904582129963
SOL,2025-07-21 10:00:00+00:00,2025-07-21 10:00:00+00:00,2025-07-22 01:45:00+00:00,-1,191.69,201.57352036339913,-9691.830363399127,201.57352036339913,stop,-1.25162653769573,-1.3139664314834225,63,15.75,9.883520363399128,1.4467121252125337,-0.28810304689600047,-1.025863384587422
SOL,2025-07-22 02:00:00+00:00,2025-07-22 02:00:00+00:00,2025-07-24 02:00:00+00:00,-1,202.14,212.83225595360256,-10490.11595360257,191.52,tempo,1.2988847981813296,1.240571542007015,192,48.0,10.692255953602569,1.3989590630399689,0.2712605710600494,0.9693109709469654
SOL,2025-07-24 05:00:00+00:00,2025-07-24 05:00:00+00:00,2025-07-26 05:00:00+00:00,1,186.04,175.0743246784574,11151.715321542591,185.93,tempo,0.08175162679834883,0.027487873225523596,192,48.0,10.96567532154259,1.4606379248788444,0.05956802238960615,-0.032080149164082555
SOL,2025-08-08 18:00:00+00:00,2025-08-08 18:00:00+00:00,2025-08-10 18:00:00+00:00,-1,179.3,189.08910514724587,-9609.805147245863,181.61,tempo,0.2063117470419563,0.1455628351145477,192,48.0,9.789105147245863,1.544836700150932,0.4055040107097364,-0.2599411755951887
SOL,2025-08-11 02:00:00+00:00,2025-08-11 02:00:00+00:00,2025-08-11 22:30:00+00:00,1,183.63,173.6980481462434,10115.581853756601,173.6980481462434,stop,-0.599961762846412,-0.6634216580090755,82,20.5,9.931951853756601,1.667305041094167,0.35996379881905116,-1.0233854568281266
SOL,2025-08-12 19:00:00+00:00,2025-08-12 19:00:00+00:00,2025-08-13 03:00:00+00:00,-1,188.15,198.38835699467177,-10050.206994671762,198.38835699467177,stop,-0.9493569284053669,-1.0126442184717577,32,8.0,10.238356994671761,1.6218971642041542,0.011895845151467452,-1.0245400636232251
SOL,2025-08-13 03:00:00+00:00,2025-08-13 03:00:00+00:00,2025-08-14 04:30:00+00:00,-1,198.6,209.57589813486933,-10777.29813486934,209.57589813486933,stop,-0.056470302793330096,-0.118513171550922,102,25.5,10.97589813486934,1.6099692992901569,0.9056592770749254,-1.0241724486258474
SOL,2025-08-23 05:00:00+00:00,2025-08-23 05:00:00+00:00,2025-08-25 05:00:00+00:00,-1,204.68,218.02389470805403,-13139.214708054024,207.41,tempo,-0.9652254875073196,-1.0215268962286879,192,48.0,13.343894708054023,1.8168005964020766,-0.7968654637467182,-0.22466143248196957
SOL,2025-08-26 03:00:00+00:00,2025-08-26 03:00:00+00:00,2025-08-28 03:00:00+00:00,1,187.43,174.82430816834795,12793.121831652054,206.17,tempo,1.0593179815527267,1.0046752132187,192,48.0,12.605691831652052,1.7769501575853845,-0.4616592210078679,1.4663344342265678
SOL,2025-09-12 06:00:00+00:00,2025-09-12 06:00:00+00:00,2025-09-14 06:00:00+00:00,-1,238.49,251.38974793158707,-12661.257931587059,247.57,tempo,-0.6347493654338472,-0.7007054377730781,192,48.0,12.899747931587058,1.7252060487412775,0.027676159280655963,-0.7283815970537341
SOL,2025-09-15 18:00:00+00:00,2025-09-15 18:00:00+00:00,2025-09-17 18:00:00+00:00,1,233.19,221.03176689709613,12391.423102903866,232.44,tempo,-0.17263639120909618,-0.2402969483054771,192,48.0,12.158233102903864,1.7152514293400078,-0.15371697479365296,-0.08657997351182414
SOL,2025-09-18 18:00:00+00:00,2025-09-18 18:00:00+00:00,2025-09-20 18:00:00+00:00,-1,251.3,263.7695442892772,-12218.244289277167,238.98,tempo,0.47589196343940876,0.40613351196385805,192,48.0,12.469544289277167,1.6871471432421314,-0.5563168969352239,0.962450408899082
SOL,2025-09-27 00:00:00+00:00,2025-09-27 00:00:00+00:00,2025-09-29 00:00:00+00:00,-1,205.0,216.08141618082408,-10876.416180824079,210.7,tempo,0.19668190314016176,0.13227588042338723,192,48.0,11.081416180824078,1.6641836483159058,0.6710341855514966,-0.5387583051281094
SOL,2025-10-11 04:00:00+00:00,2025-10-11 04:00:00+00:00,2025-10-11 21:15:00+00:00,1,184.01,172.44159666463236,11752.413335367635,172.44159666463236,stop,-0.4636198594505715,-0.5181824981191344,69,17.25,11.568403335367634,1.6700976674672836,0.5018456363705807,-1.020028134489715
SOL,2025-10-14 01:00:00+00:00,2025-10-14 01:00:00+00:00,2025-10-16 01:00:00+00:00,-1,209.18,223.73964453204596,-14350.464532045951,193.78,tempo,0.08930000091827495,0.03928369704429446,192,48.0,14.55964453204595,1.7147381541548612,-1.000444708871174,1.0397284059154686
SOL,2025-10-31 05:00:00+00:00,2025-10-31 05:00:00+00:00,2025-11-02 05:00:00+00:00,1,186.52,174.9073987818228,11799.121218177219,187.71,tempo,-0.026708824427626107,-0.07995025815211985,192,48.0,11.612601218177218,1.5466357005499833,-0.1614781158829139,0.08152785773079403
SOL,2025-11-03 20:00:00+00:00,2025-11-03 20:00:00+00:00,2025-11-04 08:00:00+00:00,1,166.65,155.91468314950896,10901.966850491046,155.91468314950896,stop,-0.40943447031049895,-0.46067055412170854,48,12.0,10.735316850491046,1.5710888774006733,0.5588600332812698,-1.0195305874029783
SOL,2025-11-04 08:00:00+00:00,2025-11-04 08:00:00+00:00,2025-11-04 21:45:00+00:00,1,157.01,146.38698817579902,10780.021824200972,146.38698817579902,stop,0.1697658272344611,0.12055679913692452,55,13.75,10.623011824200972,1.5949010843175075,1.139121029844547,-1.0185642307076226
SOL,2025-11-12 04:00:00+00:00,2025-11-12 04:00:00+00:00,2025-11-13 18:45:00+00:00,1,154.45,144.5274310047482,10077.018995251794,144.5274310047482,stop,0.0958684605411888,0.0444954060622027,155,38.75,9.922568995251794,1.5709208726323334,1.064080589117728,-1.0195851830555254
SOL,2025-11-18 19:00:00+00:00,2025-11-18 19:00:00+00:00,2025-11-20 19:00:00+00:00,-1,141.39,150.7597531157126,-9228.363115712627,132.47,tempo,-0.651614196313834,-0.699024860935871,192,48.0,9.369753115712626,1.4483519265334652,-1.6320260715376838,0.9330012106018127
SOL,2026-01-05 17:00:00+00:00,2026-01-05 17:00:00+00:00,2026-01-07 17:00:00+00:00,1,135.35,129.7313038362242,5754.046163775781,135.62,tempo,0.9107186112342298,0.8359148985146782,192,48.0,5.61869616377578,1.3876777226764228,0.8192082645797103,0.016706633934967866
SOL,2026-01-19 01:00:00+00:00,2026-01-19 01:00:00+00:00,2026-01-20 15:15:00+00:00,1,133.71,127.66726405667914,6176.445943320864,127.66726405667914,stop,-0.2671862618112846,-0.33226651512336636,153,38.25,6.042735943320864,1.2850288181224705,0.6958490972797586,-1.028115612403125
SOL,2026-01-31 16:00:00+00:00,2026-01-31 16:00:00+00:00,2026-01-31 17:15:00+00:00,1,108.58,102.8068951308175,5881.6848691825035,102.8068951308175,stop,-0.2309077995499682,-0.2878526634216838,5,1.25,5.773104869182504,1.3555916875023315,0.7359476112915813,-1.023800274713265
SOL,2026-01-31 18:00:00+00:00,2026-01-31 18:00:00+00:00,2026-01-31 18:45:00+00:00,1,103.26,97.52223732544903,5841.022674550979,97.52223732544903,stop,-0.5828137511719516,-0.637518235823181,3,0.75,5.737762674550979,1.3660282177984595,0.3852272943885151,-1.0227455302116961
SOL,2026-01-31 19:00:00+00:00,2026-01-31 19:00:00+00:00,2026-02-02 03:45:00+00:00,1,101.85,96.16378123617092,5788.068763829076,96.16378123617092,stop,0.06384772425743868,0.009424380182760705,131,32.75,5.686218763829075,1.365160548802906,1.0320596257034307,-1.02263524552067
SOL,2026-02-04 19:00:00+00:00,2026-02-04 19:00:00+00:00,2026-02-05 15:15:00+00:00,1,92.23,86.354685638462,5967.544361538002,86.354685638462,stop,0.4851740172890031,0.43934276411732154,81,20.25,5.875314361538003,1.2776835027970577,1.4591000125847233,-1.0197572484674018
SOL,2026-02-25 12:00:00+00:00,2026-02-25 12:00:00+00:00,2026-02-25 17:15:00+00:00,-1,83.34,88.36639279912828,-4943.052799128274,88.36639279912828,stop,-0.07421094514451676,-0.12202950082295927,21,5.25,5.026392799128274,1.188326674857442,0.9001751218119429,-1.0222046226349022
SOL,2026-02-25 18:00:00+00:00,2026-02-25 18:00:00+00:00,2026-02-27 18:00:00+00:00,-1,88.51,93.93796363498974,-5339.453634989737,81.78,tempo,0.4045960118281773,0.3589656339823274,192,48.0,5.427963634989737,1.1905784795991223,-0.8605177570504717,1.2194833910327991
SOL,2026-04-02 02:00:00+00:00,2026-04-02 02:00:00+00:00,2026-04-04 02:00:00+00:00,1,79.27,75.29899231396938,4050.277686030617,80.1,tempo,0.3790060642899725,0.32295129835876,192,48.0,3.9710076860306174,1.1548010824882045,0.14002304502009413,0.1829282533386659
SOL,2026-04-15 01:00:00+00:00,2026-04-15 01:00:00+00:00,2026-04-17 01:00:00+00:00,1,83.72,79.84475704680428,3958.962953195723,88.77,tempo,1.1738051397019025,1.1118910682566756,192,48.0,3.8752429531957233,1.1743684908648995,-0.16232104170354464,1.2742121099602202
SOL,2026-04-17 01:00:00+00:00,2026-04-17 01:00:00+00:00,2026-04-19 01:00:00+00:00,-1,88.78,92.88948222858195,-4020.7022285819535,85.97,tempo,0.9360362533344642,0.8746153780211092,192,48.0,4.109482228581953,1.2028046473060485,0.21847128248369027,0.6561440955374189
SOL,2026-05-06 06:00:00+00:00,2026-05-06 06:00:00+00:00,2026-05-06 11:30:00+00:00,-1,87.36,90.07427543611779,-2626.9154361177875,90.07427543611779,stop,-0.41840773327145664,-0.5059150531511344,22,5.5,2.714275436117788,1.075890125708249,0.5365759473931714,-1.0424910005443058
SOL,2026-05-06 12:00:00+00:00,2026-05-06 12:00:00+00:00,2026-05-08 12:00:00+00:00,-1,89.84,92.68957141496023,-2759.7314149602234,88.59,tempo,-0.5118142625756984,-0.5967627802237568,192,48.0,2.8495714149602236,1.0795890783028923,-0.9947245558249588,0.39796177560120194
SOL,2026-05-08 18:00:00+00:00,2026-05-08 18:00:00+00:00,2026-05-10 09:15:00+00:00,-1,91.61,94.70149615094395,-2999.8861509439535,94.70149615094395,stop,-0.6876393324771656,-0.7683535253788409,157,39.25,3.0914961509439536,1.0783601402598237,0.2708192461806956,-1.0391727715595365
SOL,2026-05-14 04:00:00+00:00,2026-05-14 04:00:00+00:00,2026-05-16 04:00:00+00:00,1,89.89,86.62289225881746,3356.997741182542,89.01,tempo,-0.2828534025354731,-0.35664857541728234,192,48.0,3.267107741182542,1.0680727777032015,-0.05170454573573095,-0.3049440296815514
SOL,2026-06-01 19:00:00+00:00,2026-06-01 19:00:00+00:00,2026-06-03 19:00:00+00:00,-1,80.82,83.72607171248741,-2825.251712487417,73.05,tempo,0.017082169072685893,-0.06251197189716695,192,48.0,2.9060717124874174,1.2496029310359744,-2.701808334420501,2.639296362523334
SOL,2026-06-05 00:00:00+00:00,2026-06-05 00:00:00+00:00,2026-06-05 06:30:00+00:00,1,68.81,65.33128497663013,3547.5250233698725,65.33128497663013,stop,-0.10899886574089912,-0.16751484563226027,26,6.5,3.4787150233698725,1.3008907819802327,0.857549534361231,-1.0250643799934913
SOL,2026-06-05 07:00:00+00:00,2026-06-05 07:00:00+00:00,2026-06-05 19:30:00+00:00,1,64.99,61.534669130356804,3520.320869643191,61.534669130356804,stop,-0.17261226342414338,-0.2281509120302586,50,12.5,3.4553308696431912,1.2979910761684477,0.7956502919751988,-1.0238012040054574
SOL,2026-06-06 15:00:00+00:00,2026-06-06 15:00:00+00:00,2026-06-08 15:00:00+00:00,1,62.3,58.34083401821145,4021.4659817885445,67.25,tempo,0.17894417135610263,0.13098974073376857,192,48.0,3.9591659817885443,1.3045073514752903,-1.0980045783682288,1.2289943191019974
SOL,2026-06-15 14:00:00+00:00,2026-06-15 14:00:00+00:00,2026-06-17 14:00:00+00:00,-1,73.59,77.79303192432366,-4129.441924323653,72.38,tempo,-0.13277865618993046,-0.18618562492377067,192,48.0,4.203031924323653,1.3546018435791412,-0.45149874175893523,0.26531311683516456
SOL,2026-06-20 23:00:00+00:00,2026-06-20 23:00:00+00:00,2026-06-22 23:00:00+00:00,-1,73.54,77.64970955406844,-4036.1695540684304,72.06,tempo,0.246010137418276,0.19094594891349737,192,48.0,4.109709554068431,1.3771450553870606,-0.14614843251999315,0.3370943814334905
SOL,2026-06-23 09:00:00+00:00,2026-06-23 09:00:00+00:00,2026-06-24 18:00:00+00:00,1,68.64,64.90646611469822,3802.1738853017814,64.90646611469822,stop,0.20590907156828142,0.14996532394862316,132,33.0,3.7335338853017817,1.3679248972813678,1.1732154686215535,-1.0232501446729303
SOL,2026-06-26 07:00:00+00:00,2026-06-26 07:00:00+00:00,2026-06-28 07:00:00+00:00,-1,69.98,74.60739129220636,-4557.411292206355,70.4,tempo,-0.20177057883992033,-0.24794630911246954,192,48.0,4.6273912922063545,1.3457270448091048,-0.13746354080604486,-0.11048276830642467
SOL,2026-06-29 15:00:00+00:00,2026-06-29 15:00:00+00:00,2026-07-01 15:00:00+00:00,-1,73.7,78.2967102690326,-4523.010269032599,76.95,tempo,-0.6780306328079166,-0.7274486863039621,192,48.0,4.596710269032599,1.348898590761657,0.0008814245917563718,-0.7283301108957184
SOL,2026-08-08 12:00:00+00:00,2026-08-08 12:00:00+00:00,2026-08-09 22:15:00+00:00,-1,75.58,77.86062992755436,-2205.049927554358,77.86062992755436,stop,-0.7438565673039579,-0.8357802069513837,137,34.25,2.280629927554358,1.118604781247903,0.20795174984173925,-1.043731956793123
SOL,2026-08-19 15:00:00+00:00,2026-08-19 15:00:00+00:00,2026-08-19 21:00:00+00:00,-1,80.84,83.23622072654221,-2315.3807265422106,83.23622072654221,stop,0.8698298246631357,0.773993395505465,24,6.0,2.396220726542211,1.1703621058991442,1.8185007909598685,-1.0445073954544035
SOL,2026-08-19 22:00:00+00:00,2026-08-19 22:00:00+00:00,2026-08-21 02:15:00+00:00,-1,86.63,89.6563500570365,-2939.7200570365094,89.6563500570365,stop,1.1561650743509349,1.0804838419021132,113,28.25,3.0263500570365096,1.0162741153891548,2.1183466553167913,-1.0378628134146781
SOL,2026-08-21 08:00:00+00:00,2026-08-21 08:00:00+00:00,2026-08-22 05:15:00+00:00,1,90.41,87.13252802193304,3367.8819780669555,87.13252802193304,stop,-1.344103492632089,-1.4134301272114107,85,21.25,3.2774719780669557,0.9513367220538825,-0.3782192561539196,-1.0352108710574912
SOL,2026-08-27 06:00:00+00:00,2026-08-27 06:00:00+00:00,2026-08-27 14:45:00+00:00,-1,102.01,107.5166397100129,-5404.62971001289,107.5166397100129,stop,-0.6479589925572715,-0.6978470321588675,35,8.75,5.506639710012891,1.0445668532748267,0.32688534965355914,-1.0247323818124265
SOL,2026-08-27 15:00:00+00:00,2026-08-27 15:00:00+00:00,2026-08-29 15:00:00+00:00,-1,106.73,112.6371623030503,-5800.432303050299,105.31,tempo,-0.2781110587091307,-0.32620474069192135,192,48.0,5.907162303050299,1.0542143382916667,-0.5432588750159303,0.21705413432400894
BNB,2025-04-07 07:00:00+00:00,2025-04-07 07:00:00+00:00,2025-04-09 07:00:00+00:00,1,522.25,499.4506869915812,23321.56300841878,551.26,tempo,0.8407359707892761,0.7893320491237258,192,48.0,22.79931300841878,0.6984462199994412,-0.4524693371524985,1.2418013862762243
BNB,2025-04-23 10:00:00+00:00,2025-04-23 10:00:00+00:00,2025-04-25 10:00:00+00:00,1,611.82,592.47497768693,19956.842313070105,609.29,tempo,-0.11489641137072418,-0.1836153494620359,192,48.0,19.345022313070103,0.6734608855632603,-0.01180259855326719,-0.1718127509087687
BNB,2025-05-05 15:00:00+00:00,2025-05-05 15:00:00+00:00,2025-05-07 15:00:00+00:00,-1,596.03,610.4523477919807,-13826.31779198077,602.93,tempo,0.41899121825277663,0.3290010498057341,192,48.0,14.42234779198077,0.6692300041714229,0.8614610979727806,-0.5324600481670465
BNB,2025-05-09 23:00:00+00:00,2025-05-09 23:00:00+00:00,2025-05-09 23:30:00+00:00,-1,644.19,660.9252984016885,-16091.108401688396,660.9252984016885,stop,-0.9683799249440754,-1.0468020213055846,2,0.5,16.735298401688397,0.5541750581645416,0.0038887356560905507,-1.0506907569616752
BNB,2025-05-10 00:00:00+00:00,2025-05-10 00:00:00+00:00,2025-05-12 00:00:00+00:00,-1,666.72,687.1081722763818,-19721.452276381737,651.36,tempo,0.9544365495585514,0.8886202718208277,192,48.0,20.388172276381738,0.559710925941576,0.17726430506744664,0.7113559667533811
BNB,2025-05-12 13:00:00+00:00,2025-05-12 13:00:00+00:00,2025-05-14 13:00:00+00:00,-1,689.11,711.9487861977451,-22149.676197745095,655.89,tempo,1.4761096756858774,1.4137925328729057,192,48.0,22.838786197745094,0.6128282535665356,-0.002471436671744147,1.41626396954465
BNB,2025-06-05 21:00:00+00:00,2025-06-05 21:00:00+00:00,2025-06-07 21:00:00+00:00,1,625.51,607.1538045186585,18981.705481341498,651.79,tempo,0.11868248493105726,0.04153748001095936,192,48.0,18.3561954813415,0.7204506239491584,-1.3449020480420544,1.3864395280530137
BNB,2025-07-16 22:00:00+00:00,2025-07-16 22:00:00+00:00,2025-07-18 01:15:00+00:00,-1,712.83,729.73266383053,-16189.833830529946,729.73266383053,stop,-0.7715877490847824,-0.8622970150537194,109,27.25,16.902663830529946,0.642684788904491,0.1931774202714519,-1.0554744353251713
BNB,2025-07-18 05:00:00+00:00,2025-07-18 05:00:00+00:00,2025-07-18 13:15:00+00:00,-1,744.11,764.4027415376426,-19548.63153764254,764.4027415376426,stop,-1.3048372194117417,-1.3843629910220616,33,8.25,20.29274153764254,0.6546412667175379,-0.33604358182934096,-1.0483194091927206
BNB,2025-07-18 14:00:00+00:00,2025-07-18 14:00:00+00:00,2025-07-20 14:00:00+00:00,-1,757.08,778.9855089645126,-21148.42896451259,749.71,tempo,0.262957731536146,0.18901913462930459,192,48.0,21.90550896451259,0.6505247869001721,-0.10271508210827023,0.2917342167375748
BNB,2025-07-20 22:00:00+00:00,2025-07-20 22:00:00+00:00,2025-07-22 22:00:00+00:00,-1,759.72,783.834279827024,-23354.559827024004,777.01,tempo,-0.45563543815474816,-0.5248677990252626,192,48.0,24.114279827024006,0.6790092940284622,0.23355727653947717,-0.7584250755647398
BNB,2025-07-23 05:00:00+00:00,2025-07-23 05:00:00+00:00,2025-07-25 05:00:00+00:00,-1,800.46,829.267801936284,-28007.34193628391,765.09,tempo,0.768851152997498,0.7093268122528105,192,48.0,28.80780193628391,0.6699589260798382,-0.4831415536426309,1.1924683658954414
BNB,2025-07-27 18:00:00+00:00,2025-07-27 18:00:00+00:00,2025-07-28 07:45:00+00:00,-1,823.38,857.6437435576543,-33440.363557654266,857.6437435576543,stop,-1.0500635441102573,-1.107252903682545,55,13.75,34.263743557654266,0.8098476984165339,-0.07536305978752836,-1.0318898438950166
BNB,2025-07-28 08:00:00+00:00,2025-07-28 08:00:00+00:00,2025-07-30 08:00:00+00:00,-1,856.21,891.5704891766477,-34504.279176647666,800.94,tempo,1.4336092560840357,1.3778281207014602,192,48.0,35.36048917664766,0.8043504190261342,-0.1547539719634047,1.532582092664865
BNB,2025-08-13 08:00:00+00:00,2025-08-13 08:00:00+00:00,2025-08-15 08:00:00+00:00,-1,847.31,880.0553535089026,-31898.043508902665,848.59,tempo,-0.1938506482597461,-0.2655687012986814,192,48.0,32.74535350890267,1.131270636330694,-0.19281532578992755,-0.07275337550875385
BNB,2025-08-21 01:00:00+00:00,2025-08-21 01:00:00+00:00,2025-08-23 01:00:00+00:00,-1,875.34,911.9061723685622,-35690.83236856221,891.33,tempo,0.2157227677035803,0.14678674962466465,192,48.0,36.566172368562206,1.2060287953832025,0.6154804736288403,-0.46869372400417564
BNB,2025-09-13 11:00:00+00:00,2025-09-13 11:00:00+00:00,2025-09-15 11:00:00+00:00,-1,941.64,967.2277298461016,-24646.08984610164,919.64,tempo,0.5436727273062416,0.45510993207596434,192,48.0,25.587729846101638,0.8628880535497427,-0.3573954415950586,0.8125053736710229
BNB,2025-09-17 01:00:00+00:00,2025-09-17 01:00:00+00:00,2025-09-17 22:45:00+00:00,-1,960.29,987.7972417928142,-26546.95179281428,987.7972417928142,stop,-1.0562266888557612,-1.1396460197353762,87,21.75,27.507241792814284,0.8237727846115537,-0.09361244367919325,-1.046033576056183
BNB,2025-09-17 23:00:00+00:00,2025-09-17 23:00:00+00:00,2025-09-19 23:00:00+00:00,-1,992.91,1024.5214936574403,-30618.583657440293,984.84,tempo,0.04520154296694209,-0.028697201908780973,192,48.0,31.611493657440292,0.8138565544570374,-0.24331731994306754,0.21462011803428657
BNB,2025-09-20 16:00:00+00:00,2025-09-20 16:00:00+00:00,2025-09-21 00:45:00+00:00,-1,1021.63,1053.4027707053767,-30751.14070537673,1053.4027707053767,stop,-1.082868286817112,-1.1575896914254282,35,8.75,31.77277070537673,0.7720202440031512,-0.11513915056874914,-1.042450540856679
BNB,2025-09-21 01:00:00+00:00,2025-09-21 01:00:00+00:00,2025-09-23 01:00:00+00:00,-1,1062.06,1097.2374879687459,-34115.427968745935,991.8,tempo,1.344186850823574,1.275947284397184,192,48.0,35.177487968745936,0.7717132647559972,-0.6834021455916096,1.9593494299887935
BNB,2025-09-23 03:00:00+00:00,2025-09-23 03:00:00+00:00,2025-09-25 03:00:00+00:00,1,971.13,935.2198025191431,36881.32748085693,1010.48,tempo,0.8896513057805302,0.8263439437916323,192,48.0,35.91019748085694,0.7804812403420734,-0.2335765292241495,1.0599204730157818
BNB,2025-09-25 23:00:00+00:00,2025-09-25 23:00:00+00:00,2025-09-27 23:00:00+00:00,1,946.3,907.1207311014672,40125.56889853277,972.56,tempo,0.6370606184132681,0.5791528733411311,192,48.0,39.17926889853277,0.8303791410180111,-0.05926488439647442,0.6384177577376055
BNB,2025-10-02 23:00:00+00:00,2025-10-02 23:00:00+00:00,2025-10-03 13:30:00+00:00,-1,1093.51,1135.9746598400063,-41371.149840006336,1135.9746598400063,stop,-0.9403523308370978,-1.0062700436523764,58,14.5,42.464659840006334,0.9496647163973947,0.02785633424293718,-1.0341263778953136
BNB,2025-10-03 14:00:00+00:00,2025-10-03 14:00:00+00:00,2025-10-03 23:00:00+00:00,-1,1138.3,1185.1583806277713,-45720.080627771335,1185.1583806277713,stop,-0.5920325720428903,-0.6546133011517599,36,9.0,46.85838062777134,0.961071285208585,0.3776167487811432,-1.0322300499329031
BNB,2025-10-03 23:00:00+00:00,2025-10-03 23:00:00+00:00,2025-10-05 23:00:00+00:00,-1,1183.45,1236.9866229271872,-52353.17292718719,1162.46,tempo,0.5300659517864987,0.4727151878486393,192,48.0,53.53662292718718,1.004575750512554,0.10912933884068596,0.3635858490079533
BNB,2025-10-07 11:00:00+00:00,2025-10-07 11:00:00+00:00,2025-10-07 12:15:00+00:00,-1,1292.42,1352.0759006521353,-58363.480652135186,1352.0759006521353,stop,-0.9717144660262506,-1.0322072111016944,5,1.25,59.65590065213519,1.1247991870776255,-0.0033932578023007295,-1.0288139532993936
BNB,2025-10-07 13:00:00+00:00,2025-10-07 13:00:00+00:00,2025-10-09 13:00:00+00:00,-1,1320.88,1382.5551969557912,-60354.31695579108,1283.21,tempo,0.3459621789479989,0.2871256114455449,192,48.0,61.67519695579108,1.1275107905432225,-0.2962100449576072,0.5833356564031521
BNB,2025-10-12 12:00:00+00:00,2025-10-12 12:00:00+00:00,2025-10-13 01:00:00+00:00,-1,1228.82,1322.4685313172413,-92419.71131724134,1322.4685313172413,stop,-0.4214827181289622,-0.46365665764079855,52,13.0,93.64853131724135,1.4342652361862134,0.5540514422303939,-1.0177080998711925
BNB,2025-10-13 01:00:00+00:00,2025-10-13 01:00:00+00:00,2025-10-15 01:00:00+00:00,-1,1312.78,1414.7919561105714,-100699.17611057142,1209.13,tempo,0.6465590760360803,0.6062219334177557,192,48.0,102.01195611057142,1.4506088209790895,-0.3937663266782447,0.9999882600960003
BNB,2025-11-14 19:00:00+00:00,2025-11-14 19:00:00+00:00,2025-11-16 19:00:00+00:00,-1,921.56,970.2351583799924,-47753.59837999247,916.19,tempo,-0.12341212252330887,-0.176316173210134,192,48.0,48.67515837999247,1.1523733553175395,-0.2620983799654423,0.08578220675530829
BNB,2025-12-13 11:00:00+00:00,2025-12-13 11:00:00+00:00,2025-12-15 11:00:00+00:00,-1,893.39,930.1473422096052,-35863.95220960521,890.78,tempo,-0.11411282314308356,-0.17530213397590638,192,48.0,36.75734220960521,0.9380397551004703,-0.2147579110484128,0.039455777072506415
BNB,2025-12-17 15:00:00+00:00,2025-12-17 15:00:00+00:00,2025-12-17 19:15:00+00:00,1,869.77,835.9319709293143,34707.7990706857,835.9319709293143,stop,0.08358097007733845,0.02038215663657761,17,4.25,33.83802907068571,0.9107774781637699,1.0531472529366024,-1.0327650963000248
BNB,2025-12-18 06:00:00+00:00,2025-12-18 06:00:00+00:00,2025-12-20 06:00:00+00:00,1,831.36,798.325170095034,33866.18990496604,854.71,tempo,0.2184383809582815,0.1556093341844258,192,48.0,33.034829904966045,0.9063937619040155,-0.5180449441642158,0.6736542783486416
BNB,2025-12-28 17:00:00+00:00,2025-12-28 17:00:00+00:00,2025-12-30 17:00:00+00:00,-1,864.53,891.9529382622073,-26558.40826220737,861.03,tempo,0.41344191456051027,0.33704770642250403,192,48.0,27.422938262207367,0.8660460715949387,0.2503179046317985,0.08672980179070555
BNB,2026-01-21 02:00:00+00:00,2026-01-21 02:00:00+00:00,2026-01-23 02:00:00+00:00,1,880.24,855.984258844901,25135.98115509903,892.3,tempo,0.22781435794673283,0.14600886342884611,192,48.0,24.25574115509903,0.7271634834649405,-0.303692876470654,0.44970173989950013
BNB,2026-01-30 10:00:00+00:00,2026-01-30 10:00:00+00:00,2026-01-31 14:45:00+00:00,1,834.51,808.1911423580424,27153.367641957604,808.1911423580424,stop,-0.5896127004009639,-0.6625588581044428,115,28.75,26.318857641957607,0.7854482986265746,0.3780111300408826,-1.0405699881453254
BNB,2026-01-31 15:00:00+00:00,2026-01-31 15:00:00+00:00,2026-01-31 17:15:00+00:00,1,812.17,785.1798858847167,27802.284115283288,785.1798858847167,stop,-0.2261963901599009,-0.29575600073599306,9,2.25,26.99011411528329,0.7947790406123081,0.7427128038563201,-1.0384688045923132
BNB,2026-01-31 18:00:00+00:00,2026-01-31 18:00:00+00:00,2026-01-31 18:45:00+00:00,1,781.57,754.4804763038159,27871.093696184187,754.4804763038159,stop,-0.6083208975470815,-0.6751826396462264,3,0.75,27.089523696184187,0.7999873404375031,0.3616741475308077,-1.036856787177034
BNB,2026-01-31 19:00:00+00:00,2026-01-31 19:00:00+00:00,2026-02-01 15:45:00+00:00,1,772.41,745.3499027172896,27832.507282710332,745.3499027172896,stop,-0.748066275883616,-0.8143139164395824,83,20.75,27.06009728271033,0.8028056656122644,0.22214359982354562,-1.036457516263128
BNB,2026-02-01 16:00:00+00:00,2026-02-01 16:00:00+00:00,2026-02-03 16:00:00+00:00,1,749.98,722.794808718903,27935.17128109699,776.96,tempo,0.8383214863114486,0.7725053471029886,192,48.0,27.18519128109699,0.8171636718161636,-0.18343749439800958,0.9559428415009982
BNB,2026-02-04 19:00:00+00:00,2026-02-04 19:00:00+00:00,2026-02-05 11:30:00+00:00,1,711.34,678.6158326225207,33435.50737747937,678.6158326225207,stop,-0.1520561767237002,-0.20368916313542362,66,16.5,32.724167377479375,0.8501562579959808,0.823919523765084,-1.0276086869005077
BNB,2026-02-06 17:00:00+00:00,2026-02-06 17:00:00+00:00,2026-02-08 17:00:00+00:00,1,659.39,620.946026803681,39103.363196319006,634.71,tempo,-0.7476199817253367,-0.7889838748121071,192,48.0,38.44397319631901,0.8737999072840117,-0.1251304049932386,-0.6638534698188685
BNB,2026-02-11 12:00:00+00:00,2026-02-11 12:00:00+00:00,2026-02-13 12:00:00+00:00,1,592.58,560.5265038363765,32646.07616362355,601.48,tempo,0.2502955364580551,0.20533031654461542,192,48.0,32.05349616362355,0.8634387619093675,-0.04811663846241683,0.25344695500703224
BNB,2026-04-02 03:00:00+00:00,2026-04-02 03:00:00+00:00,2026-04-02 11:15:00+00:00,1,597.45,578.6748069859455,19372.643014054596,578.6748069859455,stop,-0.796966906755091,-0.868724817977387,33,8.25,18.775193014054594,0.7503524710057972,0.17199279935781672,-1.0407176173352037
BNB,2026-04-02 12:00:00+00:00,2026-04-02 12:00:00+00:00,2026-04-04 12:00:00+00:00,1,581.44,562.9670616556373,19054.378344362773,589.65,tempo,0.10579647534445419,0.033866819196675446,192,48.0,18.472938344362774,0.7508461791799822,-0.369360396806728,0.40322721600340344
BNB,2026-04-08 15:00:00+00:00,2026-04-08 15:00:00+00:00,2026-04-10 15:00:00+00:00,1,602.94,585.0451590298107,18497.780970189306,607.35,tempo,-0.4758356670845074,-0.5533699250179762,192,48.0,17.894840970189307,0.7664682995132346,-0.7558479188730755,0.2024779938550992
BNB,2026-04-19 05:00:00+00:00,2026-04-19 05:00:00+00:00,2026-04-21 05:00:00+00:00,1,622.37,605.0570712301385,17935.298769861514,630.96,tempo,0.443998927836389,0.3614796539736197,192,48.0,17.312928769861514,0.7588681609465799,-0.08762607523930227,0.44910572921292197
BNB,2026-05-01 19:00:00+00:00,2026-05-01 19:00:00+00:00,2026-05-03 19:00:00+00:00,1,619.71,605.8816120091273,14448.097990872782,619.98,tempo,-0.1098794669838237,-0.21006935472563593,192,48.0,13.828387990872784,0.7195253120327604,-0.17132308145403957,-0.038746273271596354
BNB,2026-05-06 09:00:00+00:00,2026-05-06 09:00:00+00:00,2026-05-06 12:45:00+00:00,-1,646.69,661.0201351272608,-13683.445127260746,661.0201351272608,stop,-0.8452536621384141,-0.9452529621452949,15,3.75,14.330135127260746,0.6934625601106816,0.11406340718996075,-1.0593163693352556
BNB,2026-05-06 13:00:00+00:00,2026-05-06 13:00:00+00:00,2026-05-08 13:00:00+00:00,-1,657.63,672.6425472690688,-14354.91726906882,639.92,tempo,0.3689803078728666,0.2734334104038748,192,48.0,15.012547269068818,0.691287495851785,-0.8500662993856297,1.1234997097895045
BNB,2026-05-13 03:00:00+00:00,2026-05-13 03:00:00+00:00,2026-05-15 03:00:00+00:00,-1,680.85,699.0095772533991,-17478.72725339911,680.12,tempo,0.12123948211555452,0.03752951431759404,192,48.0,18.159577253399107,0.7180019625994823,0.04604460791488789,-0.008515093597293848
BNB,2026-05-30 02:00:00+00:00,2026-05-30 02:00:00+00:00,2026-05-30 07:30:00+00:00,-1,653.81,671.6206593615824,-17156.849361582452,671.6206593615824,stop,-1.0395616735350364,-1.1277071581063747,22,5.5,17.810659361582452,0.833456992771013,-0.07933556719024351,-1.048371590916131
BNB,2026-05-30 08:00:00+00:00,2026-05-30 08:00:00+00:00,2026-05-30 15:45:00+00:00,-1,673.45,692.248973318975,-18125.52331897496,692.248973318975,stop,-0.8667301262919949,-0.9530435987231608,31,7.75,18.79897331897496,0.8394208154842576,0.09417729560947387,-1.0472208943326347
BNB,2026-05-30 16:00:00+00:00,2026-05-30 16:00:00+00:00,2026-05-30 18:00:00+00:00,-1,694.99,715.2877772503899,-19602.787250389913,715.2877772503899,stop,-0.9632351130241714,-1.0459651309093507,8,2.0,20.297777250389913,0.8440131620503551,-0.0008035083383303235,-1.0451616225710203
BNB,2026-05-30 18:00:00+00:00,2026-05-30 18:00:00+00:00,2026-05-31 02:30:00+00:00,-1,713.69,735.6334225192821,-21229.732519282083,735.6334225192821,stop,-1.018178075158757,-1.0968620690703534,34,8.5,21.94342251928208,0.8455900366882518,-0.05393074312018657,-1.042931325950167
BNB,2026-05-31 03:00:00+00:00,2026-05-31 03:00:00+00:00,2026-06-02 03:00:00+00:00,-1,740.07,763.5795390683373,-22769.46906833729,691.6,tempo,0.8915952773311746,0.8172515690286755,192,48.0,23.50953906833729,0.8494007477698782,-1.2048814197046611,2.0221329887333366
BNB,2026-06-26 11:00:00+00:00,2026-06-26 11:00:00+00:00,2026-06-28 11:00:00+00:00,-1,564.4,588.2311622503412,-23266.762250341206,555.38,tempo,0.6773162694599029,0.6196294615934177,192,48.0,23.831162250341208,0.8816533254790223,0.27167568103950207,0.3479537805539156
BNB,2026-07-05 19:00:00+00:00,2026-07-05 19:00:00+00:00,2026-07-07 19:00:00+00:00,-1,590.95,611.404970961254,-19864.020961253933,582.79,tempo,0.726799936237754,0.6586055094917105,192,48.0,20.454970961253935,0.8226441372883024,0.2969785478102833,0.36162696168142716
BNB,2026-07-30 11:00:00+00:00,2026-07-30 11:00:00+00:00,2026-08-01 11:00:00+00:00,-1,587.76,601.4974206018481,-13149.660601848156,581.09,tempo,-0.2362342830113684,-0.3313910655199019,192,48.0,13.737420601848157,0.7164832381064917,-0.7616208496472676,0.43022978412736573
BNB,2026-08-02 01:00:00+00:00,2026-08-02 01:00:00+00:00,2026-08-04 01:00:00+00:00,1,574.87,561.7429491831687,13701.920816831343,589.45,tempo,0.8529512036375757,0.7556008848388137,192,48.0,13.127050816831343,0.6973009040252305,-0.2974301571585337,1.0530310419973474
BNB,2026-08-11 13:00:00+00:00,2026-08-11 13:00:00+00:00,2026-08-13 13:00:00+00:00,-1,612.58,625.298173381095,-12105.59338109497,610.05,tempo,-0.115072282828481,-0.2189664378619736,192,48.0,12.71817338109497,0.6613068773413825,-0.3554082403129075,0.13644180245093393
BNB,2026-08-20 16:00:00+00:00,2026-08-20 16:00:00+00:00,2026-08-21 06:45:00+00:00,-1,653.03,668.4198201198003,-14736.790119800333,668.4198201198003,stop,0.025654145744782975,-0.0631837963346571,59,14.75,15.389820119800333,0.598697392083474,0.9926285768049592,-1.0558123731396163
BNB,2026-08-22 03:00:00+00:00,2026-08-22 03:00:00+00:00,2026-08-24 03:00:00+00:00,-1,713.23,736.1730704105894,-22229.84041058937,700.58,tempo,0.30765386420454277,0.24289188188234168,192,48.0,22.94307041058937,0.6113706122931561,-0.2684182126281788,0.5113100945105205
BNB,2026-09-03 12:00:00+00:00,2026-09-03 12:00:00+00:00,2026-09-05 07:15:00+00:00,-1,711.92,733.5192818804952,-20887.361880495257,733.5192818804952,stop,-0.4633368747527076,-0.5381059852976902,173,43.25,21.599281880495255,0.7297963053245693,0.5053924762910142,-1.0434984615887044
BNB,2026-09-05 08:00:00+00:00,2026-09-05 08:00:00+00:00,2026-09-05 13:00:00+00:00,-1,738.75,762.2564677711669,-22767.717771166856,762.2564677711669,stop,-1.0019885461924685,-1.0729176762563257,20,5.0,23.506467771166854,0.7201760831255519,-0.031411899482496494,-1.0415057767738292
BNB,2026-09-05 13:00:00+00:00,2026-09-05 13:00:00+00:00,2026-09-07 13:00:00+00:00,-1,763.55,789.2634634477123,-24949.913447712344,747.57,tempo,0.5949685006763005,0.5289392962749024,192,48.0,25.713463447712343,0.7209356435847483,-0.054326043709245694,0.5832653399841481
XRP,2025-04-07 06:00:00+00:00,2025-04-07 06:00:00+00:00,2025-04-07 07:00:00+00:00,1,1.7631,1.634473000471925,130.3900995280749,1.634473000471925,stop,-0.45350682438937884,-0.49627649989331635,4,1.0,0.12862699952807488,1.4366795288692324,0.52089269831864,-1.0171691982119564
XRP,2025-04-07 07:00:00+00:00,2025-04-07 07:00:00+00:00,2025-04-09 07:00:00+00:00,1,1.6546,1.5243329449424823,131.92165505751777,1.8009,tempo,0.6197020173462351,0.5782065490073658,192,48.0,0.1302670550575178,1.468826980602781,-0.52762888218738,1.1058354311947458
XRP,2025-04-28 01:00:00+00:00,2025-04-28 01:00:00+00:00,2025-04-30 01:00:00+00:00,-1,2.2582,2.394422498802935,-133.96429880293505,2.243,tempo,0.4185661584932343,0.36394742074005415,192,48.0,0.13622249880293502,1.537821456912723,0.2738432154299131,0.09010420531014107
XRP,2025-04-30 16:00:00+00:00,2025-04-30 16:00:00+00:00,2025-05-02 16:00:00+00:00,1,2.1562,2.028550829745845,129.80537025415512,2.2156,tempo,-0.4433709855173786,-0.4990441364012302,192,48.0,0.12764917025415512,1.5215377179789396,-0.9421204986477654,0.4430763622465352
XRP,2025-05-12 13:00:00+00:00,2025-05-12 13:00:00+00:00,2025-05-14 13:00:00+00:00,-1,2.5611,2.697070452448536,-133.40935244853588,2.5913,tempo,-0.19329599601655845,-0.2500395048364953,192,48.0,0.1359704524485359,1.3114498781365886,-0.0033016335133272956,-0.24673787132316802
XRP,2025-05-15 23:00:00+00:00,2025-05-15 23:00:00+00:00,2025-05-17 23:00:00+00:00,1,2.3823,2.2380747629323134,146.6075370676864,2.3419,tempo,-0.17999820323164,-0.2299802236848853,192,48.0,0.14422523706768642,1.3361162770920312,0.07142839857724155,-0.30140862226212684
XRP,2025-06-08 18:00:00+00:00,2025-06-08 18:00:00+00:00,2025-06-10 18:00:00+00:00,-1,2.2794,2.3806055246576965,-98.92612465769662,2.2869,tempo,0.6288436623226974,0.562784749100199,192,48.0,0.10120552465769661,1.2545244602156398,0.666218776396694,-0.10343402729649495
XRP,2025-06-16 17:00:00+00:00,2025-06-16 17:00:00+00:00,2025-06-18 17:00:00+00:00,-1,2.3093,2.403813396654447,-92.20409665444714,2.14,tempo,0.9079275017601438,0.8404024426926736,192,48.0,0.09451339665444713,1.1625160110985266,-0.9202786976583414,1.760681140351015
XRP,2025-06-22 11:00:00+00:00,2025-06-22 11:00:00+00:00,2025-06-22 13:30:00+00:00,1,2.0334,1.9492141356758732,86.21926432412667,1.9492141356758732,stop,-0.5738186502565028,-0.6440955915945281,10,2.5,0.08418586432412667,1.258833579381368,0.3866542166894669,-1.030749808283995
XRP,2025-06-22 14:00:00+00:00,2025-06-22 14:00:00+00:00,2025-06-24 14:00:00+00:00,1,1.9609,1.875435453387717,87.42544661228297,2.1728,tempo,1.2743206473783182,1.2054590386708102,192,48.0,0.08546454661228298,1.2546519718887454,-1.2424928114584908,2.447951850129301
XRP,2025-06-24 16:00:00+00:00,2025-06-24 16:00:00+00:00,2025-06-26 16:00:00+00:00,-1,2.1873,2.2965691306602096,-107.0818306602096,2.1187,tempo,1.140032316721856,1.0806740786165285,192,48.0,0.1092691306602096,1.2966893062014855,0.47848112986305696,0.6021929487534716
XRP,2025-06-27 01:00:00+00:00,2025-06-27 01:00:00+00:00,2025-06-29 01:00:00+00:00,1,2.0828,1.9828786226255093,102.00417737449092,2.1797,tempo,0.7619691375180488,0.6981251575215828,192,48.0,0.09992137737449092,1.3328039984327076,-0.24390924465860775,0.9420344021801905
XRP,2025-06-30 20:00:00+00:00,2025-06-30 20:00:00+00:00,2025-07-02 20:00:00+00:00,-1,2.3193,2.428590189271799,-106.9708892717988,2.2638,tempo,1.0087106060356499,0.9451630580995101,192,48.0,0.10929018927179879,1.315419619878493,0.4645985595846115,0.4805644985148985
XRP,2025-07-11 14:00:00+00:00,2025-07-11 14:00:00+00:00,2025-07-11 15:30:00+00:00,-1,2.8003,2.936315795885165,-133.2154958851649,2.936315795885165,stop,-1.0463360797128032,-1.1073962208352317,6,1.5,0.13601579588516488,1.257102514923471,-0.07998175589710438,-1.0274144649381274
XRP,2025-07-11 16:00:00+00:00,2025-07-11 16:00:00+00:00,2025-07-13 16:00:00+00:00,-1,2.7773,2.9137959939494413,-133.71869394944144,2.8377,tempo,-0.06923410398840135,-0.1293381537797056,192,48.0,0.13649599394944145,1.261383362549348,0.33990455545119125,-0.46924270923089684
XRP,2025-07-17 06:00:00+00:00,2025-07-17 06:00:00+00:00,2025-07-17 18:15:00+00:00,-1,3.1439,3.3287354802413582,-181.6915802413583,3.3287354802413582,stop,-0.8757716577883482,-0.9277098355754849,49,12.25,0.18483548024135832,1.3194794735567472,0.09505209874937036,-1.0227619343248553
XRP,2025-07-17 19:00:00+00:00,2025-07-17 19:00:00+00:00,2025-07-18 00:30:00+00:00,-1,3.3563,3.556249459851613,-196.59315985161294,3.556249459851613,stop,-1.018419388286981,-1.0694110224602653,22,5.5,0.19994945985161294,1.3069778215011705,-0.04693955816004647,-1.0224714643002188
XRP,2025-07-18 01:00:00+00:00,2025-07-18 01:00:00+00:00,2025-07-20 01:00:00+00:00,-1,3.6557,3.902209947530794,-242.8542475307939,3.4282,tempo,0.6160172008195557,0.5711422867526993,192,48.0,0.24650994753079392,1.358800632115004,-0.3330624613017622,0.9042047480544615
XRP,2025-07-23 17:00:00+00:00,2025-07-23 17:00:00+00:00,2025-07-24 06:45:00+00:00,1,3.2305,3.0157938761773373,217.93662382266285,3.0157938761773373,stop,-0.9494757411696598,-0.9968738706641551,55,13.75,0.21470612382266285,1.4564493804703889,0.022036121036261864,-1.018909991700417
XRP,2025-07-24 07:00:00+00:00,2025-07-24 07:00:00+00:00,2025-07-26 07:00:00+00:00,1,3.0125,2.806536169550899,208.97633044910114,3.1564,tempo,0.7184514717164301,0.6713520235198676,192,48.0,0.20596383044910116,1.453175298462311,-0.007845943885240927,0.6791979674051085
XRP,2025-08-02 19:00:00+00:00,2025-08-02 19:00:00+00:00,2025-08-04 19:00:00+00:00,1,2.7596,2.581390949951398,180.968650048602,3.0433,tempo,1.0034491026014405,0.9495233437297095,192,48.0,0.178209050048602,1.627374441580491,-0.6212617253992534,1.5707850691289629
XRP,2025-08-07 23:00:00+00:00,2025-08-07 23:00:00+00:00,2025-08-09 23:00:00+00:00,-1,3.3237,3.5321135887486776,-205.08988874867754,3.2247,tempo,0.24752813202487003,0.19227941943854437,192,48.0,0.20841358874867755,1.6798059770877125,-0.26231445118593705,0.4545938706244814
XRP,2025-08-10 13:00:00+00:00,2025-08-10 13:00:00+00:00,2025-08-12 13:00:00+00:00,1,3.1871,2.9933849813693847,196.90211863061535,3.1837,tempo,-0.21588040045903573,-0.2774730264565372,192,48.0,0.19371501863061535,1.8802713565538303,-0.23854460442035202,-0.038928422036185184
XRP,2025-08-26 20:00:00+00:00,2025-08-26 20:00:00+00:00,2025-08-28 20:00:00+00:00,-1,3.0595,3.2342049354838474,-171.64543548384745,2.9421,tempo,0.8789185085472543,0.8197620936927086,192,48.0,0.17470493548384747,1.617629235701948,0.17010122586626059,0.6496608678264479
XRP,2025-10-04 09:00:00+00:00,2025-10-04 09:00:00+00:00,2025-10-06 09:00:00+00:00,1,2.9994,2.8814140558819825,120.98534411801755,2.9865,tempo,-0.5106324654866188,-0.5841253769207617,192,48.0,0.11798594411801755,1.2259619979224592,-0.44181321316670646,-0.1423121637540553
XRP,2025-10-10 22:00:00+00:00,2025-10-10 22:00:00+00:00,2025-10-10 22:15:00+00:00,1,2.3266,2.185591940265112,143.33465973488796,2.185591940265112,stop,-1.0776345764377975,-1.1280536396448362,1,0.25,0.14100805973488795,1.380875862203312,-0.10725394375024297,-1.0207996958945933
XRP,2025-10-10 23:00:00+00:00,2025-10-10 23:00:00+00:00,2025-10-12 23:00:00+00:00,1,2.3505,2.2078864634178452,144.9640365821546,2.531,tempo,0.9536175879530168,0.9017228401642123,192,48.0,0.1426135365821546,1.3836396551307704,-0.34168665131732406,1.2434094914815363
XRP,2025-10-25 02:00:00+00:00,2025-10-25 02:00:00+00:00,2025-10-27 02:00:00+00:00,-1,2.5451,2.691689612181576,-144.04451218157575,2.658,tempo,0.12068139998272098,0.06693035009610848,192,48.0,0.14658961218157573,1.359272737426382,0.8601790207861235,-0.793248670690015
XRP,2025-11-10 10:00:00+00:00,2025-11-10 10:00:00+00:00,2025-11-12 10:00:00+00:00,-1,2.5378,2.6889037752478293,-148.56597524782947,2.4184,tempo,0.39323207613221567,0.34341234251976294,192,48.0,0.15110377524782947,1.3053158794967148,-0.42545309323425584,0.7688654357540188
XRP,2025-11-13 10:00:00+00:00,2025-11-13 10:00:00+00:00,2025-11-15 10:00:00+00:00,-1,2.4977,2.644970519294559,-144.77281929455913,2.2561,tempo,0.1828814036830677,0.1341456834647381,192,48.0,0.14727051929455914,1.2588088194208678,-1.4853911467337801,1.6195368301985182
XRP,2025-11-24 18:00:00+00:00,2025-11-24 18:00:00+00:00,2025-11-26 18:00:00+00:00,-1,2.2045,2.3567615483278352,-150.05704832783533,2.2333,tempo,0.1220049190684632,0.0788818528940756,192,48.0,0.15226154832783534,1.2845804296651804,0.2869749029646008,-0.20809305007052523
XRP,2025-11-27 09:00:00+00:00,2025-11-27 09:00:00+00:00,2025-11-29 09:00:00+00:00,1,2.1987,2.0568397228203947,144.05897717960536,2.1799,tempo,0.04868556210946218,0.0032119338165101097,192,48.0,0.14186027717960537,1.2611688424280527,0.15579932776749356,-0.15258739395098345
XRP,2025-12-18 05:00:00+00:00,2025-12-18 05:00:00+00:00,2025-12-20 05:00:00+00:00,1,1.8528,1.762006372748159,92.64642725184103,1.9033,tempo,0.13983979011306963,0.08249449246651025,192,48.0,0.09079362725184104,1.1480016022185113,-0.4468216771220938,0.5293161695886041
XRP,2025-12-20 10:00:00+00:00,2025-12-20 10:00:00+00:00,2025-12-22 10:00:00+00:00,-1,1.948,2.048085322028285,-98.13732202828491,1.9215,tempo,0.6708288349740956,0.6165172075263227,192,48.0,0.1000853220282849,1.1533018966160917,0.3768734264609866,0.2396437810653361
XRP,2026-01-02 18:00:00+00:00,2026-01-02 18:00:00+00:00,2026-01-04 04:30:00+00:00,-1,1.9918,2.0664158392471204,-72.62403924712034,2.0664158392471204,stop,-0.684144459268345,-0.756176096020982,138,34.5,0.07461583924712034,1.0569723300652285,0.2791761873832743,-1.0353522834042563
XRP,2026-01-04 13:00:00+00:00,2026-01-04 13:00:00+00:00,2026-01-05 18:00:00+00:00,-1,2.1166,2.1981582591946074,-79.44165919460735,2.1981582591946074,stop,-0.03485783290730593,-0.10522644181269969,116,29.0,0.08155825919460735,1.0664957500031156,0.929161159101935,-1.0343876009146347
XRP,2026-01-05 19:00:00+00:00,2026-01-05 19:00:00+00:00,2026-01-05 23:30:00+00:00,-1,2.2659,2.360894753953283,-92.72885395328316,2.360894753953283,stop,-1.1225249563062647,-1.1875755540215287,18,4.5,0.09499475395328316,1.0768514240922649,-0.15591678903805767,-1.031658764983471
XRP,2026-01-06 00:00:00+00:00,2026-01-06 00:00:00+00:00,2026-01-08 00:00:00+00:00,-1,2.3471,2.4469432488243794,-97.49614882437923,2.1648,tempo,1.1562079349816479,1.0940890672374182,192,48.0,0.09984324882437923,1.0715070869373395,-0.702399599868165,1.7964886671055833
XRP,2026-01-08 09:00:00+00:00,2026-01-08 09:00:00+00:00,2026-01-10 09:00:00+00:00,1,2.1117,2.0076522504894654,106.15944951053453,2.0927,tempo,-0.2907446734895493,-0.34659492900929045,192,48.0,0.10404774951053453,1.12131071809347,-0.13772102157509128,-0.20887390743419915
XRP,2026-01-15 02:00:00+00:00,2026-01-15 02:00:00+00:00,2026-01-17 02:00:00+00:00,1,2.1184,2.0185765549538495,101.94184504615036,2.0655,tempo,-0.2506519911480996,-0.3110454932048306,192,48.0,0.09982344504615037,1.2016153097056779,0.2461335840578876,-0.5571790772627182
XRP,2026-01-26 17:00:00+00:00,2026-01-26 17:00:00+00:00,2026-01-28 17:00:00+00:00,-1,1.9182,2.006913298279934,-86.79509827993412,1.9069,tempo,0.8039730080826578,0.7376084905962268,192,48.0,0.08871329827993413,1.3638989417072342,0.6382582784985055,0.09935021209772127
XRP,2026-01-30 22:00:00+00:00,2026-01-30 22:00:00+00:00,2026-01-31 14:30:00+00:00,1,1.7272,1.6434853988033549,85.4418011966452,1.6434853988033549,stop,-0.1368415144240024,-0.19839379457030382,66,16.5,0.0837146011966452,1.3191110004496498,0.8277778108354923,-1.026171605405796
XRP,2026-01-31 15:00:00+00:00,2026-01-31 15:00:00+00:00,2026-01-31 17:15:00+00:00,1,1.6397,1.559380036494089,81.95966350591087,1.559380036494089,stop,-0.12436586022985197,-0.18543711609493052,9,2.25,0.08031996350591086,1.3256829432316863,0.8404518650867919,-1.0258889811817224
XRP,2026-01-31 18:00:00+00:00,2026-01-31 18:00:00+00:00,2026-02-02 18:00:00+00:00,1,1.5671,1.4874660043610906,81.20109563890938,1.6408,tempo,0.8990061742149221,0.8388075961743778,192,48.0,0.07963399563890938,1.3296084885600798,-0.060492563580621134,0.899300159754999
XRP,2026-02-05 10:00:00+00:00,2026-02-05 10:00:00+00:00,2026-02-05 15:15:00+00:00,1,1.4131,1.32941318991863,85.09991008137014,1.32941318991863,stop,0.007945951930395045,-0.039623438538984646,21,5.25,0.08368681008137013,1.196658177847068,0.9816778103879829,-1.0213012489269675
XRP,2026-02-05 16:00:00+00:00,2026-02-05 16:00:00+00:00,2026-02-05 20:00:00+00:00,1,1.296,1.212516855143153,84.77914485684694,1.212516855143153,stop,-0.38345429294572597,-0.42739788230575126,16,4.0,0.08348314485684694,1.2096468899749189,0.5921334369640129,-1.0195313192697641
XRP,2026-02-05 20:00:00+00:00,2026-02-05 20:00:00+00:00,2026-02-06 00:30:00+00:00,1,1.2127,1.1305431117627387,83.3695882372612,1.1305431117627387,stop,0.033784023769530824,-0.007111097573855307,18,4.5,0.0821568882372612,1.1650467748457258,1.0114279203384005,-1.0185390179122558
XRP,2026-02-06 11:00:00+00:00,2026-02-06 11:00:00+00:00,2026-02-06 15:00:00+00:00,-1,1.358,1.4660576337302234,-106.69963373022325,1.4660576337302234,stop,-0.5004153216329048,-0.5366940232886463,16,4.0,0.10805763373022326,1.1807823687546786,0.4802935545303118,-1.016987577818958
XRP,2026-02-06 15:00:00+00:00,2026-02-06 15:00:00+00:00,2026-02-08 15:00:00+00:00,-1,1.4779,1.5995689174450165,-120.19101744501651,1.4605,tempo,0.7991939104679766,0.7645548879949388,192,48.0,0.12166891744501651,1.1994838651767379,0.6372418459684064,0.12731304202653235
XRP,2026-02-15 01:00:00+00:00,2026-02-15 01:00:00+00:00,2026-02-15 07:45:00+00:00,-1,1.5203,1.6243495932313596,-102.52929323135965,1.6243495932313596,stop,-0.7765336663985255,-0.8173407698018871,27,6.75,0.10404959323135965,1.1141223515952936,0.20230392242728285,-1.01964469222917
XRP,2026-02-15 08:00:00+00:00,2026-02-15 08:00:00+00:00,2026-02-17 08:00:00+00:00,-1,1.6481,1.7661804077837258,-116.43230778372586,1.472,tempo,0.9538258751193932,0.9163004058559358,192,48.0,0.11808040778372586,1.1215514895496144,-0.5578809445237752,1.474181350379711
XRP,2026-03-16 19:00:00+00:00,2026-03-16 19:00:00+00:00,2026-03-18 19:00:00+00:00,-1,1.5348,1.610733128209204,-74.39832820920394,1.4515,tempo,0.3186535640295719,0.266547579593133,192,48.0,0.07593312820920395,1.0101418359089132,-0.8049070926791245,1.0714546722722575
XRP,2026-04-09 10:00:00+00:00,2026-04-09 10:00:00+00:00,2026-04-11 10:00:00+00:00,1,1.3371,1.2862280284122471,52.20907158775281,1.347,tempo,-0.285216150888901,-0.35170109477573264,192,48.0,0.05087197158775281,0.9420819893939447,-0.5120120625928986,0.16031096781716592
XRP,2026-04-16 03:00:00+00:00,2026-04-16 03:00:00+00:00,2026-04-16 19:45:00+00:00,-1,1.4059,1.45713461526266,-49.828715262660154,1.45713461526266,stop,-0.879778325206784,-0.9494724040613175,67,16.75,0.051234615262660155,0.9354953663827708,0.08685015814355576,-1.0363225622048733
XRP,2026-04-16 20:00:00+00:00,2026-04-16 20:00:00+00:00,2026-04-18 20:00:00+00:00,-1,1.4636,1.5184151045519965,-53.351504551996456,1.4267,tempo,0.7697568817970185,0.7033971278838218,192,48.0,0.05481510455199645,0.9243918308893959,0.06449831912975909,0.6388988087540627
XRP,2026-04-23 01:00:00+00:00,2026-04-23 01:00:00+00:00,2026-04-25 01:00:00+00:00,1,1.4283,1.3772170863828068,52.511213617193086,1.4326,tempo,0.4020690372991343,0.3322718544927724,192,48.0,0.05108291361719308,0.9187137263884543,0.28449824826724934,0.04777360622552307
XRP,2026-05-08 19:00:00+00:00,2026-05-08 19:00:00+00:00,2026-05-10 16:30:00+00:00,-1,1.4186,1.458358550562364,-38.33995056236388,1.458358550562364,stop,-0.5107469650913488,-0.6007403215194648,182,45.5,0.03975855056236388,0.9261473142310128,0.44629416619236173,-1.0470344877118265
XRP,2026-05-10 17:00:00+00:00,2026-05-10 17:00:00+00:00,2026-05-12 17:00:00+00:00,-1,1.4716,1.5130372695362972,-39.96566953629723,1.4218,tempo,0.6373611840632145,0.5484620041547108,192,48.0,0.04143726953629723,0.9424745851843351,-0.6079677156661107,1.1564297198208215
XRP,2026-05-14 19:00:00+00:00,2026-05-14 19:00:00+00:00,2026-05-16 19:00:00+00:00,-1,1.5353,1.5925401099818086,-55.70480998180851,1.4148,tempo,1.0421376316598734,0.9748025934723143,192,48.0,0.05724010998180851,0.9703440527710213,-1.0968641981828164,2.071666791655131
XRP,2026-05-30 02:00:00+00:00,2026-05-30 02:00:00+00:00,2026-06-01 02:00:00+00:00,-1,1.356,1.4020984906575586,-44.742490657558555,1.3211,tempo,0.6053417223429349,0.5278933983304164,192,48.0,0.046098490657558555,1.0381982306187036,-0.19143351513248846,0.7193269134629049
XRP,2026-06-04 00:00:00+00:00,2026-06-04 00:00:00+00:00,2026-06-06 00:00:00+00:00,-1,1.2005,1.248112597929236,-46.41209792923611,1.097,tempo,0.8406064085468428,0.7733446434951514,192,48.0,0.04761259792923611,1.0951413676461217,-1.3690846595982558,2.142429303093407
XRP,2026-06-15 12:00:00+00:00,2026-06-15 12:00:00+00:00,2026-06-17 12:00:00+00:00,-1,1.2315,1.2952142943169607,-62.482794316960636,1.1923,tempo,0.13405844806752254,0.0801207307214592,192,48.0,0.06371429431696063,1.1625182533946148,-0.5103987186948478,0.590519449416307
XRP,2026-07-04 15:00:00+00:00,2026-07-04 15:00:00+00:00,2026-07-06 15:00:00+00:00,-1,1.173,1.2258698790833598,-51.69687908335972,1.123,tempo,0.6919980796946071,0.6320705244042374,192,48.0,0.05286987908335972,1.099063939906355,-0.28541975249838825,0.9174902769026256
XRP,2026-07-21 18:00:00+00:00,2026-07-21 18:00:00+00:00,2026-07-23 18:00:00+00:00,-1,1.1574,1.195585337835447,-37.027937835447084,1.1024,tempo,0.7596122826050519,0.6827836002879691,192,48.0,0.038185337835447086,0.9735741846645966,-0.7190929584760991,1.4018765587640682
XRP,2026-07-28 12:00:00+00:00,2026-07-28 12:00:00+00:00,2026-07-30 12:00:00+00:00,1,1.0487,1.0174362195843667,32.31248041563327,1.0834,tempo,0.4309929698182755,0.3447641687476646,192,48.0,0.03126378041563327,0.9608770581708517,-0.7208182578529718,1.0655824266006364
XRP,2026-08-06 03:00:00+00:00,2026-08-06 03:00:00+00:00,2026-08-07 04:15:00+00:00,1,1.0465,1.0178945095868213,29.651990413178723,1.0178945095868213,stop,-0.858084866912871,-0.9491665356739859,101,25.25,0.028605490413178725,0.9287951569928754,0.09774251611466071,-1.0469090517886466
XRP,2026-08-07 16:00:00+00:00,2026-08-07 16:00:00+00:00,2026-08-09 16:00:00+00:00,1,1.0273,0.9988888563665964,29.43844363340369,1.0429,tempo,0.3828944710196928,0.29202467828585116,192,48.0,0.02841114363340369,0.9255664462472943,-0.20969289366153848,0.5017175719473896
XRP,2026-08-18 04:00:00+00:00,2026-08-18 04:00:00+00:00,2026-08-20 04:00:00+00:00,1,0.9905,0.9673001503418589,24.190349658141148,1.0937,tempo,1.3533684355978157,1.2437250885847408,192,48.0,0.023199849658141147,0.9233713871927366,-3.146185686731897,4.389910775316638
XRP,2026-08-20 12:00:00+00:00,2026-08-20 12:00:00+00:00,2026-08-20 14:15:00+00:00,-1,1.1904,1.2405892530076923,-48.9988530076924,1.2405892530076923,stop,-1.035960318271851,-1.0990921587709173,9,2.25,0.05018925300769239,1.0264144574505807,-0.06760846615224432,-1.031483692618673
XRP,2026-08-20 15:00:00+00:00,2026-08-20 15:00:00+00:00,2026-08-20 16:45:00+00:00,-1,1.2273,1.2805366684717079,-52.00936847170783,1.2805366684717079,stop,-0.7402214528634833,-0.8012276810269857,7,1.75,0.053236668471707826,1.0139045114310594,0.2293920756426658,-1.0306197566696516
XRP,2026-08-20 17:00:00+00:00,2026-08-20 17:00:00+00:00,2026-08-21 09:00:00+00:00,-1,1.3145,1.3791257891836994,-63.31128918369944,1.3791257891836994,stop,0.9179817576871965,0.8628015258842168,64,16.0,0.06462578918369943,1.0622402578562329,1.8898937561700642,-1.0270922302858474
XRP,2026-08-21 09:00:00+00:00,2026-08-21 09:00:00+00:00,2026-08-22 01:45:00+00:00,-1,1.3994,1.4911137962931191,-90.31439629311916,1.4911137962931191,stop,-1.3107722027045314,-1.3545133901868054,67,16.75,0.09171379629311915,1.1723905799067131,-0.33402755224825,-1.0204858379385555
XRP,2026-08-22 02:00:00+00:00,2026-08-22 02:00:00+00:00,2026-08-22 03:30:00+00:00,-1,1.4754,1.5780095502693758,-101.1341502693758,1.5780095502693758,stop,-0.8055144119252496,-0.8458047464023771,6,1.5,0.1026095502693758,1.120664483803964,0.17353766570706808,-1.0193424121094452
XRP,2026-08-22 04:00:00+00:00,2026-08-22 04:00:00+00:00,2026-08-22 05:15:00+00:00,-1,1.5637,1.6780088958711814,-112.74519587118132,1.6780088958711814,stop,-1.2176616858238205,-1.2565569908989263,5,1.25,0.11430889587118132,1.1506085642002075,-0.23812351058002912,-1.018433480318897
XRP,2026-08-22 06:00:00+00:00,2026-08-22 06:00:00+00:00,2026-08-24 06:00:00+00:00,-1,1.5277,1.6618013232239561,-132.57362322395605,1.4799,tempo,0.31381945446067355,0.28077628476868965,192,48.0,0.13410132322395607,1.2468178806797348,-0.061092526797296653,0.3418688115659863
DOGE,2025-04-04 15:00:00+00:00,2025-04-04 15:00:00+00:00,2025-04-06 15:00:00+00:00,-1,0.16798,0.17991187461033653,-11.763894610336541,0.16265,tempo,0.4697394581854311,0.42581891966363566,192,48.0,0.01193187461033654,1.4156669679564382,-0.0028723519969646553,0.42869127166060034
DOGE,2025-04-07 07:00:00+00:00,2025-04-07 07:00:00+00:00,2025-04-09 07:00:00+00:00,1,0.13153,0.12115587135711657,10.505658642883438,0.14439,tempo,0.6864199297192566,0.6424778071157552,192,48.0,0.010374128642883437,1.6171404752941971,-0.5798563701935652,1.2223341773093204
DOGE,2025-04-15 11:00:00+00:00,2025-04-15 11:00:00+00:00,2025-04-17 11:00:00+00:00,1,0.15933,0.1462506620289609,13.238667971039106,0.15601,tempo,0.02198401305725406,-0.01794192812212364,192,48.0,0.013079337971039107,1.531576353368718,0.25156490837106493,-0.2695068364931886
DOGE,2025-04-23 05:00:00+00:00,2025-04-23 05:00:00+00:00,2025-04-25 05:00:00+00:00,-1,0.18513,0.19780854622718397,-12.49341622718398,0.17979,tempo,0.27633134537864895,0.2283081971845691,192,48.0,0.012678546227183979,1.544302358648385,-0.17416712676535687,0.40247532394992597
DOGE,2025-04-27 02:00:00+00:00,2025-04-27 02:00:00+00:00,2025-04-29 02:00:00+00:00,1,0.1779,0.16558265046452117,12.495249535478832,0.17862,tempo,-0.11687331619775052,-0.16495886750135028,192,48.0,0.012317349535478833,1.5589940027354963,-0.2045990513407072,0.03964018383935691
DOGE,2025-05-08 16:00:00+00:00,2025-05-08 16:00:00+00:00,2025-05-09 07:15:00+00:00,-1,0.18928,0.19977701423640712,-10.307734236407114,0.19977701423640712,stop,-0.25262752748700545,-0.31234110358978295,61,15.25,0.010497014236407115,1.519633913144424,0.7117502288175381,-1.024091332407321
DOGE,2025-05-09 08:00:00+00:00,2025-05-09 08:00:00+00:00,2025-05-10 06:15:00+00:00,-1,0.20577,0.21817549397484565,-12.19972397484564,0.21817549397484565,stop,-1.0588764774337303,-1.1140185092484216,89,22.25,0.012405493974845638,1.5270954962944008,-0.09180540176214116,-1.0222131074862804
DOGE,2025-05-10 07:00:00+00:00,2025-05-10 07:00:00+00:00,2025-05-10 22:15:00+00:00,-1,0.22607,0.24131846501045026,-15.022395010450268,0.24131846501045026,stop,-1.0800425878150428,-1.1300082315214135,61,15.25,0.015248465010450268,1.5587305073119821,-0.11008475056457057,-1.019923480956843
DOGE,2025-05-10 23:00:00+00:00,2025-05-10 23:00:00+00:00,2025-05-12 23:00:00+00:00,-1,0.24567,0.26280609950433914,-16.890429504339142,0.23106,tempo,0.6876766270985433,0.6396143586555998,192,48.0,0.017136099504339142,1.6085534204500025,-0.19488858621694746,0.8345029448725473
DOGE,2025-05-30 18:00:00+00:00,2025-05-30 18:00:00+00:00,2025-06-01 18:00:00+00:00,1,0.19694,0.18273708190968269,14.399858090317318,0.19266,tempo,-0.5154571172911484,-0.5669829323914884,192,48.0,0.014202918090317318,1.869280497015748,-0.24780626945695444,-0.319176662934534
DOGE,2025-06-06 09:00:00+00:00,2025-06-06 09:00:00+00:00,2025-06-08 09:00:00+00:00,1,0.17499,0.16301025932193616,12.154730678063844,0.18281,tempo,0.13139029005192926,0.07470939947974076,192,48.0,0.011979740678063844,1.9625401471580042,-0.5586457126132423,0.633355112092983
DOGE,2025-06-11 08:00:00+00:00,2025-06-11 08:00:00+00:00,2025-06-13 08:00:00+00:00,-1,0.20239,0.2154522839755369,-12.85989397553691,0.17428,tempo,0.8997720076261417,0.8420213149551463,192,48.0,0.013062283975536909,1.9365522295206943,-1.2912322992049785,2.133253614160125
DOGE,2025-07-11 18:00:00+00:00,2025-07-11 18:00:00+00:00,2025-07-13 18:00:00+00:00,-1,0.21078,0.22299531182793683,-12.004531827936837,0.2007,tempo,1.0853459589368466,1.024269249505754,192,48.0,0.012215311827936837,1.7466591164140832,0.2209710498185061,0.8032981996872479
DOGE,2025-07-16 22:00:00+00:00,2025-07-16 22:00:00+00:00,2025-07-18 01:15:00+00:00,-1,0.21624,0.2295528645127479,-13.096624512747908,0.2295528645127479,stop,-0.7663482817902079,-0.82415716785727,109,27.25,0.013312864512747907,1.706922884510062,0.19760864833171157,-1.0217658161889815
DOGE,2025-07-18 04:00:00+00:00,2025-07-18 04:00:00+00:00,2025-07-18 13:45:00+00:00,-1,0.23641,0.2523320391521881,-15.685629152188096,0.2523320391521881,stop,-1.3299879811652047,-1.3829405457119917,39,9.75,0.015922039152188094,1.7096455000725082,-0.3629881814191763,-1.0199523642928152
DOGE,2025-07-18 14:00:00+00:00,2025-07-18 14:00:00+00:00,2025-07-20 14:00:00+00:00,-1,0.24883,0.2664864254946543,-17.40759549465429,0.25507,tempo,-0.4321199395912438,-0.48197438505935564,192,48.0,0.017656425494654293,1.7086620831182933,-0.11001149812120231,-0.3719628869381533
DOGE,2025-07-20 19:00:00+00:00,2025-07-20 19:00:00+00:00,2025-07-22 19:00:00+00:00,-1,0.27261,0.29383840646621684,-20.95579646621682,0.26628,tempo,0.5711426827856835,0.5254592437602977,192,48.0,0.02122840646621682,1.7480822488184595,0.24377434623790417,0.28168489752239356
DOGE,2025-07-23 22:00:00+00:00,2025-07-23 22:00:00+00:00,2025-07-25 22:00:00+00:00,1,0.23787,0.21861340625295358,19.494463747046414,0.23456,tempo,0.00477045758159414,-0.03942177025202176,192,48.0,0.019256593747046413,1.758918989909998,0.14841412365080292,-0.18783589390282468
DOGE,2025-08-08 20:00:00+00:00,2025-08-08 20:00:00+00:00,2025-08-09 17:45:00+00:00,-1,0.22905,0.24533446671457176,-16.05541671457176,0.24533446671457176,stop,-0.9382761230336042,-0.9939349152737398,87,21.75,0.01628446671457176,2.0083752161714137,0.02500030125923719,-1.018935216532977
DOGE,2025-08-09 18:00:00+00:00,2025-08-09 18:00:00+00:00,2025-08-11 18:00:00+00:00,-1,0.24481,0.2622489943896496,-17.194184389649603,0.23014,tempo,1.5515450706424305,1.4959571524321307,192,48.0,0.017438994389649604,2.075958101892896,0.6724416343284204,0.8235155181037102
DOGE,2025-08-13 08:00:00+00:00,2025-08-13 08:00:00+00:00,2025-08-15 08:00:00+00:00,-1,0.24484,0.26244198632470617,-17.357146324706164,0.23048,tempo,0.6563292454633184,0.5995603688466533,192,48.0,0.017601986324706165,2.1687223991663944,-0.19870419861741498,0.7982645674640683
DOGE,2025-09-02 16:00:00+00:00,2025-09-02 16:00:00+00:00,2025-09-04 16:00:00+00:00,1,0.20926,0.1951975027753803,14.27175722461969,0.2122,tempo,0.5671795377634489,0.5092622678303087,192,48.0,0.014062497224619691,1.986900534823561,0.3196763815246779,0.18958588630563084
DOGE,2025-09-08 03:00:00+00:00,2025-09-08 03:00:00+00:00,2025-09-09 12:15:00+00:00,-1,0.23213,0.2458940281426549,-13.5318981426549,0.2458940281426549,stop,-0.5869824197258819,-0.6497465540551683,133,33.25,0.0137640281426549,1.8330964842808422,0.3728279143397207,-1.022574468394889
DOGE,2025-09-12 16:00:00+00:00,2025-09-12 16:00:00+00:00,2025-09-13 01:30:00+00:00,-1,0.26625,0.28194378463547193,-15.427534635471941,0.28194378463547193,stop,-0.7556062486141991,-0.8197219573556513,38,9.5,0.01569378463547194,1.8776227222129058,0.20298295215404516,-1.0227049095096965
DOGE,2025-09-13 02:00:00+00:00,2025-09-13 02:00:00+00:00,2025-09-13 09:45:00+00:00,-1,0.27712,0.2935849127726515,-16.187792772651495,0.2935849127726515,stop,-0.9593899140455151,-1.0235016688080396,31,7.75,0.016464912772651497,1.9004159724317347,-0.0009714435694102921,-1.0225302252386292
DOGE,2025-09-13 10:00:00+00:00,2025-09-13 10:00:00+00:00,2025-09-15 10:00:00+00:00,-1,0.29849,0.31715264017821815,-18.364150178218168,0.26328,tempo,1.5866712722246592,1.5277647555244533,192,48.0,0.01866264017821817,1.8920892217189031,-0.3393263509454995,1.867091106469953
DOGE,2025-09-15 10:00:00+00:00,2025-09-15 10:00:00+00:00,2025-09-17 10:00:00+00:00,1,0.26329,0.24564396443547204,17.909325564527986,0.26648,tempo,-0.22496153930584734,-0.2804439403064608,192,48.0,0.017646035564527984,1.8543282816614295,-0.4417067627457564,0.16126282243929554
DOGE,2025-09-22 04:00:00+00:00,2025-09-22 04:00:00+00:00,2025-09-22 06:15:00+00:00,1,0.24864,0.23318716298983713,15.701477010162867,0.23318716298983713,stop,-0.5844358947650039,-0.6418676987701208,9,2.25,0.015452837010162868,1.7767320393627424,0.3783996253294874,-1.0202673240996083
DOGE,2025-09-22 07:00:00+00:00,2025-09-22 07:00:00+00:00,2025-09-24 07:00:00+00:00,1,0.24016,0.2250526276977113,15.347532302288702,0.23868,tempo,-0.048310333777471154,-0.10572653377590738,192,48.0,0.015107372302288702,1.7813826345226385,0.012841140612354245,-0.11856767438826162
DOGE,2025-09-29 18:00:00+00:00,2025-09-29 18:00:00+00:00,2025-10-01 18:00:00+00:00,1,0.23313,0.21983929242672845,13.523837573271553,0.24324,tempo,-0.01481049348322283,-0.0801430745991909,192,48.0,0.013290707573271554,1.8433945095650655,-0.8175274046636898,0.7373843300644989
DOGE,2025-10-04 04:00:00+00:00,2025-10-04 04:00:00+00:00,2025-10-06 04:00:00+00:00,1,0.2531,0.23884264879336803,14.510451206631963,0.25378,tempo,-0.3850085724851427,-0.45119703835154606,192,48.0,0.014257351206631963,1.8666997042381692,-0.4757828113271716,0.024585772975625513
DOGE,2025-10-10 22:00:00+00:00,2025-10-10 22:00:00+00:00,2025-10-12 22:00:00+00:00,1,0.18603,0.16730584300146453,18.91018699853547,0.2067,tempo,0.8179979439260721,0.7775241421364469,192,48.0,0.01872415699853547,2.0780904611602997,-0.31276395476408386,1.0902880969005309
DOGE,2025-11-04 22:00:00+00:00,2025-11-04 22:00:00+00:00,2025-11-06 22:00:00+00:00,-1,0.15905,0.17068229634324167,-11.473246343241671,0.16229,tempo,-0.0881500318781614,-0.1372218716569194,192,48.0,0.011632296343241671,1.7505244234497515,0.1592691132898127,-0.2964909849467321
DOGE,2025-11-07 16:00:00+00:00,2025-11-07 16:00:00+00:00,2025-11-07 18:15:00+00:00,-1,0.16893,0.18102489945336264,-11.925969453362645,0.18102489945336264,stop,-0.5724406911244541,-0.6227302410759643,9,2.25,0.012094899453362645,1.7338832451023891,0.3960769168935418,-1.0188071579695062
DOGE,2025-11-07 19:00:00+00:00,2025-11-07 19:00:00+00:00,2025-11-09 19:00:00+00:00,-1,0.17925,0.19251097247903307,-13.081722479033074,0.17872,tempo,0.48352714448089706,0.4353176812456519,192,48.0,0.013260972479033073,1.744979573829171,0.41289704049173326,0.02242064075391866
DOGE,2025-11-14 20:00:00+00:00,2025-11-14 20:00:00+00:00,2025-11-16 20:00:00+00:00,-1,0.16322,0.17431474154880966,-10.931521548809656,0.15579,tempo,0.2775459110266256,0.23085394362219336,192,48.0,0.011094741548809656,1.4641814764292673,-0.4201430596180401,0.6509970032402335
DOGE,2025-11-27 11:00:00+00:00,2025-11-27 11:00:00+00:00,2025-11-29 11:00:00+00:00,1,0.15312,0.14248939659167947,10.783723408320531,0.14897,tempo,-0.15424398775246023,-0.19933589148332614,192,48.0,0.010630603408320533,1.4216885976258158,0.20951752285796482,-0.40885341434129097
DOGE,2025-12-18 04:00:00+00:00,2025-12-18 04:00:00+00:00,2025-12-20 04:00:00+00:00,1,0.12534,0.11819854044310119,7.266799556898821,0.1314,tempo,0.4316744321787181,0.3788006958274171,192,48.0,0.0071414595568988215,1.2931880655383319,-0.4463974241153175,0.8251981199427346
DOGE,2025-12-26 03:00:00+00:00,2025-12-26 03:00:00+00:00,2025-12-28 03:00:00+00:00,1,0.12623,0.119511562330196,6.844667669804011,0.12401,tempo,0.045776633076004325,-0.009958453924358346,192,48.0,0.006718437669804012,1.2906642211898942,0.3446859019664242,-0.3546443558907825
DOGE,2025-12-31 18:00:00+00:00,2025-12-31 18:00:00+00:00,2026-01-02 18:00:00+00:00,1,0.11793,0.11246561390875755,5.582316091242446,0.13928,tempo,3.0294986513556976,2.9623352516890886,192,48.0,0.005464386091242446,1.3033823648890395,-0.9141868582600683,3.876522109949157
DOGE,2026-01-02 18:00:00+00:00,2026-01-02 18:00:00+00:00,2026-01-04 00:45:00+00:00,-1,0.13928,0.14657344253798676,-7.154162537986777,0.14657344253798676,stop,-0.7697904805204745,-0.8285751023951589,123,30.75,0.007293442537986777,1.341721844820611,0.19690048566657686,-1.0254755880617357
DOGE,2026-01-04 13:00:00+00:00,2026-01-04 13:00:00+00:00,2026-01-06 13:00:00+00:00,-1,0.15288,0.16122624885636164,-8.19336885636165,0.15177,tempo,0.8866374541118958,0.8301349995303235,192,48.0,0.008346248856361649,1.3764493364985773,0.7208670498567554,0.1092679496735681
DOGE,2026-01-15 04:00:00+00:00,2026-01-15 04:00:00+00:00,2026-01-17 04:00:00+00:00,1,0.14263,0.1347991003985524,7.973529601447615,0.13734,tempo,-0.505229724408186,-0.5627775851982177,192,48.0,0.007830899601447616,1.4489940088384792,0.13599021652260496,-0.6987678017208226
DOGE,2026-01-31 15:00:00+00:00,2026-01-31 15:00:00+00:00,2026-01-31 17:15:00+00:00,1,0.10689,0.10109945565823858,5.89743434176142,0.10109945565823858,stop,-0.11926552681984492,-0.177999954580066,9,2.25,0.005790544341761419,1.4746372054354067,0.8453472712071267,-1.0233472257871927
DOGE,2026-01-31 18:00:00+00:00,2026-01-31 18:00:00+00:00,2026-01-31 18:45:00+00:00,1,0.10206,0.09633130677019414,5.830753229805862,0.09633130677019414,stop,-0.5542720180866014,-0.6109276951764206,3,0.75,0.005728693229805862,1.4743110717216754,0.4115825605184887,-1.0225102556949093
DOGE,2026-02-01 15:00:00+00:00,2026-02-01 15:00:00+00:00,2026-02-03 15:00:00+00:00,-1,0.10529,0.11115909516863787,-5.763805168637872,0.10574,tempo,-0.41342355487764015,-0.4705176412214017,192,48.0,0.005869095168637872,1.4459779679417608,-0.37047334425078726,-0.10004429697061448
DOGE,2026-02-03 20:00:00+00:00,2026-02-03 20:00:00+00:00,2026-02-05 20:00:00+00:00,-1,0.10636,0.11347915320594529,-7.012793205945292,0.09114,tempo,-0.5337792655090126,-0.5787488727336831,192,48.0,0.007119153205945292,1.3869479810484964,-2.6986112444827275,2.1198623717490443
DOGE,2026-02-14 15:00:00+00:00,2026-02-14 15:00:00+00:00,2026-02-14 21:15:00+00:00,-1,0.10322,0.1099399786944784,-6.616758694478393,0.1099399786944784,stop,-0.875907371893314,-0.9186622018509354,25,6.25,0.006719978694478393,1.1085922544069564,0.10195601621949632,-1.0206182180704317
DOGE,2026-02-14 22:00:00+00:00,2026-02-14 22:00:00+00:00,2026-02-16 22:00:00+00:00,-1,0.11077,0.11802959580926276,-7.148825809262762,0.10113,tempo,1.0696886445771154,1.0286087478355939,192,48.0,0.007259595809262762,1.1144953592662301,-0.2803160531672026,1.3089248010027965
DOGE,2026-02-25 22:00:00+00:00,2026-02-25 22:00:00+00:00,2026-02-27 22:00:00+00:00,-1,0.10529,0.11174881040889256,-6.353520408892567,0.09304,tempo,1.041738519059998,0.9990783882307305,192,48.0,0.006458810408892568,1.0711748288228924,-0.8775962209684404,1.8766746091991708
DOGE,2026-03-03 19:00:00+00:00,2026-03-03 19:00:00+00:00,2026-03-05 19:00:00+00:00,1,0.08972,0.08402677428796296,5.782945712037036,0.09367,tempo,0.12003525504862178,0.07753581607951565,192,48.0,0.005693225712037037,1.0524657797426524,-0.5953334312964768,0.6728692473759924
DOGE,2026-03-05 21:00:00+00:00,2026-03-05 21:00:00+00:00,2026-03-07 21:00:00+00:00,1,0.09431,0.08800764886146865,6.396661138531351,0.09,tempo,0.15233168498901084,0.11322470454870592,192,48.0,0.006302351138531351,1.0331266176396852,0.8161054870739864,-0.7028807825252805
DOGE,2026-03-10 17:00:00+00:00,2026-03-10 17:00:00+00:00,2026-03-12 17:00:00+00:00,-1,0.09978,0.10582832049253765,-5.948540492537659,0.09468,tempo,0.6225617899034983,0.5788671626293111,192,48.0,0.006048320492537659,1.0629547277569196,-0.24344392457851105,0.8223110872078222
DOGE,2026-04-16 23:00:00+00:00,2026-04-16 23:00:00+00:00,2026-04-18 23:00:00+00:00,-1,0.09887,0.10308586058888203,-4.116990588882029,0.09507,tempo,1.1864003640975174,1.1267326855851996,192,48.0,0.004215860588882028,0.9763373370639256,0.2552762124539898,0.8714564731312098
DOGE,2026-04-28 06:00:00+00:00,2026-04-28 06:00:00+00:00,2026-04-29 07:45:00+00:00,-1,0.10024,0.1038037354827816,-3.463495482781605,0.1038037354827816,stop,-0.9167399922947196,-0.9898709946870844,103,25.75,0.003563735482781605,0.9821898217604574,0.04734513111815845,-1.0372161258052428
DOGE,2026-04-29 08:00:00+00:00,2026-04-29 08:00:00+00:00,2026-04-29 10:00:00+00:00,-1,0.10492,0.108854885251496,-3.8299652514960036,0.108854885251496,stop,-0.7955793495977601,-0.8649021234850665,8,2.0,0.003934885251496004,0.981139367345683,0.17041114908384603,-1.0353132725689125
DOGE,2026-04-29 10:00:00+00:00,2026-04-29 10:00:00+00:00,2026-05-01 10:00:00+00:00,-1,0.10942,0.11394619991426902,-4.416779914269016,0.10767,tempo,0.2725967477560729,0.20999425917002817,192,48.0,0.004526199914269016,0.9999780554193634,-0.145467614029145,0.35546187319917316
DOGE,2026-05-13 17:00:00+00:00,2026-05-13 17:00:00+00:00,2026-05-14 18:15:00+00:00,-1,0.11193,0.11721069938226417,-5.1687693822641645,0.11721069938226417,stop,-0.0704190695544703,-0.1336182471744769,101,25.25,0.005280699382264165,1.2699860738449165,0.8945866256684478,-1.0282048728429247
DOGE,2026-06-01 16:00:00+00:00,2026-06-01 16:00:00+00:00,2026-06-03 16:00:00+00:00,-1,0.09826,0.10219638142738803,-3.838121427388031,0.09277,tempo,-1.1132812362859963,-1.1907009079825974,192,48.0,0.00393638142738803,1.4137050664718414,-2.55383875399171,1.3631378460091124
DOGE,2026-06-04 00:00:00+00:00,2026-06-04 00:00:00+00:00,2026-06-06 00:00:00+00:00,-1,0.09136,0.0954521172722523,-4.000757272252296,0.08143,tempo,0.951836736008483,0.8846813675440517,192,48.0,0.004092117272252296,1.36816434744852,-1.5144889999748514,2.399170367518903
DOGE,2026-07-07 11:00:00+00:00,2026-07-07 11:00:00+00:00,2026-07-08 08:45:00+00:00,1,0.07462,0.07103774438294691,3.6568756170530956,0.07103774438294691,stop,-0.5367499481224782,-0.593971576619445,87,21.75,0.0035822556170530956,1.1370942648008284,0.4324580096440839,-1.0264295862635289
DOGE,2026-07-21 15:00:00+00:00,2026-07-21 15:00:00+00:00,2026-07-23 13:00:00+00:00,1,0.07326,0.07065812158565783,2.6751384143421735,0.07065812158565783,stop,-0.2328942300238953,-0.3088284328152958,184,46.0,0.0026018784143421736,1.0922613255480824,0.7271251223220333,-1.0359535551373291
DOGE,2026-07-23 16:00:00+00:00,2026-07-23 16:00:00+00:00,2026-07-25 16:00:00+00:00,1,0.06971,0.06724751634457161,2.53219365542838,0.07118,tempo,0.9765017917092825,0.8987733134196454,192,48.0,0.0024624836554283797,1.101559287924162,0.3390045218740196,0.5597687915456258
DOGE,2026-07-25 17:00:00+00:00,2026-07-25 17:00:00+00:00,2026-07-27 17:00:00+00:00,-1,0.07216,0.07468015520643788,-2.447995206437877,0.07209,tempo,0.3569672357744971,0.2799678099370896,192,48.0,0.002520155206437877,1.0690773059533278,0.28939679269945945,-0.00942898276236985
DOGE,2026-08-11 21:00:00+00:00,2026-08-11 21:00:00+00:00,2026-08-13 21:00:00+00:00,-1,0.07167,0.07370040953143665,-1.9587395314366554,0.07014,tempo,0.5696543091712318,0.4788125344752548,192,48.0,0.0020304095314366555,0.990324298283082,-0.22933204312759153,0.7081445776028463
DOGE,2026-08-20 16:00:00+00:00,2026-08-20 16:00:00+00:00,2026-08-20 17:00:00+00:00,-1,0.08022,0.08296622588786307,-2.6660058878630655,0.08296622588786307,stop,-0.8620587118060645,-0.93515289391083,4,1.0,0.0027462258878630658,0.9077161682409277,0.10347140400140348,-1.0386242979122335
DOGE,2026-08-20 17:00:00+00:00,2026-08-20 17:00:00+00:00,2026-08-21 20:45:00+00:00,-1,0.08319,0.0863722532818873,-3.099063281887301,0.0863722532818873,stop,0.5465387982761221,0.4803100661307531,111,27.75,0.003182253281887301,0.9296710550603223,1.514944476050463,-1.0346344099197098
DOGE,2026-08-21 22:00:00+00:00,2026-08-21 22:00:00+00:00,2026-08-22 03:30:00+00:00,-1,0.09174,0.09661368663898108,-4.781946638981079,0.09661368663898108,stop,-0.9406025017441172,-0.9894632064568116,22,5.5,0.0048736866389810785,0.9701486426030178,0.03565738610162447,-1.0251205925584361
DOGE,2026-08-22 04:00:00+00:00,2026-08-22 04:00:00+00:00,2026-08-24 04:00:00+00:00,-1,0.09572,0.10122862390004768,-5.412903900047679,0.09121,tempo,0.4995433326993885,0.4553552674252406,192,48.0,0.005508623900047679,0.9797079017811433,-0.34130385827074605,0.7966591256959866
DOGE,2026-09-05 18:00:00+00:00,2026-09-05 18:00:00+00:00,2026-09-07 18:00:00+00:00,-1,0.0942,0.10043422608198141,-6.140026081981404,0.09005,tempo,0.4515727143838675,0.40695093442606267,192,48.0,0.006234226081981403,1.2936449815236142,-0.23951864287214844,0.6464695772982111
