caracteristica,alvo,limiar,filtro_fd,h,n,n_compras,n_vendas,favor_bps,ep_bps,ep_agrupado_bps,t_agrupado,excesso_deriva_bps,t_excesso,favor_compras_bps,favor_vendas_bps,frac_pos
z_res4,r,2.0,0,4,4458,1949,2509,4.957541541947736,3.8232537936174884,5.6543620897009035,0.876764074054899,5.290962526941501,0.9357311121936612,21.162395821306077,-7.63044609873357,0.5385823239120682
z_res4,r,2.0,0,24,4458,1949,2509,-0.08904623863039098,7.922020294402449,15.706110971735077,-0.0056695281722279785,1.9462155677039874,0.12391454327595307,60.408613729776484,-47.08384068997555,0.5237774786899955
z_res4,r,2.0,0,48,4458,1949,2509,-10.50202803436549,10.59147327376847,20.07840453528883,-0.5230509234888476,-6.483556727982755,-0.3229119483367102,102.69169198497926,-98.43130675804143,0.5150291610587707
z_res4,r,2.0,0,72,4458,1949,2509,-21.45256843559895,12.863059155856108,24.62722975705872,-0.8710914157712016,-15.554454576537246,-0.6315957876699058,111.71591525505939,-124.89831363810718,0.5053835800807537
z_res4,r,3.0,0,4,1451,522,929,-1.6530891905590752,7.73035191381927,10.693328482272518,-0.1545907051578542,-0.9085767413878253,-0.08496669141830542,34.107110497966275,-21.746549080128755,0.5403170227429359
z_res4,r,3.0,0,24,1451,522,929,9.351890606482543,15.29808977699413,28.867699806176976,0.32395690232588154,13.896528827640294,0.4813867720997563,92.88144619219732,-37.58290811875224,0.5361819434872501
z_res4,r,3.0,0,48,1451,522,929,-28.657574072455667,19.243932868690898,34.34270916727926,-0.8344587473535656,-19.68452783694238,-0.5731792369979136,117.62874204110189,-110.85505201785614,0.5155065472088215
z_res4,r,3.0,0,72,1451,522,929,-41.60524918593942,21.979213316406877,38.80038979961878,-1.0722894641215228,-28.435054770062784,-0.7328548738018649,106.85501359721457,-125.02425583051034,0.4941419710544452
z_res24,r,2.0,0,4,4655,1830,2825,3.1407040700404076,3.8777106861339967,7.228599091969847,0.43448309002630586,3.7080505474635634,0.5129694564999167,13.466904389568676,-3.5484805617248045,0.5402792696025779
z_res24,r,2.0,0,24,4655,1830,2825,1.163130621905405,7.811750490002664,25.521954708308122,0.045573728000025515,4.62631580948231,0.18126808319961135,72.57976354324428,-45.09967937669641,0.542642320085929
z_res24,r,2.0,0,48,4655,1830,2825,-22.325529949694953,10.294749946035038,36.90556543756011,-0.6049366724232185,-15.487731361987823,-0.4196584222016934,94.3628891094277,-97.91484211896731,0.5181525241675617
z_res24,r,2.0,0,72,4655,1830,2825,-54.97525512973829,12.360192604417339,51.05370657523921,-1.0768122202590675,-44.939071829991995,-0.8802313258835396,65.6504248324402,-133.11507613178665,0.5319011815252417
z_res24,r,3.0,0,4,814,244,570,46.079868223234726,12.023476149005074,17.86250195234086,2.579698428931229,47.14288021178185,2.6392092405400036,77.72323849337127,32.53428516022891,0.6412776412776413
z_res24,r,3.0,0,24,814,244,570,163.09910124600617,20.497239061141993,57.25590096564224,2.8485989827297913,169.5879180791937,2.9619290801302554,400.2967519493778,61.56186129579095,0.6670761670761671
z_res24,r,3.0,0,48,814,244,570,123.17339503323728,24.66334022245733,67.78800924103861,1.8170380929060912,135.9850756609498,2.0060343589294396,373.40218738099423,16.057911993144867,0.6265356265356266
z_res24,r,3.0,0,72,814,244,570,121.69556858444972,27.86576972634828,79.57554208496337,1.5293086970681833,140.49992111227803,1.7656168897004216,367.73376900293147,16.373952966713702,0.6597051597051597
z_res4,rres,2.0,0,4,4458,1949,2509,6.297876256513176,3.025395535552645,4.3075429702077175,1.4620576741941314,6.214002127649713,1.4425862192501964,18.51983705143445,-3.196185755962541,0.5578734858681023
z_res4,rres,2.0,0,24,4458,1949,2509,-7.215902137364305,6.14735629369754,11.302895923674212,-0.6384118004882632,-7.680156914939867,-0.6794857677892598,-2.761601239879782,-10.676018697427015,0.5112157918349035
z_res4,rres,2.0,0,48,4458,1949,2509,-24.029886770353432,8.435888105748711,15.287492227527105,-1.5718658372943939,-25.030633101387814,-1.6373276093195275,6.547622373152654,-47.782603119772865,0.5150291610587707
z_res4,rres,2.0,0,72,4458,1949,2509,-19.566580955724966,10.150907549621694,18.21551399514081,-1.0741712235484855,-21.186590846872367,-1.1631069456796073,-1.2797991479715154,-33.77181720256095,0.5067294751009421
z_res24,rres,2.0,0,4,4655,1830,2825,0.9855139192929752,3.1074789323660297,5.172877846720204,0.19051559856914607,0.8427943734356244,0.16292562832698382,0.4464267766577462,1.3347278913363279,0.5372717508055854
z_res24,rres,2.0,0,24,4655,1830,2825,-17.075548733664423,6.050639008326276,18.6936267863864,-0.9134422618354433,-17.86552094458958,-0.9557011675016489,-8.161926476731278,-22.849682797447667,0.5065520945220193
z_res24,rres,2.0,0,48,4655,1830,2825,-53.3598404993688,8.431694975231284,30.110147727342802,-1.772154722805067,-55.062702440458445,-1.828709142813551,-51.18318852666671,-54.76984867991564,0.4878625134264232
z_res24,rres,2.0,0,72,4655,1830,2825,-48.428425282937646,10.414136934097105,43.048212418262075,-1.1249810982254203,-51.18502113772566,-1.189016181215733,-84.53778113047672,-25.037231937452148,0.49194414607948445
z_ret24,r,2.0,0,4,4527,1880,2647,5.575966507766839,4.503035944294114,9.816109710729801,0.5680423988814894,6.025673703519065,0.6138555783389947,17.080385512297095,-2.5949090980196656,0.5495913408438259
z_ret24,r,2.0,0,24,4527,1880,2647,25.44434142651528,8.658262488800698,38.508763966775454,0.6607415768646357,28.189435229070536,0.7320264876169951,90.2679157141385,-20.59582467122994,0.5551137618732052
z_ret24,r,2.0,0,48,4527,1880,2647,-40.99264415027778,10.987830189308282,50.09920684736957,-0.8182294038140062,-35.57266297411406,-0.7100444340863209,75.60176534684965,-123.80242497936719,0.5124806715263972
z_ret24,r,2.0,0,72,4527,1880,2647,-75.88050783891768,12.661617835967496,64.43111805343389,-1.1776996912577025,-67.92532696199838,-1.0542316975730062,52.563252793983665,-167.10614818264816,0.49768058316766073
z_res24,r,2.0,1,4,3087,1207,1880,7.903915295944606,4.88714858274636,8.64030953141398,0.9147722390277767,8.52769382457194,0.9869662416106048,21.402728802560112,-0.7626101841005617,0.5455134434726271
z_res24,r,2.0,1,24,3087,1207,1880,6.73448885507633,9.944107766724473,31.3221180756527,0.21500745380023267,10.543492021401622,0.3366149120546636,82.66935583960353,-42.0173113844579,0.5552316164561063
z_res24,r,2.0,1,48,3087,1207,1880,-27.67748891729945,13.301759178519116,45.34900098762623,-0.610321910395588,-20.160466808215272,-0.4445625343260855,83.68547754019647,-99.17488280783006,0.5192743764172335
z_res24,r,2.0,1,72,3087,1207,1880,-40.82650649299052,16.016952448726475,63.442666799291224,-0.643518133027892,-29.818285932335655,-0.47000366530413223,52.876174921238146,-100.98562163499798,0.5510204081632653
z_res24,r,2.0,0,4,3711,1429,2282,2.215407297430616,4.587287335556095,8.061969614247497,0.2747972770221613,2.873080374558178,0.3563744980483099,12.53130458196653,-4.2444600205368745,0.5335489086499596
z_res24,r,2.0,0,24,3711,1429,2282,-2.2019863298964153,9.32976207517428,29.619071291494464,-0.07434353049849834,1.813988440345142,0.061243933764596276,91.02179333063586,-60.57919103405968,0.5443276744812718
z_res24,r,2.0,0,48,3711,1429,2282,-29.898182811363224,12.356227621301663,43.571615444834,-0.6861848592512549,-21.972704721894015,-0.5042894209353712,110.74558167575941,-117.97002306206362,0.5173807599029911
z_res24,r,2.0,0,72,3711,1429,2282,-60.164373902104316,14.865785713082957,59.86760426442203,-1.0049570989407146,-48.55799446202252,-0.8110896545576227,85.244605898981,-151.22021620523796,0.540016168148747
z_res4,r,2.0,1,4,2804,1185,1619,5.1622959756922855,5.016010437462633,7.227608091619205,0.7142468034034997,5.605153172880713,0.7755197987810359,13.058500651795653,-0.6171991084229005,0.5470756062767475
z_res4,r,2.0,1,24,2804,1185,1619,-6.604712539459217,10.478780637008741,21.278547778045393,-0.31039301217133686,-3.90047635801727,-0.18330557135302586,56.473189642297065,-52.773529145624245,0.5296005706134094
z_res4,r,2.0,1,48,2804,1185,1619,-17.649480815945594,13.780772706473641,27.144982139590823,-0.6501931268617014,-12.31270311415766,-0.45359039290726383,71.61682093435611,-82.98645893460373,0.521398002853067
z_res4,r,2.0,1,72,2804,1185,1619,-31.607716837705254,16.922689975022855,35.0052670219466,-0.9029417435350158,-23.792331280508336,-0.6796786113813016,78.60943578148095,-112.27932020628813,0.5199714693295292
z_res4,r,2.0,0,4,3555,1528,2027,4.586244248439102,4.512775079943155,6.414613762582298,0.7149681053583562,4.987862024970666,0.7775779196661606,20.471038177725784,-7.388084870431176,0.5426160337552742
z_res4,r,2.0,0,24,3555,1528,2027,-3.5201671089648903,9.44282030438161,17.699312184922114,-0.19888722636146783,-1.0677528108523857,-0.060327361859970736,67.12380896522285,-56.77324823445028,0.5223628691983122
z_res4,r,2.0,0,48,3555,1528,2027,-11.508980020864215,12.689537805892378,23.12389194375697,-0.49770947074380484,-6.66916978848503,-0.28841035084864186,119.22376492556553,-110.05838025675205,0.5161744022503516
z_res4,r,2.0,0,72,3555,1528,2027,-24.586524330523506,15.507698789377057,28.699256154846182,-0.8566955254124872,-17.498917331821275,-0.6097341769907298,124.46539798260956,-136.94534884678757,0.5074542897327707
