caracteristica,alvo,h,decil,n,media_bps,excesso_bps,ep_bps,ep_agrupado_bps,t_excesso,frac_pos,limite_inf,limite_sup
z_res4,r,4,1,9852,15.44472964601109,12.790460447614322,2.1007009876165648,4.292722261775466,2.979568597182945,0.5502436053593179,-8.515749576754661,-1.0033859640460274
z_res4,r,4,2,9852,6.8965380212947105,4.242268822897941,1.6674532529353083,2.5916603121041795,1.6368923053243911,0.5305521721477873,-1.0032943528852472,-0.6124219115342675
z_res4,r,4,3,9852,1.3092059149001463,-1.3450632834966227,1.5654587767931785,2.280729477279751,-0.5897513479331592,0.5181688997157937,-0.6124102135671375,-0.3808855534695242
z_res4,r,4,4,9852,-3.179262463872525,-5.833531662269294,1.5292744296582053,2.18388307024448,-2.6711739935857675,0.501624035728786,-0.3808789157990375,-0.20095976659632978
z_res4,r,4,5,9852,0.46117612384109574,-2.1930930745556734,1.6553401903513016,2.3577187336256187,-0.9301758701230703,0.5007105156313439,-0.200928461881677,-0.04149826731090185
z_res4,r,4,6,9852,-0.2632706371080024,-2.9175398355047713,1.4815947477986786,2.029695049266664,-1.4374276749400798,0.5002030044660982,-0.041476811472330045,0.11817214402973164
z_res4,r,4,7,9852,-0.7006832519085286,-3.354952450305298,1.5292261770937325,2.1501720237906703,-1.5603181574238167,0.4942143727161998,0.11819063175359204,0.29724783282290845
z_res4,r,4,8,9852,2.390084149195596,-0.2641850492011728,1.5842024231125333,2.209085205998082,-0.11959024870741096,0.5012180267965896,0.2972609942009875,0.5372898638470948
z_res4,r,4,9,9852,0.7023023754999774,-1.9519668228967917,1.631659615662924,2.348686711497479,-0.8310886306553222,0.49076329679252945,0.5373829167323253,0.9649299027793511
z_res4,r,4,10,9852,3.4818721061141273,0.8276029077173583,2.1018625608289225,3.5419762067029352,0.233655693720127,0.48447015834348356,0.965029542932069,12.815676220818872
z_res4,r,24,1,9852,44.06470072346899,27.86256298661421,4.614831222158387,15.477049162620917,1.8002503380234727,0.537555826228177,-8.515749576754661,-1.0033859640460274
z_res4,r,24,2,9852,16.819689360986292,0.6175516241315151,4.114937663964641,11.236041221265243,0.054961673063528976,0.5186764108810393,-1.0032943528852472,-0.6124219115342675
z_res4,r,24,3,9852,4.234658346066345,-11.967479390788432,3.8703948240221684,9.848402475636785,-1.2151696095274203,0.506394640682095,-0.6124102135671375,-0.3808855534695242
z_res4,r,24,4,9852,1.8659067171042392,-14.336231019750537,3.844797590753487,9.551139960661049,-1.5009968526058857,0.4954323995127893,-0.3808789157990375,-0.20095976659632978
z_res4,r,24,5,9852,6.047838215235358,-10.154299521619418,3.8298116815139918,9.22641695839938,-1.1005680284560877,0.4985789687373122,-0.200928461881677,-0.04149826731090185
z_res4,r,24,6,9852,3.0630329840964596,-13.139104752758318,3.8021415800669516,9.359626405159636,-1.403806539277592,0.5036540803897686,-0.041476811472330045,0.11817214402973164
z_res4,r,24,7,9852,12.801417454227826,-3.400720282626951,3.9857536839244836,9.706975543543969,-0.35033778207968624,0.5066991473812423,0.11819063175359204,0.29724783282290845
z_res4,r,24,8,9852,20.137292293160836,3.9351545563060597,3.9773608476713425,9.286529795525372,0.42374865993561744,0.508018676410881,0.2972609942009875,0.5372898638470948
z_res4,r,24,9,9852,16.629385625950075,0.4272478890952982,4.115827592194604,9.981046150932634,0.04280592260916216,0.5009135200974422,0.5373829167323253,0.9649299027793511
z_res4,r,24,10,9852,36.35745564825135,20.155317911396576,4.715457743986683,13.59270672235871,1.4828038537933725,0.509642712139667,0.965029542932069,12.815676220818872
z_res4,r,48,1,9852,71.50148623891693,39.51158430346294,6.084666710583896,24.302078648392,1.625852046449422,0.5453714981729598,-8.515749576754661,-1.0033859640460274
z_res4,r,48,2,9852,37.54113740536526,5.551235469911276,5.752469267086933,19.802381271798225,0.2803317133286959,0.5261875761266748,-1.0032943528852472,-0.6124219115342675
z_res4,r,48,3,9852,21.581173950329692,-10.408727985124294,5.439806897974707,18.421423606262305,-0.565033854472891,0.511977263499797,-0.6124102135671375,-0.3808855534695242
z_res4,r,48,4,9852,10.661835941247338,-21.328065994206646,5.503462395461729,18.41746622181966,-1.158034755559303,0.5019285424279334,-0.3808789157990375,-0.20095976659632978
z_res4,r,48,5,9852,19.304375206805457,-12.68552672864853,5.426479374809894,18.46201122505465,-0.6871151021419108,0.5085261875761267,-0.200928461881677,-0.04149826731090185
z_res4,r,48,6,9852,11.40812079457885,-20.581781140875137,5.503609692507656,18.640839807810558,-1.1041230627523186,0.5004060089321966,-0.041476811472330045,0.11817214402973164
z_res4,r,48,7,9852,21.607530725948504,-10.382371209505482,5.467228555106627,17.509649023390736,-0.592951417566161,0.5045676004872107,0.11819063175359204,0.29724783282290845
z_res4,r,48,8,9852,35.18784487167586,3.197942936221871,5.5944148576015005,17.499834363599135,0.18274132599070841,0.5138043036946813,0.2972609942009875,0.5372898638470948
z_res4,r,48,9,9852,21.45239966928379,-10.537502266170197,5.813655017074016,19.36338281731887,-0.5441973835659187,0.4989849776695087,0.5373829167323253,0.9649299027793511
z_res4,r,48,10,9852,69.65311455038814,37.66321261493415,6.517920058597407,25.0203608979404,1.5053025321483062,0.5090336987413723,0.965029542932069,12.815676220818872
z_res4,r,72,1,9852,91.00432003137676,44.05112077477477,7.479293019884885,36.968172090123524,1.1915958589292421,0.5451684937068616,-8.515749576754661,-1.0033859640460274
z_res4,r,72,2,9852,66.51329222424738,19.56009296764539,7.068493188123027,29.44309161888081,0.6643355670945301,0.5349167681688998,-1.0032943528852472,-0.6124219115342675
z_res4,r,72,3,9852,40.63433113955456,-6.31886811704743,6.9037885628825775,28.59588010209869,-0.2209712760889524,0.5102517255379618,-0.6124102135671375,-0.3808855534695242
z_res4,r,72,4,9852,12.233992752223891,-34.7192065043781,6.765583708288101,27.431457820002013,-1.2656712134001908,0.4992894843686561,-0.3808789157990375,-0.20095976659632978
z_res4,r,72,5,9852,28.633313906010915,-18.319885350591075,6.621232931295731,26.902027218682193,-0.6809853102025254,0.5054811205846529,-0.200928461881677,-0.04149826731090185
z_res4,r,72,6,9852,14.537795074059733,-32.41540418254226,6.6274483633945955,26.854840701771337,-1.207060006146458,0.495229395046691,-0.041476811472330045,0.11817214402973164
z_res4,r,72,7,9852,32.75748573360938,-14.195713522992612,6.661514282481024,26.16656640116054,-0.542513423632189,0.502436053593179,0.11819063175359204,0.29724783282290845
z_res4,r,72,8,9852,46.17675063763026,-0.7764486189717275,6.811758280663779,26.51847118674332,-0.02927953928806714,0.5124847746650426,0.2972609942009875,0.5372898638470948
z_res4,r,72,9,9852,41.87565347135404,-5.077545785247949,7.375402623834621,30.12745978694963,-0.1685354763114612,0.5053796183516037,0.5373829167323253,0.9649299027793511
z_res4,r,72,10,9852,95.16505759595307,48.21185833935108,8.261796679531166,37.28259157068578,1.2931466485623457,0.509541209906618,0.965029542932069,12.815676220818872
z_res24,r,4,1,9852,8.09414518058942,5.4398759821926514,2.059765569553138,4.998486109306766,1.0883047113133022,0.5360332927324402,-6.032137189498689,-1.042283826892337
z_res24,r,4,2,9852,-0.21202324693223393,-2.866292445329003,1.6516265886589483,2.7966234467445608,-1.0249118266763948,0.5194884287454324,-1.042136083121918,-0.6786804988935694
z_res24,r,4,3,9852,-1.7768644026820803,-4.43113360107885,1.5583744226043086,2.515615544887729,-1.7614510333599522,0.5156313438895656,-0.6786418457450507,-0.4522109943146845
z_res24,r,4,4,9852,0.0427592659917142,-2.611509932405055,1.4626506535344679,2.141550126759759,-1.219448426526612,0.51278928136419,-0.45220473390136207,-0.2665629867366266
z_res24,r,4,5,9852,-0.08726337961151476,-2.7415325780082838,1.38208180570885,2.037874396595572,-1.345290260571617,0.507206658546488,-0.2665596320019948,-0.10201181884701271
z_res24,r,4,6,9852,2.6519357753965367,-0.0023334230002323153,1.4286071820596788,1.984352183486736,-0.001175911725574954,0.5025375558262282,-0.10200401867648656,0.0687607563505016
z_res24,r,4,7,9852,4.608475410981815,1.9542062125850461,1.596744473703033,2.4084500710567127,0.8113957752620689,0.501624035728786,0.06878651768421512,0.2717471652765055
z_res24,r,4,8,9852,3.1817589182426005,0.5274897198458315,1.6643689364077308,2.4123748308533153,0.21865993339817993,0.4958384084449858,0.2717910475461972,0.5542101737693477
z_res24,r,4,9,9852,1.983047011376782,-0.671222187019987,1.7636540655403417,2.8067041652498856,-0.2391496030577298,0.49147381242387334,0.5542672500787437,1.0504519669124521
z_res24,r,4,10,9852,8.056721450614651,5.402452252217882,2.222837360694602,3.93115249128096,1.374266773980447,0.4895452699959399,1.0504645707285365,6.674028049541298
z_res24,r,24,1,9852,16.994093452228903,0.7919557153741259,4.6799203470081965,23.154309143576224,0.03420338350254085,0.533597239139261,-6.032137189498689,-1.042283826892337
z_res24,r,24,2,9852,5.40181363160685,-10.800324105247928,4.103778492805901,13.979843675898598,-0.7725640111318128,0.5220259845716606,-1.042136083121918,-0.6786804988935694
z_res24,r,24,3,9852,2.6205136632245902,-13.581624073630186,3.896697371213752,11.176385121086765,-1.2152072361935162,0.5108607389362566,-0.6786418457450507,-0.4522109943146845
z_res24,r,24,4,9852,10.456389824546134,-5.745747912308643,3.851876671409946,10.7029343572791,-0.5368385641271304,0.5179658952496955,-0.45220473390136207,-0.2665629867366266
z_res24,r,24,5,9852,9.097714869734682,-7.104422867120094,3.713075625256507,9.636476166380877,-0.7372428203481218,0.5121802679658952,-0.2665596320019948,-0.10201181884701271
z_res24,r,24,6,9852,16.38698487301587,0.1848471361610926,3.7349730399383523,9.826651536741592,0.018810795871813914,0.5066991473812423,-0.10200401867648656,0.0687607563505016
z_res24,r,24,7,9852,27.63203647019813,11.429898733343354,3.8745162177684835,11.821926830841381,0.9668389000280992,0.5110637434023548,0.06878651768421512,0.2717471652765055
z_res24,r,24,8,9852,22.8930974264816,6.690959689626823,3.8239061435919717,10.356433831613394,0.6460679224543899,0.495229395046691,0.2717910475461972,0.5542101737693477
z_res24,r,24,9,9852,11.27882568380422,-4.923312053050557,4.050725532251784,11.650063401688598,-0.4225995930920819,0.48599269183922045,0.5542672500787437,1.0504519669124521
z_res24,r,24,10,9852,39.2599074737068,23.05776973685202,5.052358465405159,18.289617168388297,1.260702699491435,0.48995127892813645,1.0504645707285365,6.674028049541298
z_res24,r,48,1,9852,60.248487837868396,28.25858590241441,5.831837525653227,34.25942910298341,0.8248411208916955,0.5414129110840439,-6.032137189498689,-1.042283826892337
z_res24,r,48,2,9852,35.362800935652544,3.372899000198558,5.522141149864559,23.376803878753147,0.14428400981128728,0.5372513195290296,-1.042136083121918,-0.6786804988935694
z_res24,r,48,3,9852,28.43611093336713,-3.5537910020868573,5.482216993817632,19.93894775401979,-0.17823362827009742,0.5378603329273244,-0.6786418457450507,-0.4522109943146845
z_res24,r,48,4,9852,20.920351183432107,-11.069550752021879,5.464307912540264,19.248519879929905,-0.5750858154846444,0.518371904181892,-0.45220473390136207,-0.2665629867366266
z_res24,r,48,5,9852,20.81314146851354,-11.176760466940447,5.345466787871425,18.951609362307195,-0.5897525773810997,0.5113682501015022,-0.2665596320019948,-0.10201181884701271
z_res24,r,48,6,9852,17.8223112746328,-14.167590660821187,5.317143583068648,18.870326896460256,-0.7507867107208821,0.49269183922046283,-0.10200401867648656,0.0687607563505016
z_res24,r,48,7,9852,25.21527237638058,-6.774629559073407,5.423047746303352,19.892304332733058,-0.3405653485768193,0.5015225334957369,0.06878651768421512,0.2717471652765055
z_res24,r,48,8,9852,27.16587795497892,-4.824023980475065,5.540238193937719,19.46223914803326,-0.24786582590947934,0.4954323995127893,0.2717910475461972,0.5542101737693477
z_res24,r,48,9,9852,14.751184137560541,-17.238717797893443,5.934806531373866,22.00251501666372,-0.7834885141465696,0.48995127892813645,0.5542672500787437,1.0504519669124521
z_res24,r,48,10,9852,69.16348125215329,37.1735793166993,7.12387007522351,35.299403268210135,1.0530937034331402,0.49492488834754367,1.0504645707285365,6.674028049541298
z_res24,r,72,1,9852,59.886530390134574,12.933331133532583,7.1355398804331935,48.72892020444671,0.26541386674011225,0.5574502639058059,-6.032137189498689,-1.042283826892337
z_res24,r,72,2,9852,44.490330084659256,-2.462869171942735,6.815854036049251,33.59684999854662,-0.07330655022864577,0.5283191230207065,-1.042136083121918,-0.6786804988935694
z_res24,r,72,3,9852,38.81818735928382,-8.135011897318172,6.812160352474151,30.42101317215752,-0.26741423276341264,0.5254770604953309,-0.6786418457450507,-0.4522109943146845
z_res24,r,72,4,9852,37.16859329929588,-9.784605957306113,6.745472631183863,29.198803049362404,-0.33510298147374823,0.5092367032074706,-0.45220473390136207,-0.2665629867366266
z_res24,r,72,5,9852,38.58795215503319,-8.365247101568798,6.461850316733733,27.368839931691422,-0.30564858146882434,0.5102517255379618,-0.2665596320019948,-0.10201181884701271
z_res24,r,72,6,9852,31.789845343647144,-15.163353912954847,6.816396727008737,29.360217469619826,-0.5164591825195085,0.5005075111652456,-0.10200401867648656,0.0687607563505016
z_res24,r,72,7,9852,49.52670661892992,2.5735073623279305,6.832788669099789,28.968859476437665,0.08883702737490022,0.5149208282582217,0.06878651768421512,0.2717471652765055
z_res24,r,72,8,9852,43.8821148603552,-3.071084396246789,6.969221643396285,28.894666740995948,-0.10628551018688559,0.49573690621193667,0.2717910475461972,0.5542101737693477
z_res24,r,72,9,9852,27.642539715938895,-19.310659540663096,7.351621810761784,32.024755695357776,-0.6029916269888147,0.48447015834348356,0.5542672500787437,1.0504519669124521
z_res24,r,72,10,9852,97.7391927387421,50.785993482140114,8.60974432942691,47.24143197716862,1.0750307803261459,0.4938083637840032,1.0504645707285365,6.674028049541298
z_res4,rres,4,1,9852,8.59210331538632,9.259801291231513,1.4761329250569726,2.717607563278421,3.4073357081994695,0.5347137637028014,-8.515749576754661,-1.0033859640460274
z_res4,rres,4,2,9852,1.2306782273876833,1.8983762032328768,1.1653169780307278,1.5965548261296025,1.1890454196521112,0.5044660982541616,-1.0032943528852472,-0.6124219115342675
z_res4,rres,4,3,9852,-0.2503633743872437,0.4173346014579498,1.0985963299545238,1.4337895354548205,0.2910710331872835,0.493605359317905,-0.6124102135671375,-0.3808855534695242
z_res4,rres,4,4,9852,-2.9936903941747053,-2.3259924183295118,1.0757491747527677,1.3634654177245784,-1.705941630856504,0.4757409663012586,-0.3808789157990375,-0.20095976659632978
z_res4,rres,4,5,9852,-0.7205924323814579,-0.052894456536264345,1.2539447515615896,1.6905249595675305,-0.03128877585445162,0.46944782785221273,-0.200928461881677,-0.04149826731090185
z_res4,rres,4,6,9852,-2.488421493223442,-1.8207235173782483,1.0448350653328031,1.2847360001253787,-1.4171966203177635,0.4582825822168088,-0.041476811472330045,0.11817214402973164
z_res4,rres,4,7,9852,-4.213249185823699,-3.5455512099785054,1.0607376565525493,1.312130923745885,-2.702132192614308,0.4505684125050751,0.11819063175359204,0.29724783282290845
z_res4,rres,4,8,9852,-1.6909709116405713,-1.0232729357953778,1.164336533297143,1.4636258317801487,-0.6991356080063252,0.4602111246447422,0.2972609942009875,0.5372898638470948
z_res4,rres,4,9,9852,-3.222272358408831,-2.5545743825636373,1.2385525968030702,1.5968404186237641,-1.599768112561489,0.4466098254161592,0.5373829167323253,0.9649299027793511
z_res4,rres,4,10,9852,-0.9202011511859901,-0.2525031753407966,1.696475425317964,2.6045365951132373,-0.09694744770127467,0.44397076735688185,0.965029542932069,12.815676220818872
z_res4,rres,24,1,9852,6.839952630543953,10.535752270600838,3.3486641126032137,9.380633246649516,1.1231387043474805,0.4721883881445392,-8.515749576754661,-1.0033859640460274
z_res4,rres,24,2,9852,-2.9609802589861767,0.7348193810707078,2.9324204295194365,6.475321277963182,0.11347998802336581,0.45026390580592773,-1.0032943528852472,-0.6124219115342675
z_res4,rres,24,3,9852,-14.094308698295205,-10.39850905823832,2.7800895848953298,5.605669525821279,-1.854998588543239,0.4302679658952497,-0.6124102135671375,-0.3808855534695242
z_res4,rres,24,4,9852,-10.675773005263435,-6.9799733652065505,2.789797993489193,5.496598504977446,-1.2698714230056705,0.4343280552172148,-0.3808789157990375,-0.20095976659632978
z_res4,rres,24,5,9852,-10.703289206002886,-7.007489565946001,2.797719974711547,5.693298078338397,-1.230831315965658,0.4238733252131547,-0.200928461881677,-0.04149826731090185
z_res4,rres,24,6,9852,-13.310249460161696,-9.614449820104811,2.753127785041223,5.485872313110402,-1.752583594978639,0.42153877385302474,-0.041476811472330045,0.11817214402973164
z_res4,rres,24,7,9852,-4.152785300113041,-0.4569856600561564,2.985458398669655,6.127779240558428,-0.07457606452782575,0.4298619569630532,0.11819063175359204,0.29724783282290845
z_res4,rres,24,8,9852,1.8656961619230044,5.561495801979889,3.039048363444015,5.989428417761577,0.9285520109877832,0.4460008120178644,0.2972609942009875,0.5372898638470948
z_res4,rres,24,9,9852,1.380598193033293,5.076397833090177,3.1452731213797747,6.287771486001949,0.8073445169550812,0.4347340641494113,0.5373829167323253,0.9649299027793511
z_res4,rres,24,10,9852,8.85314254275334,12.548942182810224,3.6945971560719757,9.244449142809957,1.3574569981349724,0.43788063337393424,0.965029542932069,12.815676220818872
z_res4,rres,48,1,9852,5.658543977488468,13.625199591329995,4.612730373394873,15.933722103526694,0.8551171849742665,0.4655907429963459,-8.515749576754661,-1.0033859640460274
z_res4,rres,48,2,9852,-6.213825575522206,1.7528300383193214,4.25362828214877,12.271271818504339,0.14284012808486235,0.4416362159967519,-1.0032943528852472,-0.6124219115342675
z_res4,rres,48,3,9852,-19.591276390471364,-11.624620776629836,4.086285367661672,11.057791821878018,-1.0512605919773546,0.4346325619163622,-0.6124102135671375,-0.3808855534695242
z_res4,rres,48,4,9852,-18.853679074292057,-10.887023460450528,4.1053385704629966,11.316760820135363,-0.9620264697191246,0.4276289078359724,-0.3808789157990375,-0.20095976659632978
z_res4,rres,48,5,9852,-16.547410575136784,-8.580754961295256,4.127549963761176,12.415379855690766,-0.6911391404075442,0.42488834754364596,-0.200928461881677,-0.04149826731090185
z_res4,rres,48,6,9852,-17.835783884332436,-9.869128270490908,4.084010471264098,11.10600795387452,-0.8886296778715969,0.42113276492082824,-0.041476811472330045,0.11817214402973164
z_res4,rres,48,7,9852,-8.800823534656278,-0.8341679208147506,4.1538500277736645,11.111811616285102,-0.07507038002626158,0.427324401136825,0.11819063175359204,0.29724783282290845
z_res4,rres,48,8,9852,-4.820912228678513,3.145743385163014,4.284065684539552,10.943874106663648,0.2874433088779405,0.4396061713357694,0.2972609942009875,0.5372898638470948
z_res4,rres,48,9,9852,-8.569617611843098,-0.6029619980015708,4.503672528792334,11.931871931371893,-0.05053373028721772,0.43574908647990257,0.5373829167323253,0.9649299027793511
z_res4,rres,48,10,9852,15.908228759029008,23.874884372870536,5.184995350333814,16.76154585189155,1.424384396512941,0.434531059683313,0.965029542932069,12.815676220818872
z_res4,rres,72,1,9852,-1.6102794622365255,11.28615642121903,5.66893028002752,22.013141583079314,0.5127008509268972,0.4513804303694681,-8.515749576754661,-1.0033859640460274
z_res4,rres,72,2,9852,-6.162814510324708,6.7336213731308465,5.291701755085973,17.111902214841074,0.39350513394652337,0.4362565976451482,-1.0032943528852472,-0.6124219115342675
z_res4,rres,72,3,9852,-18.257575951610526,-5.361140068154972,5.141734390043093,16.80395602798105,-0.3190403533089403,0.427324401136825,-0.6124102135671375,-0.3808855534695242
z_res4,rres,72,4,9852,-29.43089637175532,-16.534460488299764,5.038142266063156,15.8526021495609,-1.0430123920543701,0.4230613073487617,-0.3808789157990375,-0.20095976659632978
z_res4,rres,72,5,9852,-21.393696595379296,-8.497260711923742,5.067171382333926,17.269077155432072,-0.49205065420944555,0.4164636622005684,-0.200928461881677,-0.04149826731090185
z_res4,rres,72,6,9852,-28.582557449803897,-15.686121566348342,4.914875095008212,15.402550194174944,-1.0184106767125252,0.4123020706455542,-0.041476811472330045,0.11817214402973164
z_res4,rres,72,7,9852,-13.933535851607195,-1.0370999681516402,5.032855192590494,15.630012018649808,-0.06635311392685862,0.428136419001218,0.11819063175359204,0.29724783282290845
z_res4,rres,72,8,9852,-11.197180263665174,1.6992556197903799,5.183751465398108,15.36815974600902,0.11056988265830996,0.4350385708485587,0.2972609942009875,0.5372898638470948
z_res4,rres,72,9,9852,-10.160272842007206,2.736163041448348,5.663131517119038,17.80074518744067,0.15371058978917637,0.43168899715793746,0.5373829167323253,0.9649299027793511
z_res4,rres,72,10,9852,11.764450463834315,24.660886347289868,6.413796544311469,23.51951610176164,1.0485286449172626,0.4355460820138043,0.965029542932069,12.815676220818872
z_res24,rres,4,1,9852,-1.0603442844428896,-0.3926463085976961,1.3952310647214232,3.0875440324206,-0.12717107982096237,0.508018676410881,-6.032137189498689,-1.042283826892337
z_res24,rres,4,2,9852,-2.1100838548982015,-1.442385879053008,1.112503324411064,1.6898661781458164,-0.853550356653476,0.492793341453512,-1.042136083121918,-0.6786804988935694
z_res24,rres,4,3,9852,-3.2136491731609746,-2.545951197315781,1.0649190144993272,1.5154816976063494,-1.6799616922705318,0.4825416159155501,-0.6786418457450507,-0.4522109943146845
z_res24,rres,4,4,9852,-3.039130266970186,-2.3714322911249925,1.0257107792742126,1.3599951815101725,-1.7437063920268416,0.476045473000406,-0.45220473390136207,-0.2665629867366266
z_res24,rres,4,5,9852,-2.8941735024998785,-2.226475526654685,0.9447664819157624,1.2530851971353687,-1.7767950110212358,0.4730004060089322,-0.2665596320019948,-0.10201181884701271
z_res24,rres,4,6,9852,-1.713909542742212,-1.0462115668970184,1.0372192807223664,1.363193676983171,-0.7674709651033206,0.46010962241169306,-0.10200401867648656,0.0687607563505016
z_res24,rres,4,7,9852,1.4751285717399965,2.14282654758519,1.2083883194399196,1.7434795406996304,1.2290517310718243,0.4638652050345108,0.06878651768421512,0.2717471652765055
z_res24,rres,4,8,9852,0.3795962482470572,1.0472942240922507,1.253424450169651,1.673405562936134,0.6258460275790424,0.45148193260251723,0.2717910475461972,0.5542101737693477
z_res24,rres,4,9,9852,1.8607503786114723,2.528448354456666,1.2765532370884853,1.9237501276357547,1.3143330405202216,0.4653877385302477,0.5542672500787437,1.0504519669124521
z_res24,rres,4,10,9852,3.638835667663882,4.306533643509075,1.8614864398573423,3.053503204980286,1.4103583177790961,0.4643727161997564,1.0504645707285365,6.674028049541298
z_res24,rres,24,1,9852,-11.113229852839568,-7.417430212782683,3.1728195274519284,13.981624489427114,-0.5305127611166881,0.4709703613479497,-6.032137189498689,-1.042283826892337
z_res24,rres,24,2,9852,-15.380207676931954,-11.68440803687507,2.728319843584036,7.224201288197151,-1.6173979061138526,0.4452902963865205,-1.042136083121918,-0.6786804988935694
z_res24,rres,24,3,9852,-19.84020646907004,-16.144406829013157,2.706740384613404,6.796652150373998,-2.375346931374851,0.43168899715793746,-0.6786418457450507,-0.4522109943146845
z_res24,rres,24,4,9852,-11.388387801769248,-7.692588161712363,2.7430797227251373,6.584810306276284,-1.168232311017404,0.43047097036134796,-0.45220473390136207,-0.2665629867366266
z_res24,rres,24,5,9852,-10.300189573486653,-6.604389933429768,2.774080780871454,6.166239570657667,-1.0710563314563806,0.4302679658952497,-0.2665596320019948,-0.10201181884701271
z_res24,rres,24,6,9852,-1.5752761942984856,2.1205234457583986,2.8941482341298856,6.545355914598324,0.3239737416003498,0.434531059683313,-0.10200401867648656,0.0687607563505016
z_res24,rres,24,7,9852,7.8406780374761755,11.53647767753306,3.06699628483677,8.64960646143353,1.3337575216827933,0.4483353633779943,0.06878651768421512,0.2717471652765055
z_res24,rres,24,8,9852,6.107443588295303,9.803243228352187,2.983155955183408,7.060250444904816,1.3885121080126714,0.42976045473000407,0.2717910475461972,0.5542101737693477
z_res24,rres,24,9,9852,-4.686548831790082,-0.9907491917331979,3.009009708491805,7.599849608685197,-0.13036431544657912,0.41768168899715796,0.5542672500787437,1.0504519669124521
z_res24,rres,24,10,9852,23.37792837384571,27.073728013902592,4.066811119942157,13.849318728660194,1.9548779650709758,0.4419407226958993,1.0504645707285365,6.674028049541298
z_res24,rres,48,1,9852,-17.542833249111013,-9.576177635269485,4.287075465469908,22.433009029400395,-0.4268788740163692,0.4524969549330085,-6.032137189498689,-1.042283826892337
z_res24,rres,48,2,9852,-11.312792435901898,-3.3461368220603704,3.9270763868405854,13.677204381013526,-0.24465064123085148,0.4416362159967519,-1.042136083121918,-0.6786804988935694
z_res24,rres,48,3,9852,-15.802919732648451,-7.836264118806924,4.11244709993835,12.583189028666132,-0.62275660811857,0.44305724725943973,-0.6786418457450507,-0.4522109943146845
z_res24,rres,48,4,9852,-12.259827469335697,-4.29317185549417,4.192114094823715,12.823005325015405,-0.3348023140190821,0.4347340641494113,-0.45220473390136207,-0.2665629867366266
z_res24,rres,48,5,9852,-14.557087984372238,-6.590432370530711,4.069192427099174,12.741493377487316,-0.5172417530095186,0.43239951278928135,-0.2665596320019948,-0.10201181884701271
z_res24,rres,48,6,9852,-13.330121592269991,-5.363465978428464,4.128952485981869,12.474061937042084,-0.42996948431861626,0.42042224928948435,-0.10200401867648656,0.0687607563505016
z_res24,rres,48,7,9852,-9.067089583626393,-1.1004339697848655,4.151892175653084,14.015151126023554,-0.07851745299710414,0.43209500609013396,0.06878651768421512,0.2717471652765055
z_res24,rres,48,8,9852,-3.672984189193406,4.293671424648121,4.2876665231321285,12.827346325710755,0.33472795663449206,0.43016646366220057,0.2717910475461972,0.5542101737693477
z_res24,rres,48,9,9852,-15.083808949613033,-7.117153335771506,4.439546192078582,13.731382739975302,-0.5183129383650337,0.4224522939504669,0.5542672500787437,1.0504519669124521
z_res24,rres,48,10,9852,32.96290904765686,40.92956466149838,5.666185270905947,24.596756137127993,1.664022866808707,0.44326025172553796,1.0504645707285365,6.674028049541298
z_res24,rres,72,1,9852,-23.503303157852752,-10.606867274397198,5.269338290547831,31.422716241005364,-0.3375541182705163,0.43371904181892,-6.032137189498689,-1.042283826892337
z_res24,rres,72,2,9852,-18.385796757713944,-5.48936087425839,4.7861595982959955,17.562710565713495,-0.3125577258543964,0.42590336987413724,-1.042136083121918,-0.6786804988935694
z_res24,rres,72,3,9852,-20.74571012181195,-7.849274238356395,4.981125620288511,17.718271054422935,-0.4430045242138349,0.42681688997157935,-0.6786418457450507,-0.4522109943146845
z_res24,rres,72,4,9852,-8.23915929868512,4.657276584770434,5.014173751457609,17.631171296517664,0.26415015238892803,0.43189200162403574,-0.45220473390136207,-0.2665629867366266
z_res24,rres,72,5,9852,-16.20609415579261,-3.309658272337055,4.977524313698471,18.268407656130595,-0.18116840474743756,0.4282379212342671,-0.2665596320019948,-0.10201181884701271
z_res24,rres,72,6,9852,-17.934798623126422,-5.038362739670868,5.136845570261326,18.490370861462896,-0.27248575906996436,0.42752740560292324,-0.10200401867648656,0.0687607563505016
z_res24,rres,72,7,9852,-8.550657896595547,4.345777986860007,5.159831158153384,18.02752736754476,0.24106345247789107,0.4422452293950467,0.06878651768421512,0.2717471652765055
z_res24,rres,72,8,9852,-7.360526179637667,5.535909703817888,5.421051914284839,18.252094448711844,0.3033027096903166,0.4284409257003654,0.2717910475461972,0.5542101737693477
z_res24,rres,72,9,9852,-23.77085245630303,-10.874416572847474,5.559914328036194,20.012443965803353,-0.5433827368326098,0.4232643118148599,0.5542672500787437,1.0504519669124521
z_res24,rres,72,10,9852,15.732539812963514,28.62897569641907,6.964386281858815,33.467287860126135,0.855431602825768,0.4291514413317093,1.0504645707285365,6.674028049541298
z_ret24,r,4,1,9852,8.44690043872358,5.792631240326811,2.256848017740705,6.1854438650969765,0.936494028021705,0.561510353227771,-5.9459279121706965,-1.020672691834915
z_ret24,r,4,2,9852,3.5771031888879907,0.9228339904912217,1.6602605289783674,3.1578154959372573,0.29223809677243967,0.5516646366220057,-1.0206461049615234,-0.6186372512485714
z_ret24,r,4,3,9852,0.014453998449408591,-2.6398151999473605,1.5284654215572673,2.6455972718957605,-0.9978144549777764,0.5391798619569631,-0.6186316551378862,-0.35831080226019346
z_ret24,r,4,4,9852,0.9988375653648308,-1.655431633031938,1.4079480304559722,2.2478085685714535,-0.7364646866187596,0.5308566788469347,-0.35826729295956555,-0.15967393429808951
z_ret24,r,4,5,9852,2.608746911442897,-0.04552228695387184,1.3773776713197883,2.08149127052375,-0.02187003500736153,0.5093382054405197,-0.15967227349607613,0.014666478662130335
z_ret24,r,4,6,9852,2.3521573203169392,-0.30211187807982975,1.5297519684377907,2.248492779267604,-0.13436195164399678,0.4943158749492489,0.014668460900499905,0.185422949450948
z_ret24,r,4,7,9852,1.2371286764572966,-1.4171405219394724,1.4139992290171401,2.220398604123094,-0.6382369901097763,0.4771619975639464,0.18542848417402846,0.3865686649522205
z_ret24,r,4,8,9852,-0.43355928739613947,-3.0878284857929086,1.4765662717837718,2.367563560065727,-1.3042220018402317,0.4628501827040195,0.3865725187915597,0.6623825581622996
z_ret24,r,4,9,9852,1.1379938054272027,-1.5162753929695663,1.7643439508353853,3.051417996078253,-0.49690845204371065,0.46609825416159156,0.6624294151658786,1.127889798924822
z_ret24,r,4,10,9852,6.602929366293686,3.9486601678969167,2.2728112084693595,4.508163424421063,0.87589108826595,0.47919204222492895,1.1278981922526574,5.9949306582524695
z_ret24,r,24,1,9852,15.249820459438574,-0.9523172774162028,4.832136583078726,29.37117065888019,-0.032423538321863773,0.5614088509947219,-5.9459279121706965,-1.020672691834915
z_ret24,r,24,2,9852,14.292797965532088,-1.9093397713226885,4.102937860078131,15.586503647781774,-0.12249955567132083,0.5515631343889565,-1.0206461049615234,-0.6186372512485714
z_ret24,r,24,3,9852,13.391468714828248,-2.810669022026529,3.9017864704744425,12.094688336831789,-0.2323887101304824,0.5425294356475843,-0.6186316551378862,-0.35831080226019346
z_ret24,r,24,4,9852,18.150230730106838,1.948092993252061,3.9063795363607716,12.568032864730887,0.15500381119458304,0.5276086073893625,-0.35826729295956555,-0.15967393429808951
z_ret24,r,24,5,9852,16.081708028062636,-0.1204297087921411,3.6144012535618337,10.057661441356203,-0.011973927487451996,0.5147178237921234,-0.15967227349607613,0.014666478662130335
z_ret24,r,24,6,9852,15.319491059374865,-0.8826466774799115,3.671316049136006,10.091305587713183,-0.08746605380324533,0.5001015022330492,0.014668460900499905,0.185422949450948
z_ret24,r,24,7,9852,12.58821228366759,-3.6139254531871874,3.6534681712345343,10.630338444761176,-0.3399633484828694,0.48335363377994317,0.18542848417402846,0.3865686649522205
z_ret24,r,24,8,9852,14.512918616638993,-1.6892191202157836,3.8398479522086544,11.335156735383556,-0.14902476954224703,0.4658952496954933,0.3865725187915597,0.6623825581622996
z_ret24,r,24,9,9852,18.19176076234957,1.9896230254947938,4.081845903306323,12.755077885578714,0.15598674060189965,0.4650832318311003,0.6624294151658786,1.127889798924822
z_ret24,r,24,10,9852,24.24296874854836,8.040831011693584,5.119483932550395,21.258284628671746,0.37824458333052197,0.47330491270807956,1.1278981922526574,5.9949306582524695
z_ret24,r,48,1,9852,17.239386872870515,-14.750515062583471,5.852599421134451,38.98162816804601,-0.3783965872075798,0.5401948842874543,-5.9459279121706965,-1.020672691834915
z_ret24,r,48,2,9852,15.149947580031288,-16.839954355422698,5.362974903124485,23.843408958768613,-0.7062729320519272,0.5407023954526999,-1.0206461049615234,-0.6186372512485714
z_ret24,r,48,3,9852,21.290157090398736,-10.69974484505525,5.423847616825394,21.567882488405164,-0.4960962139332595,0.5396873731222087,-0.6186316551378862,-0.35831080226019346
z_ret24,r,48,4,9852,11.180260295264395,-20.80964164018959,5.482408273185156,20.933048839067908,-0.9941046715255353,0.5207064555420219,-0.35826729295956555,-0.15967393429808951
z_ret24,r,48,5,9852,23.663745715509688,-8.326156219944298,5.630350341325611,22.18511363118746,-0.37530374459022503,0.5030450669914738,-0.15967227349607613,0.014666478662130335
z_ret24,r,48,6,9852,21.34836828782955,-10.641533647624435,5.404471771182918,19.560170628382252,-0.5440409416563743,0.4853836784409257,0.014668460900499905,0.185422949450948
z_ret24,r,48,7,9852,24.240747088682507,-7.749154846771479,5.288139241564271,18.805395311759906,-0.41207082958397395,0.49035728786033295,0.18542848417402846,0.3865686649522205
z_ret24,r,48,8,9852,25.834722442908465,-6.155179492545521,5.572495623468273,20.61877669458257,-0.2985230202411935,0.4876167275680065,0.3865725187915597,0.6623825581622996
z_ret24,r,48,9,9852,54.30852721306643,22.31862527761244,5.865568488033077,22.0734645561245,1.0111065809748438,0.4938083637840032,0.6624294151658786,1.127889798924822
z_ret24,r,48,10,9852,105.64315676797828,73.6532548325243,7.077334644523927,36.32188024422812,2.0277930089874263,0.5192854242793341,1.1278981922526574,5.9949306582524695
z_ret24,r,72,1,9852,31.862920680130223,-15.090278576471768,6.88802689523952,45.091411286719854,-0.33465970893033675,0.5324807145757207,-5.9459279121706965,-1.020672691834915
z_ret24,r,72,2,9852,43.31083264525158,-3.642366611350411,6.676186771656311,33.61891187834015,-0.10834278707566082,0.5502436053593179,-1.0206461049615234,-0.6186372512485714
z_ret24,r,72,3,9852,41.96405329073729,-4.989145965864701,6.773442612315014,30.686795077398685,-0.16258282930103987,0.5245635403978888,-0.6186316551378862,-0.35831080226019346
z_ret24,r,72,4,9852,17.25978029922455,-29.693418957377443,6.7747115632045585,30.25889741097621,-0.9813119940915744,0.5061916362159967,-0.35826729295956555,-0.15967393429808951
z_ret24,r,72,5,9852,32.67206080901465,-14.281138447587338,6.780379353590373,29.757671800126452,-0.4799145088873066,0.5049736094194073,-0.15967227349607613,0.014666478662130335
z_ret24,r,72,6,9852,36.31284832218478,-10.640350934417214,6.795920553441233,29.39018846714846,-0.36203751964063463,0.5019285424279334,0.014668460900499905,0.185422949450948
z_ret24,r,72,7,9852,30.29431507526292,-16.658884181339072,6.836388499939073,30.300417363726787,-0.5497905847753023,0.49127080795777506,0.18542848417402846,0.3865686649522205
z_ret24,r,72,8,9852,35.720204637749376,-11.232994618852615,7.165589198468892,32.932418425773115,-0.3410923083031644,0.49228583028826634,0.3865725187915597,0.6623825581622996
z_ret24,r,72,9,9852,69.36566638067146,22.412467124069465,7.421727397063708,33.256463703214195,0.6739281519551139,0.5076126674786845,0.6624294151658786,1.127889798924822
z_ret24,r,72,10,9852,130.76931042579312,83.81611116919113,8.439546952157684,51.127508308890825,1.6393545068304438,0.5086276898091758,1.1278981922526574,5.9949306582524695
