activo,z,h,n,favor_bps,ep_agrupado_bps,t,beta_medio
BNB,z_res4,24,938,-12.016178835429818,45.64232182675034,-0.26326835170745627,0.9822407444912924
BNB,z_res24,24,1119,-30.812481813290663,86.38881828053886,-0.35667210672138466,0.9822407444912924
BNB,z_res4,48,938,-54.81705715008832,79.26005910606357,-0.6916100967920511,0.9822407444912924
BNB,z_res24,48,1119,-146.5719599740548,108.15726236518532,-1.3551744632659524,0.9822407444912924
DOGE,z_res4,24,868,-277.60547644324913,213.67305427027657,-1.2992067595575434,1.0969230772673035
DOGE,z_res24,24,796,-238.19400790313566,335.7943343899146,-0.7093449278585854,1.0969230772673035
DOGE,z_res4,48,868,-157.61813952140957,161.41849732955788,-0.9764564912260993,1.0969230772673035
DOGE,z_res24,48,796,-304.8379922358683,425.01801194370717,-0.717235466896503,1.0969230772673035
ETH,z_res4,24,1039,-19.33732822863804,28.568528815573966,-0.6768751850496554,1.128122346769072
ETH,z_res24,24,1162,-13.652914668062532,47.74692550431285,-0.2859433256457382,1.128122346769072
ETH,z_res4,48,1039,-50.17916645499882,41.80232305818301,-1.2003918151906632,1.128122346769072
ETH,z_res24,48,1162,-120.91086747064921,95.9898041967206,-1.25962198258948,1.128122346769072
SOL,z_res4,24,1027,-67.97530956394695,59.4577846103344,-1.1432533184583555,1.3255877009017758
SOL,z_res24,24,1027,-5.257969312962162,96.82650116333654,-0.05430299814399467,1.3255877009017758
SOL,z_res4,48,1027,-84.6609157337069,84.63135558829907,-1.000349281246913,1.3255877009017758
SOL,z_res24,48,1027,-89.38276254097002,145.29678626078245,-0.6151737064613633,1.3255877009017758
XRP,z_res4,24,944,-63.154988640865966,79.91421063959443,-0.7902848333907597,1.0550862403804857
XRP,z_res24,24,929,-135.62450763003372,125.11675590634344,-1.0839835691676332,1.0550862403804857
XRP,z_res4,48,944,-59.96334343767322,105.46121960604006,-0.5685819267183873,1.0550862403804857
XRP,z_res24,48,929,-71.5552345616806,166.74326329703518,-0.4291341859743542,1.0550862403804857
