h,z,stop_sigma,n_max,filtro,n,media,ep,PF,acerto,dd,R_pct,frac_stop,n_pos,n_compras,media_compras,media_vendas
4,2.0,1.0,96,0,1530,-0.08672351564293308,0.026751443407972135,0.8158074332547455,0.43594771241830066,166.44684792832115,3.9349992424424474,0.40522875816993464,0,664,-0.014704836200712204,-0.14194338071179524
4,2.0,1.0,192,0,1307,-0.11719118378494858,0.035369334952275844,0.7969858774314609,0.39020657995409336,184.21614510553115,3.9277679206162652,0.5294567712318287,0,543,0.0005134141594455142,-0.2008477239469983
4,2.0,1.0,288,0,1169,-0.08739685112945937,0.04296556825558434,0.8600212564848227,0.3609923011120616,132.49217371555017,3.9220349241237704,0.5859709153122327,1,475,0.08410447565785927,-0.20477888315248005
4,2.0,1.5,96,0,1354,-0.057270894634887264,0.02125891595560672,0.8271682391390746,0.4741506646971935,100.35646904413011,5.824408971891338,0.24002954209748892,1,603,-0.0040966634535405675,-0.09996604963136138
4,2.0,1.5,192,0,1112,-0.08820136563101719,0.02907973323385148,0.7960147111668074,0.46402877697841727,118.83065706581831,5.84237239900356,0.3660071942446043,0,475,-0.016426788709599096,-0.1417224394735189
4,2.0,1.5,288,0,985,-0.07530320101337795,0.035929821314320855,0.8461456546097971,0.433502538071066,106.51425336488882,5.808788995922886,0.44060913705583754,1,414,0.030843203964221376,-0.15226399201289834
4,2.0,1.0,96,1,1048,-0.08186595528137071,0.031048586657873228,0.8239403431567298,0.45229007633587787,113.45970892053606,4.189984146053987,0.40458015267175573,0,448,-0.02414650622299484,-0.12496314391162472
4,2.0,1.0,192,1,911,-0.09599865723825093,0.03982958466894626,0.8295906366016339,0.4061470911086718,127.88026654137195,4.1754939974803245,0.5159165751920965,0,382,-0.009956920137452991,-0.15813087571179496
4,2.0,1.0,288,1,824,-0.07057819038663816,0.04913348944549633,0.8854012205331824,0.3737864077669903,96.62725398313724,4.182941561492657,0.5813106796116505,1,340,0.04783688551673914,-0.15376233461628339
4,2.0,1.5,96,1,931,-0.05767250375839146,0.02467991219691887,0.8242278201683618,0.48764769065520946,69.85003825337067,6.226649034265174,0.24274973147153597,0,407,-0.005801162412610602,-0.09796188529986628
4,2.0,1.5,192,1,785,-0.07869407779384271,0.03246355069788321,0.8138498668081671,0.47388535031847134,82.70980666067997,6.222759817993612,0.36050955414012736,0,332,-0.015918482974273545,-0.12470179850045851
4,2.0,1.5,288,1,695,-0.04650916801818125,0.04172293648773568,0.9025272367140237,0.4489208633093525,63.999393988524055,6.208126310328623,0.4302158273381295,1,292,0.0453171821538868,-0.113043396926975
4,3.0,1.0,96,0,664,-0.08538150049363566,0.043351071781083154,0.8331102595919613,0.4292168674698795,88.6569641001426,4.003967819092175,0.4578313253012048,0,246,0.03696047630823435,-0.15738180263062132
4,3.0,1.0,192,0,626,-0.10637324262132085,0.05257253898830481,0.8198488588958767,0.38977635782747605,88.07790690618411,4.011967704202508,0.5527156549520766,0,231,0.08259518377624674,-0.2168838919829363
4,3.0,1.0,288,0,590,-0.11311420298895983,0.06351089384161622,0.8245247528868483,0.3440677966101695,85.26961402683848,3.991337517407587,0.6101694915254238,1,217,0.12650270005997005,-0.25251599377077694
4,3.0,1.5,96,0,599,-0.054933886395672406,0.034604425722053536,0.8519028900018075,0.48080133555926546,59.78731196333811,5.940668022287959,0.2921535893155259,1,226,0.01482597649941475,-0.09720125640717292
4,3.0,1.5,192,0,554,-0.07501556224224384,0.04321260395101001,0.83486740058796,0.4620938628158845,59.826671085273645,5.923892259864988,0.3971119133574007,1,208,0.043917531158783246,-0.14651291318852602
4,3.0,1.5,288,0,516,-0.07741783585065604,0.052861552737501184,0.8491602100877501,0.42248062015503873,55.26791218070282,5.89769002259867,0.4728682170542636,1,191,0.05667897679022679,-0.15622550112575953
4,3.0,1.0,96,1,447,-0.048799546547124394,0.054091720888072826,0.9023174104377863,0.43847874720357943,46.65016952257618,4.213816993828921,0.4429530201342282,1,162,0.07399585007170713,-0.11859903515151282
4,3.0,1.0,192,1,428,-0.04405323042646756,0.06522830283023116,0.9230500868715235,0.4135514018691589,42.99961561857197,4.23743206024954,0.5373831775700935,1,155,0.10283308591704816,-0.12745022322223656
4,3.0,1.0,288,1,401,-0.03423322804716708,0.07657241578197592,0.9446303305528798,0.3690773067331671,42.07284615862839,4.214417597983925,0.5860349127182045,2,146,0.13436140786311113,-0.1307619215487381
4,3.0,1.5,96,1,406,-0.025681211962344706,0.04361842497723628,0.9293836297638707,0.4876847290640394,32.10518546731562,6.291804519012902,0.2832512315270936,1,148,0.07721850938924417,-0.0847089590942639
4,3.0,1.5,192,1,384,-0.025433112927903276,0.053829231104887874,0.9428919513963342,0.4817708333333333,26.550121692056035,6.290367259256547,0.390625,2,142,0.09907909184548723,-0.09849399341476879
4,3.0,1.5,288,1,358,-0.030564610944098163,0.06297348810302482,0.9381434658281029,0.43575418994413406,29.399680554551438,6.254243554762436,0.4553072625698324,2,132,0.07464236876450614,-0.09201293537567236
24,2.0,1.0,96,0,748,-0.10491539613801,0.039985933497709014,0.7988329651676808,0.4157754010695187,110.31481625155443,4.0130298782123255,0.4585561497326203,0,313,-0.007386648887811288,-0.1750912533548197
24,2.0,1.0,192,0,677,-0.1526843605834254,0.04978365689670408,0.7552335021909716,0.3604135893648449,128.74172432452147,4.046178037800064,0.5775480059084195,0,268,-0.01821013250357699,-0.24079950269931624
24,2.0,1.0,288,0,644,-0.15941350819097994,0.05395751509745831,0.7600852606129074,0.3385093167701863,139.32377170530177,4.03324955497841,0.6335403726708074,1,248,-0.0006909820609888389,-0.25881549425218653
24,2.0,1.5,96,0,633,-0.07476334096608545,0.03190327400651327,0.7976311743931619,0.4676145339652449,73.1048455972171,5.9357720715367615,0.2812006319115324,0,277,-0.01715646367404066,-0.11958666964556974
24,2.0,1.5,192,0,564,-0.12220835705845919,0.04128144788828233,0.7434244790960767,0.43439716312056736,90.67101126280782,5.974094451028444,0.41134751773049644,1,233,-0.04339075145284842,-0.17769023653310365
24,2.0,1.5,288,0,534,-0.14539986335699173,0.046172710920654704,0.7293450896441677,0.4157303370786517,98.01002907268145,5.9620073423036555,0.49625468164794007,1,214,-0.06205243629542224,-0.20113845520441634
24,2.0,1.0,96,1,519,-0.06118853536075801,0.05022560383544737,0.8814767821750634,0.4296724470134875,56.05517802611533,4.201740102548265,0.45664739884393063,1,208,0.06487668063684847,-0.14550224895401248
24,2.0,1.0,192,1,479,-0.10299906227768453,0.060658615705078474,0.8313201555699256,0.3757828810020877,65.70461879612463,4.25866429630286,0.5636743215031316,1,186,0.042047328272791236,-0.19507629313907868
24,2.0,1.0,288,1,460,-0.1041198350270894,0.06498577354565441,0.8380993123820734,0.36086956521739133,81.56082601349115,4.256301921765817,0.6130434782608696,1,176,0.05279510931164055,-0.20136289912433047
24,2.0,1.5,96,1,443,-0.046359306959739166,0.03958037654701072,0.8735384451608368,0.4762979683972912,41.223164891763055,6.279081237569521,0.27313769751693,2,186,0.025434582117456597,-0.09831908660315708
24,2.0,1.5,192,1,407,-0.08993683271305422,0.048990624519046795,0.8056008668124726,0.44471744471744473,48.06550395432033,6.345732255308609,0.4004914004914005,1,165,-0.00548047285767591,-0.14752071443263032
24,2.0,1.5,288,1,390,-0.11654360604120502,0.054021747946655596,0.7752612413908094,0.4282051282051282,63.05652947225903,6.3489704111748,0.47692307692307695,1,155,-0.03517391528010384,-0.17021297654320794
24,3.0,1.0,96,0,206,0.063526963080267,0.08683736560572197,1.1275784615194395,0.46116504854368934,19.72538400556361,4.4597671395832785,0.4563106796116505,4,68,0.3621884155353352,-0.08363954972367965
24,3.0,1.0,192,0,203,-0.04601669988356883,0.09610201891507689,0.9242448652124761,0.3891625615763547,32.78886546978571,4.467166363817703,0.5714285714285714,2,66,0.2521688660719938,-0.1896681404169056
24,3.0,1.0,288,0,201,-0.0576744807833357,0.09951656128311354,0.9083302797815592,0.3781094527363184,37.136377754559824,4.469827466326086,0.6019900497512438,2,66,0.2368685093171214,-0.2016732759435592
24,3.0,1.5,96,0,176,0.06817374025216115,0.06936999347863071,1.195034744180392,0.5,12.515982296057519,6.636611536473473,0.2727272727272727,4,62,0.28523960769874573,-0.04987962625387607
24,3.0,1.5,192,0,172,-0.04117469293126274,0.07832292983189655,0.9091806151253357,0.47093023255813954,22.15700852017799,6.639887683584493,0.4069767441860465,2,60,0.18515159028895659,-0.16242091608495166
24,3.0,1.5,288,0,170,-0.06323455257195336,0.0833796046930463,0.8733083739210351,0.45294117647058824,27.503853313126662,6.643891205243278,0.4647058823529412,1,60,0.1676645256672554,-0.18917950433879452
24,3.0,1.0,96,1,141,0.05418872300270935,0.10436460674145372,1.1096221471441443,0.475177304964539,13.885175697636639,4.685977445146657,0.45390070921985815,3,45,0.34619723816389325,-0.08269026847909561
24,3.0,1.0,192,1,141,-0.08268320671758843,0.11017506460879295,0.864947911905662,0.3900709219858156,27.422892146373705,4.685977445146657,0.574468085106383,2,45,0.1257575533548831,-0.1803898130015594
24,3.0,1.0,288,1,141,-0.10594523170250177,0.10658300937603671,0.8279692223225642,0.3829787234042553,32.02548695614641,4.685977445146657,0.5886524822695035,1,45,0.02905288942221731,-0.16922560097971376
24,3.0,1.5,96,1,121,0.07737849708437343,0.08250130733122486,1.2329504310765025,0.5289256198347108,7.303977001210994,7.072255882602711,0.2644628099173554,3,40,0.27919985015279364,-0.02228636862842672
24,3.0,1.5,192,1,120,-0.049338492499815936,0.08965488343907049,0.8887494441312972,0.49166666666666664,15.811406565618393,7.063132510840601,0.4,3,40,0.11142166531367495,-0.12971857140656137
24,3.0,1.5,288,1,120,-0.075281620232096,0.08944574149912847,0.83974872049583,0.4666666666666667,20.092150618580657,7.063132510840601,0.44166666666666665,1,40,0.055033157743921104,-0.14043900922010455
